# This file uses centimeters as units for non-parametric coordinates.

mtllib new_bj_pump.mtl
g default
v -1.118258 6.991522 1.042110
v -1.210886 6.797185 0.876337
v -1.118463 0.891849 1.042110
v -1.028883 7.043968 1.101606
v -1.029100 0.891864 1.101606
v -0.936127 7.035447 1.129456
v 1.463659 6.797185 0.876337
v 1.370626 0.892272 1.042110
v 1.467242 0.892288 0.876337
v 1.371031 6.991522 1.042110
v 1.281255 0.892257 1.101606
v 1.188503 0.892241 0.000000
v 1.188901 7.035447 0.000000
v 1.281657 7.043968 0.027849
v 1.281255 0.892257 0.027849
v -0.487343 4.898192 1.129456
v -0.442352 4.857491 1.129456
v -0.442352 4.857491 0.611663
v -0.487343 4.898192 0.611663
v -0.507404 4.959176 1.129456
v -0.507404 4.959176 0.611663
v -1.210886 6.797185 0.253119
v -1.210801 6.922315 0.253119
v -1.118258 6.991522 0.087346
v -0.331083 4.782506 1.129456
v -0.331083 4.799666 0.611663
v -1.118258 7.120784 0.087346
v -1.210792 6.935215 0.253119
v -1.118258 7.134109 0.087346
v 1.371031 6.991522 0.087346
v 0.605040 4.799666 0.611663
v 0.692383 4.859354 0.611663
v 1.463659 6.797185 0.253119
v 1.370626 0.892272 0.087346
v 0.726880 4.900802 0.611663
v 0.740233 4.962099 0.611663
v -1.210801 6.922315 0.876337
v -1.118258 7.120784 1.042110
v -1.210792 6.935215 0.876337
v 0.605040 4.782506 1.129456
v -1.118258 7.134109 1.042110
v 1.467242 0.892288 0.253119
v -1.028883 7.043968 0.027849
v -1.028883 7.174338 0.027849
v 1.281657 7.043968 1.101606
v -0.936127 7.035447 0.000000
v -0.936127 7.165627 0.000000
v -1.028883 7.187779 0.027849
v -0.507348 6.608416 1.129456
v -0.507348 6.608416 0.611663
v -0.936127 7.179048 0.000000
v 1.188901 7.035447 1.129456
v 1.188503 0.892241 1.129456
v 0.692383 4.859354 1.129456
v 0.726880 4.900802 1.129456
v 0.740289 6.605494 0.611663
v 0.748320 4.962099 1.129456
v -1.028883 7.187779 1.101606
v -0.936127 7.179048 1.129456
v 1.463574 6.922315 0.253119
v 1.371031 7.120784 0.087346
v 1.463565 6.935215 0.253119
v 1.371031 7.134109 0.087346
v -0.865709 7.268960 1.129456
v -0.865709 7.268960 0.000000
v -0.487308 6.677209 1.129456
v -0.487308 6.677209 0.611663
v -1.028883 7.174338 1.101606
v -0.621723 7.342107 1.056090
v -0.621723 7.342107 0.048499
v -0.442332 6.723161 1.129456
v -0.442332 6.723161 0.611663
v 1.463574 6.922315 0.876337
v 1.188901 7.165627 0.000000
v -0.936127 7.165627 1.129456
v 1.463565 6.935215 0.876337
v 1.371031 7.120784 1.042110
v -0.331083 6.788501 1.129456
v -0.331083 6.788501 0.611663
v 1.371031 7.134109 1.042110
v 1.188901 7.179048 0.000000
v -0.505141 7.378410 0.980575
v -0.505141 7.378410 0.148881
v 1.118482 7.268960 0.000000
v 0.726914 6.674600 0.611663
v 0.748376 6.605494 1.129456
v 0.874496 7.342107 0.048499
v 0.692403 6.721297 0.611663
v 0.605040 6.788501 0.611663
v 0.757915 7.378410 0.148881
v -0.208687 7.425082 0.789174
v -0.208687 7.425082 0.340282
v 0.461461 7.425082 0.340282
v 0.605040 6.788501 1.129456
v 0.461461 7.425082 0.789174
v 0.726914 6.674600 1.129456
v 0.692403 6.721297 1.129456
v 1.281657 7.174338 0.027849
v 1.188901 7.165627 1.129456
v 0.757915 7.378410 0.980575
v 1.281657 7.187779 0.027849
v 1.188901 7.179048 1.129456
v 1.118482 7.268960 1.129456
v 0.874496 7.342107 1.056090
v 1.281657 7.187779 1.101606
v 1.281657 7.174338 1.101606
v -0.936355 0.891880 1.129456
v -1.029100 0.891864 0.027849
v -1.118463 0.891849 0.087346
v -0.936355 0.891880 0.000000
v -1.215071 0.891833 0.876337
v -1.215071 0.891833 0.253119
v -1.215071 5.949092 0.349777
v -1.215071 5.949092 0.565035
v -1.210886 6.749759 0.565035
v -1.210886 6.749759 0.349777
v -1.191538 5.951830 0.349777
v -1.191538 5.951830 0.565035
v -1.097960 6.747021 0.565035
v -1.097960 6.747021 0.349777
v 0.902672 7.179048 1.129456
v 0.902672 7.165627 1.129456
v 1.281255 0.896219 1.101606
v -1.028894 6.784378 1.101606
v -1.118268 6.734457 1.042110
v -1.211087 6.549475 0.876337
v -1.211087 6.747808 0.565035
v -1.102465 6.745334 0.565035
v -1.102465 6.745334 0.349777
v -1.211087 6.747808 0.349777
v -1.211087 6.549475 0.253119
v -1.118268 6.734457 0.087346
v -1.028894 6.784378 0.027849
v -0.936138 6.776268 0.000000
v 1.188882 6.776285 0.000000
v 1.281638 6.784397 0.027849
v 1.371012 6.734477 0.087346
v 1.463832 6.549497 0.253119
v 1.463832 6.549497 0.876337
v 1.371012 6.734477 1.042110
v 1.281638 6.784588 1.101606
v 1.188882 6.776285 1.129456
v -0.936138 6.776268 1.129456
v -1.028962 4.803288 0.027849
v -0.936210 4.797875 0.000000
v 1.188756 4.798007 0.000000
v 1.281511 4.803430 0.027849
v 1.370884 4.770092 0.087346
v 1.464964 4.646541 0.253119
v 1.464964 4.646541 0.876337
v 1.370884 4.770092 1.042110
v 1.281511 4.804873 1.101606
v 1.188756 4.798007 1.129456
v -0.936210 4.797875 1.129456
v -1.028962 4.803288 1.101606
v -1.118333 4.769938 1.042110
v -1.212410 4.646375 0.876337
v -1.212410 6.458145 0.565035
v -1.132042 6.457401 0.565035
v -1.132042 6.457401 0.349777
v -1.212410 6.458145 0.349777
v -1.212410 4.646375 0.253119
v -1.118333 4.769938 0.087346
v -0.509194 6.776271 1.129456
v -0.509277 4.797902 1.129456
v -0.509444 0.891953 1.129456
v -0.509444 0.891953 0.000000
v -0.509277 4.797902 0.000000
v -0.509194 6.776271 0.000000
v -0.509182 7.035447 0.000000
v -0.509182 7.165627 0.000000
v -0.509182 7.179048 0.000000
v -0.467059 7.268960 0.000000
v -0.321113 7.342107 0.048499
v -0.251377 7.378410 0.148881
v -0.074046 7.425082 0.340282
v -0.074046 7.425082 0.789174
v -0.251377 7.378410 0.980575
v -0.321113 7.342107 1.056090
v -0.467059 7.268960 1.129456
v 0.743256 6.776282 1.129456
v 0.743141 4.797979 1.129456
v 0.742911 0.892165 1.129456
v 0.742911 0.892165 0.000000
v 0.743141 4.797979 0.000000
v 0.743256 6.776282 0.000000
v 0.743273 7.035447 0.000000
v 0.743273 7.165627 0.000000
v 0.743273 7.179048 0.000000
v 0.702389 7.268960 0.000000
v 0.560733 7.342108 0.048499
v 0.493046 7.378410 0.148881
v 0.320928 7.425082 0.340282
v 0.320928 7.425082 0.789174
v 0.493046 7.378410 0.980575
v 0.560733 7.342108 1.056090
v 0.702389 7.268960 1.129456
v -0.475896 7.165627 1.129456
v -0.474748 7.179048 1.129456
v 0.710960 7.165627 1.129456
v 0.709847 7.179048 1.129456
vt 0.938133 0.388748
vt 0.936133 0.395408
vt 0.859040 0.395408
vt 0.857041 0.388748
vt 0.931862 0.401825
vt 0.863312 0.401825
vt 0.857041 0.383692
vt 0.938133 0.383692
vt 0.862308 0.366175
vt 0.934651 0.366175
vt 0.857041 0.241232
vt 0.862308 0.258750
vt 0.867730 0.357804
vt 0.927444 0.357804
vt 0.934651 0.258750
vt 0.938133 0.241232
vt 0.867730 0.267120
vt 0.881472 0.336520
vt 0.913701 0.336520
vt 0.927444 0.267120
vt 0.857041 0.236176
vt 0.938133 0.236176
vt 0.881472 0.288405
vt 0.913701 0.288405
vt 0.859040 0.229517
vt 0.936133 0.229517
vt 0.863312 0.223100
vt 0.931862 0.223100
vt 0.929281 0.035104
vt 0.860731 0.035104
vt 0.872633 0.028167
vt 0.917379 0.028167
vt 0.933553 0.041520
vt 0.856459 0.041520
vt 0.935552 0.048180
vt 0.854460 0.048180
vt 0.359180 0.028546
vt 0.854460 0.200740
vt 0.933553 0.207399
vt 0.856459 0.207399
vt 0.929281 0.213815
vt 0.860731 0.213815
vt 0.917379 0.220751
vt 0.872633 0.220751
vt 0.636459 0.564792
vt 0.636459 0.548403
vt 0.638251 0.548403
vt 0.638251 0.564792
vt 0.632630 0.548403
vt 0.632630 0.564792
vt 0.624032 0.564792
vt 0.624032 0.548403
vt 0.764413 0.028168
vt 0.764413 0.466110
vt 0.752511 0.452157
vt 0.752511 0.028167
vt 0.768685 0.028169
vt 0.768685 0.469876
vt 0.752511 0.461141
vt 0.764413 0.475391
vt 0.730160 0.448752
vt 0.730160 0.391266
vt 0.768685 0.479236
vt 0.707765 0.452157
vt 0.707765 0.461141
vt 0.752511 0.462068
vt 0.764413 0.476348
vt 0.714705 0.448752
vt 0.707765 0.028167
vt 0.714705 0.391266
vt 0.768685 0.480201
vt 0.707765 0.462068
vt 0.695863 0.466110
vt 0.695863 0.475391
vt 0.695863 0.476348
vt 0.695863 0.028168
vt 0.691592 0.469876
vt 0.691592 0.479236
vt 0.691592 0.480201
vt 0.691592 0.028169
vt 0.777297 0.028168
vt 0.789200 0.028169
vt 0.789200 0.452127
vt 0.777297 0.466080
vt 0.833945 0.028169
vt 0.833945 0.452127
vt 0.789200 0.461111
vt 0.777297 0.475361
vt 0.773026 0.028167
vt 0.773026 0.469845
vt 0.845847 0.028168
vt 0.845847 0.466080
vt 0.833945 0.461111
vt 0.789200 0.462037
vt 0.777297 0.476317
vt 0.773026 0.479206
vt 0.850119 0.028167
vt 0.850119 0.469845
vt 0.845847 0.475361
vt 0.833945 0.462037
vt 0.845847 0.476317
vt 0.773026 0.480171
vt 0.850119 0.479206
vt 0.850119 0.480171
vt 0.642079 0.548403
vt 0.658468 0.548403
vt 0.658468 0.608946
vt 0.642079 0.608946
vt 0.358630 0.469301
vt 0.351992 0.469874
vt 0.351977 0.028167
vt 0.358637 0.478647
vt 0.351992 0.479234
vt 0.511202 0.469181
vt 0.510827 0.028114
vt 0.358652 0.479572
vt 0.351992 0.480199
vt 0.511209 0.478527
vt 0.517855 0.028195
vt 0.517884 0.469874
vt 0.511224 0.479572
vt 0.517884 0.479234
vt 0.363708 0.486027
vt 0.506168 0.486027
vt 0.517884 0.480199
vt 0.528530 0.028194
vt 0.528501 0.469262
vt 0.521842 0.469874
vt 0.521870 0.028195
vt 0.681090 0.028168
vt 0.681073 0.469262
vt 0.528501 0.478608
vt 0.521842 0.479234
vt 0.687748 0.028167
vt 0.687733 0.469874
vt 0.681073 0.478608
vt 0.528501 0.479572
vt 0.521842 0.480199
vt 0.687733 0.479234
vt 0.681073 0.479572
vt 0.687733 0.480199
vt 0.676017 0.486027
vt 0.533557 0.486027
vt 0.683958 0.548403
vt 0.683640 0.609363
vt 0.675042 0.609155
vt 0.682167 0.548612
vt 0.662616 0.609363
vt 0.662297 0.548403
vt 0.664089 0.548612
vt 0.671213 0.609155
vt 0.490674 0.479572
vt 0.490659 0.478544
vt 0.773026 0.028452
vt 0.517855 0.028480
vt 0.935552 0.200740
vt 0.768685 0.448610
vt 0.351992 0.448608
vt 0.764413 0.445026
vt 0.752511 0.431745
vt 0.730160 0.445985
vt 0.683655 0.606428
vt 0.675385 0.606240
vt 0.658468 0.606031
vt 0.642079 0.606031
vt 0.670870 0.606240
vt 0.662600 0.606428
vt 0.714705 0.445985
vt 0.707765 0.431745
vt 0.695863 0.445026
vt 0.687734 0.448608
vt 0.691592 0.448610
vt 0.681074 0.448026
vt 0.528503 0.448027
vt 0.521843 0.448609
vt 0.850119 0.448581
vt 0.845847 0.444997
vt 0.833945 0.431716
vt 0.789200 0.431716
vt 0.777297 0.444997
vt 0.773026 0.448595
vt 0.517882 0.448623
vt 0.511184 0.447946
vt 0.358657 0.448081
vt 0.687739 0.308998
vt 0.691592 0.309000
vt 0.681079 0.308609
vt 0.528512 0.308619
vt 0.521852 0.309008
vt 0.850119 0.308980
vt 0.845847 0.306586
vt 0.833945 0.297716
vt 0.789200 0.297716
vt 0.777297 0.306586
vt 0.773026 0.309084
vt 0.517873 0.309112
vt 0.511066 0.308538
vt 0.358830 0.308772
vt 0.768685 0.309000
vt 0.351987 0.308998
vt 0.764413 0.306606
vt 0.752511 0.297734
vt 0.730160 0.427815
vt 0.683756 0.587161
vt 0.677637 0.587104
vt 0.658468 0.586895
vt 0.642079 0.586895
vt 0.668619 0.587104
vt 0.662500 0.587161
vt 0.714705 0.427815
vt 0.707765 0.297734
vt 0.695863 0.306606
vt 0.389301 0.448054
vt 0.389416 0.308725
vt 0.389648 0.028459
vt 0.935552 0.170088
vt 0.650438 0.028173
vt 0.854460 0.170088
vt 0.650426 0.308611
vt 0.650420 0.448026
vt 0.650420 0.469262
vt 0.650420 0.478608
vt 0.650420 0.479572
vt 0.647395 0.486027
vt 0.938133 0.355070
vt 0.934651 0.344592
vt 0.927444 0.339585
vt 0.913702 0.326853
vt 0.881472 0.326853
vt 0.867730 0.339585
vt 0.862308 0.344592
vt 0.392330 0.486027
vt 0.857041 0.355070
vt 0.479198 0.447975
vt 0.479141 0.308587
vt 0.479026 0.028204
vt 0.935552 0.080172
vt 0.560522 0.028189
vt 0.854460 0.080172
vt 0.560506 0.308617
vt 0.560498 0.448027
vt 0.560496 0.469262
vt 0.560496 0.478608
vt 0.560496 0.479572
vt 0.563432 0.486027
vt 0.938133 0.271107
vt 0.934651 0.281277
vt 0.927444 0.286137
vt 0.913702 0.298495
vt 0.881472 0.298495
vt 0.867730 0.286137
vt 0.862308 0.281277
vt 0.476294 0.486027
vt 0.857041 0.271107
vt 0.391681 0.478621
vt 0.391778 0.479572
vt 0.476894 0.478554
vt 0.476829 0.479572
vn -0.771943 0.000214 0.635692
vn -0.760035 0.000199 0.649882
vn -0.867734 0.000316 0.497029
vn -0.866906 0.000317 0.498472
vn -0.432228 0.000015 0.901764
vn -0.428638 0.000015 0.903476
vn -0.287578 0.000010 0.957757
vn -0.287582 0.000010 0.957756
vn 0.773535 0.000137 0.633753
vn 0.866879 0.000229 0.498518
vn 0.867705 0.000229 0.497079
vn 0.759849 0.000123 0.650099
vn 0.432005 -0.000028 0.901871
vn 0.428653 -0.000028 0.903469
vn 0.287569 -0.000019 -0.957760
vn 0.287568 -0.000019 -0.957760
vn 0.428625 -0.000028 -0.903482
vn 0.432171 -0.000028 -0.901792
vn 0.842371 0.538898 0.000000
vn 0.565345 0.824797 0.009732
vn 0.565345 0.824797 0.009732
vn 0.842371 0.538898 0.000000
vn 0.999932 0.011697 0.000000
vn 0.999932 0.011697 0.000000
vn -0.756027 0.000195 -0.654541
vn -0.872968 0.000355 -0.487778
vn -0.873212 0.000292 -0.487342
vn -0.717145 0.000135 -0.696924
vn 0.062577 0.997549 0.031322
vn 0.063789 0.997473 0.031285
vn -0.873324 0.000293 -0.487140
vn -0.698443 0.000119 -0.715666
vn 0.760004 0.000123 -0.649919
vn 0.771885 0.000136 -0.635762
vn -0.000000 0.000000 1.000000
vn -0.000000 0.000000 1.000000
vn 0.000000 0.000000 1.000000
vn 0.000000 0.000000 1.000000
vn 0.867705 0.000229 -0.497079
vn 0.866879 0.000229 -0.498518
vn -0.000000 0.000000 1.000000
vn -0.000000 0.000000 1.000000
vn 0.000000 0.000000 1.000000
vn 0.000000 0.000000 1.000000
vn -0.988246 0.000578 0.152874
vn -0.965177 0.000528 0.261597
vn -0.756027 0.000195 0.654541
vn -0.717145 0.000135 0.696924
vn -0.987116 0.000574 0.160006
vn -0.698443 0.000119 0.715666
vn 0.000000 0.999451 0.033122
vn 0.000000 0.999451 0.033122
vn 1.000000 0.000607 0.000000
vn 1.000000 0.000603 0.000000
vn 1.000000 0.000603 0.000000
vn 1.000000 0.000607 0.000000
vn -0.426653 0.000010 -0.904415
vn -0.416953 0.000000 -0.908928
vn -0.054352 0.000002 -0.998522
vn -0.055562 0.000000 -0.998455
vn -0.412609 0.000000 -0.910908
vn 0.999932 -0.011696 0.000000
vn 0.999932 -0.011696 0.000000
vn -0.056026 0.000000 -0.998429
vn -1.000000 0.000680 0.000000
vn -1.000000 0.000680 0.000000
vn -1.000000 0.000682 0.000000
vn 0.287566 -0.000019 0.957761
vn 0.287567 -0.000019 0.957760
vn -0.615767 0.787820 0.013054
vn -0.669141 0.743083 0.008826
vn -0.669141 0.743083 0.008826
vn -0.615767 0.787820 0.013054
vn -0.709634 0.704571 0.000000
vn -0.906677 0.421826 0.000000
vn -0.906677 0.421826 0.000000
vn -0.709634 0.704571 0.000000
vn -0.892600 0.450830 0.004158
vn -0.892600 0.450830 0.004158
vn 0.000000 0.000000 1.000000
vn 0.000000 0.000000 1.000000
vn -0.999830 0.010204 0.015335
vn -0.999830 0.010257 0.015333
vn -0.136587 0.990628 0.000000
vn -0.136587 0.990628 0.000000
vn 0.093718 0.995599 0.000000
vn 0.093718 0.995599 0.000000
vn 0.873211 0.000293 -0.487342
vn 0.872926 0.000269 -0.487852
vn 0.756011 0.000150 -0.654559
vn 0.717143 0.000135 -0.696926
vn 0.698437 0.000116 -0.715671
vn 0.873314 0.000287 -0.487158
vn -0.787282 0.616593 0.000000
vn -0.491509 0.870872 0.000000
vn -0.482774 0.875745 0.000000
vn -0.787282 0.616593 0.000000
vn 0.870040 -0.492982 0.000000
vn 0.870040 -0.492982 0.000000
vn -0.416953 0.000000 0.908928
vn -0.426653 0.000010 0.904415
vn -0.289049 0.957314 0.000000
vn -0.288915 0.957355 0.000000
vn 0.580209 -0.814468 0.000000
vn 0.580209 -0.814468 0.000000
vn -0.412609 0.000000 0.910908
vn 0.756033 0.000150 0.654533
vn 0.872926 0.000269 0.487852
vn 0.873211 0.000293 0.487342
vn 0.717144 0.000135 0.696925
vn 0.000000 0.000000 -1.000000
vn 0.000000 0.000000 -1.000000
vn 0.000000 0.000000 -1.000000
vn 0.000000 0.000000 -1.000000
vn -0.203656 0.000000 0.979042
vn -0.287562 0.000008 0.957762
vn 0.873314 0.000287 0.487157
vn 0.698439 0.000116 0.715670
vn 0.506444 -0.862273 0.000000
vn 0.506444 -0.862273 0.000000
vn 0.000000 0.000000 -1.000000
vn 0.000000 0.000000 -1.000000
vn -0.052644 0.000000 0.998613
vn -0.200268 0.977850 0.060847
vn -0.197903 0.978658 -0.055338
vn 0.000000 0.000000 -1.000000
vn 0.000000 0.193279 -0.981144
vn 0.000000 0.063658 -0.997972
vn 0.000000 0.000000 -1.000000
vn -0.000000 0.000000 1.000000
vn -0.000000 0.000000 1.000000
vn -0.999832 -0.010108 0.015301
vn -0.999831 -0.010155 0.015299
vn 0.000000 0.734636 -0.678462
vn 0.000000 0.652736 -0.757586
vn -0.000000 0.000000 1.000000
vn -0.000000 0.000000 1.000000
vn 0.000000 0.000000 1.000000
vn 0.000000 0.000000 1.000000
vn -0.000000 0.956214 -0.292669
vn 0.196476 0.978830 -0.057343
vn -0.106564 0.993556 0.038616
vn -0.106564 0.993556 -0.038616
vn 0.000000 0.994595 -0.103828
vn 0.105110 0.993666 -0.039756
vn 0.000000 -1.000000 0.000000
vn 0.000000 -1.000000 0.000000
vn 0.000000 -1.000000 0.000000
vn 0.000000 -1.000000 0.000000
vn 0.000000 0.994595 0.103828
vn 0.105110 0.993666 0.039756
vn -0.912450 -0.409166 0.004252
vn -0.912450 -0.409166 0.004252
vn -0.682805 -0.730601 0.000000
vn -0.609719 -0.792618 0.000000
vn -0.609719 -0.792618 0.000000
vn -0.682805 -0.730601 0.000000
vn 0.426654 -0.000018 -0.904415
vn 0.287563 -0.000015 -0.957762
vn 0.287562 0.000000 -0.957762
vn 0.416953 0.000000 -0.908928
vn -0.000000 0.942716 0.333596
vn 0.198976 0.977971 0.063099
vn 0.287560 0.000000 -0.957763
vn 0.412609 0.000000 -0.910908
vn 0.000000 0.000000 1.000000
vn 0.000000 0.000000 1.000000
vn 0.000000 0.000000 1.000000
vn 0.000000 0.000000 1.000000
vn 0.000000 0.105927 0.994374
vn 0.000000 0.000000 1.000000
vn 0.000000 0.000000 1.000000
vn -0.000000 0.307937 0.951407
vn -0.000000 0.771821 0.635839
vn 0.000001 0.737324 0.675539
vn 0.000000 0.312068 0.950060
vn 0.000000 0.106190 0.994346
vn 0.289049 0.957314 0.000000
vn 0.288915 0.957355 0.000000
vn 1.000000 0.000691 0.000000
vn 1.000000 0.000691 0.000000
vn 1.000000 0.000679 0.000000
vn 1.000000 0.000679 0.000000
vn 0.491509 0.870872 0.000000
vn 0.482774 0.875745 0.000000
vn 0.787282 0.616593 0.000000
vn 0.787282 0.616593 0.000000
vn 1.000000 0.000671 0.000000
vn 1.000000 0.000671 0.000000
vn -0.093718 0.995599 0.000000
vn -0.093718 0.995599 0.000000
vn 0.136587 0.990628 0.000000
vn 0.136587 0.990628 0.000000
vn 0.709633 0.704571 0.000000
vn 0.709633 0.704571 0.000000
vn 0.906677 0.421826 0.000000
vn 0.906677 0.421826 0.000000
vn 0.287562 0.000000 0.957762
vn 0.287562 -0.000015 0.957762
vn 0.426657 -0.000018 0.904413
vn 0.416953 0.000000 0.908928
vn 0.287561 0.000000 0.957763
vn 0.412610 0.000000 0.910908
vn -0.432228 0.000015 -0.901764
vn -0.428638 0.000015 -0.903476
vn -0.054052 0.000002 -0.998538
vn -0.053556 0.000002 -0.998565
vn -0.760035 0.000199 -0.649882
vn -0.771943 0.000214 -0.635692
vn -0.867734 0.000316 -0.497029
vn -0.866906 0.000317 -0.498472
vn 0.000000 0.000000 -1.000000
vn 0.000000 0.000000 -1.000000
vn 0.000000 0.000000 -1.000000
vn 0.000000 0.000000 -1.000000
vn -0.993147 0.116873 0.000000
vn -0.993147 0.116873 0.000000
vn -0.993759 0.111552 0.000000
vn -0.993759 0.111552 0.000000
vn 0.000168 -1.000000 0.000000
vn 0.000168 -1.000000 0.000000
vn 0.000170 -1.000000 0.000000
vn 0.000170 -1.000000 0.000000
vn 0.000171 -1.000000 0.000000
vn 0.000171 -1.000000 0.000000
vn 0.000172 -1.000000 0.000000
vn 0.000172 -1.000000 0.000000
vn 0.000170 -1.000000 0.000000
vn 0.000170 -1.000000 0.000000
vn 0.000170 -1.000000 0.000000
vn 0.000170 -1.000000 0.000000
vn 0.000170 -1.000000 0.000000
vn 0.000171 -1.000000 0.000000
vn 0.000171 -1.000000 0.000000
vn 0.000170 -1.000000 0.000000
vn 0.000168 -1.000000 0.000000
vn 0.000168 -1.000000 0.000000
vn 0.000170 -1.000000 0.000000
vn 0.000170 -1.000000 0.000000
vn -1.000000 0.000000 0.000000
vn -1.000000 0.000000 0.000000
vn -1.000000 0.000000 0.000000
vn -1.000000 0.000000 0.000000
vn -0.999905 0.001248 0.013769
vn -0.999908 0.001247 0.013486
vn -0.999987 0.001211 0.004885
vn -0.999905 0.001248 0.013769
vn -1.000000 0.000001 0.000000
vn -1.000000 0.000001 0.000000
vn -1.000000 0.000001 0.000000
vn -1.000000 0.000001 0.000000
vn -0.999030 0.001247 -0.044027
vn -0.999017 0.001247 -0.044306
vn -0.999017 0.001247 -0.044306
vn -0.999907 0.001208 -0.013581
vn -0.115567 0.993300 0.000000
vn -0.115567 0.993300 0.000000
vn -0.115567 0.993300 0.000000
vn -0.115567 0.993300 0.000000
vn -0.000000 -0.000000 -1.000000
vn -0.000000 -0.000000 -1.000000
vn -0.000000 -0.000000 -1.000000
vn -0.000000 -0.000000 -1.000000
vn -0.024239 -0.999706 0.000000
vn -0.024239 -0.999706 0.000000
vn -0.024239 -0.999706 0.000000
vn -0.024239 -0.999706 0.000000
vn 0.000000 0.000000 1.000000
vn 0.000001 0.000000 1.000000
vn 0.000001 0.000000 1.000000
vn 0.000000 0.000000 1.000000
vn 0.000000 0.000000 1.000000
vn 0.000000 0.000000 1.000000
vn 0.432420 -0.000028 0.901672
vn 0.000000 0.000000 1.000000
vn 0.000000 0.000000 1.000000
vn -0.000000 0.000000 1.000000
vn -0.000000 0.000000 1.000000
vn -0.418881 0.000015 0.908041
vn -0.723628 0.000169 0.690190
vn -0.871320 0.000315 0.490716
vn -0.999994 0.001286 0.003212
vn -0.999992 0.001227 0.003717
vn -0.999999 0.001614 0.000391
vn -0.999999 0.001614 0.000391
vn 0.000000 0.000000 -1.000000
vn 0.000000 0.000000 -1.000000
vn 0.000001 0.000000 -1.000000
vn 0.000001 0.000000 -1.000000
vn -0.993147 0.116874 0.000000
vn -0.993147 0.116874 0.000000
vn -0.350680 0.936495 0.000000
vn -0.350680 0.936495 0.000000
vn 0.000000 0.000000 1.000000
vn 0.000000 0.000000 1.000000
vn 0.000000 0.000000 1.000000
vn 0.000000 0.000000 1.000000
vn -0.999998 0.001614 -0.001260
vn -0.999923 0.001214 -0.012331
vn -0.999967 0.001370 -0.008008
vn -0.999998 0.001614 -0.001260
vn -0.723628 0.000169 -0.690191
vn -0.871320 0.000315 -0.490716
vn -0.418880 0.000015 -0.908041
vn -0.055319 0.000002 -0.998469
vn 0.000000 0.000000 -1.000000
vn 0.000000 0.000000 -1.000000
vn 0.418876 -0.000028 -0.908043
vn 0.287565 -0.000019 -0.957761
vn 0.723596 0.000095 -0.690224
vn 0.871281 0.000228 -0.490784
vn 1.000000 0.000607 0.000000
vn 1.000000 0.000607 0.000000
vn 0.723574 0.000095 0.690247
vn 0.871281 0.000228 0.490784
vn 0.418882 -0.000028 0.908041
vn 0.287564 -0.000019 0.957762
vn 0.000000 0.000000 1.000000
vn 0.000000 0.000000 1.000000
vn 0.000000 0.000000 1.000000
vn 0.000000 0.000000 1.000000
vn 0.000000 0.000000 1.000000
vn -0.287567 0.000010 0.957761
vn 0.000000 0.000000 1.000000
vn 0.000000 0.000000 1.000000
vn 0.000000 0.000000 1.000000
vn -0.000000 0.000000 1.000000
vn -0.000000 0.000000 1.000000
vn 0.000000 0.000000 1.000000
vn 0.000170 -1.000000 0.000000
vn 0.000170 -1.000000 0.000000
vn 0.000000 0.000000 -1.000000
vn 0.000000 0.000000 -1.000000
vn 0.000000 0.000000 -1.000000
vn 0.000000 0.000000 -1.000000
vn 0.000000 0.000000 -1.000000
vn 0.000000 0.000000 -1.000000
vn 0.000000 0.000000 -1.000000
vn 0.000000 0.063658 -0.997972
vn -0.000000 0.189553 -0.981870
vn 0.000000 0.000000 -1.000000
vn 0.000000 0.652737 -0.757585
vn -0.000000 0.732167 -0.681125
vn -0.000000 0.956024 -0.293290
vn 0.000000 0.994534 -0.104410
vn 0.000000 0.994534 0.104411
vn -0.000000 0.942274 0.334843
vn 0.000000 0.737325 0.675538
vn -0.000000 0.770700 0.637198
vn 0.000000 0.000000 1.000000
vn 0.000000 0.000000 1.000000
vn 0.000000 0.000000 1.000000
vn 0.000000 0.000000 1.000000
vn 0.000000 0.000000 1.000000
vn 0.000000 0.000000 1.000000
vn 0.000000 0.000000 1.000000
vn 0.000000 0.000000 1.000000
vn 0.000000 0.000000 1.000000
s 1
g feul_box_geo fuel_pump_grp
usemtl aiStandardSurface15SG
f 3/53/1 156/201/2 157/202/3 111/56/4
f 5/57/5 155/199/6 156/201/2 3/53/1
f 154/198/7 155/200/6 5/111/5 107/37/8
s 2
f 8/81/9 9/82/10 150/193/11 151/194/12
f 123/154/13 8/81/9 151/194/12 152/195/14
s 3
f 12/126/15 146/188/16 147/189/17 15/129/18
s 4
f 16//19 17//20 18//21 19//22
f 20//23 16//19 19//22 21//24
s 5
f 24/73/25 22/64/26 23/65/27 27/74/28
s 4
f 17//20 25//29 26//30 18//21
s 5
f 27/74/28 23/65/27 28/72/31 29/75/32
s 3
f 15/97/18 147/190/17 148/191/33 34/91/34
s 6
f 32//35 18//36 26//37 31//38
s 3
f 34/91/34 148/191/33 149/192/39 42/85/40
s 6
f 32//35 35//41 19//42 18//36
f 35//41 36//43 21//44 19//42
s 1
f 37/59/45 2/55/46 1/54/47 38/60/48
f 39/66/49 37/59/45 38/60/48 41/67/50
s 4
f 25//29 40//51 31//52 26//30
s 8
f 42/85/53 149/192/54 150/193/55 9/82/56
s 5
f 43/77/57 24/73/25 27/74/28 44/78/58
f 46/131/59 43/135/57 44/139/58 47/136/60
f 44/78/58 27/74/28 29/75/32 48/79/61
s 4
f 49//62 20//23 21//24 50//63
s 5
f 47/136/60 44/139/58 48/141/61 51/140/64
s 1
f 22/64/65 2/55/46 37/59/45 23/65/66
f 23/65/66 37/59/45 39/66/49 28/72/67
s 2
f 153/197/68 53/115/69 123/155/13 152/196/14
s 9
f 40//70 54//71 32//72 31//73
s 10
f 29/75/74 28/72/75 39/66/76 41/67/77
s 9
f 54//71 55//78 35//79 32//72
s 6
f 36//43 56//80 50//81 21//44
s 9
f 55//78 57//82 36//83 35//79
s 10
f 48/2/84 29/5/74 41/6/77 58/3/85
f 51/1/86 48/2/84 58/3/85 59/4/87
s 3
f 60/93/88 33/86/89 30/92/90 61/99/91
f 61/99/91 63/101/92 62/100/93 60/93/88
s 12
f 59/4/94 64/7/95 65/8/96 51/1/97
s 4
f 66//98 49//62 50//63 67//99
s 1
f 68/63/100 38/60/48 1/54/47 4/58/101
s 12
f 64/7/95 69/9/102 70/10/103 65/8/96
s 4
f 71//104 66//98 67//99 72//105
s 1
f 58/71/106 41/67/50 38/60/48 68/63/100
s 2
f 10/84/107 7/83/108 73/87/109 77/88/110
s 5
f 187/242/111 188/243/112 74/132/113 13/127/114
s 1
f 75/112/115 68/113/100 4/110/101 6/109/116
s 2
f 77/88/110 73/87/109 76/94/117 80/95/118
s 4
f 78//119 71//104 72//105 79//120
s 5
f 188/243/112 189/244/121 81/137/122 74/132/113
s 1
f 59/116/123 58/117/106 68/113/100 75/112/115
s 12
f 69/9/102 82/13/124 83/14/125 70/10/103
f 189/244/126 190/245/127 84/143/128 81/137/129
s 6
f 67//130 50//81 56//80 85//131
s 9
f 36//83 57//82 86//132 56//133
s 12
f 190/246/127 191/247/134 87/15/135 84/16/128
s 6
f 72//136 67//130 85//131 88//137
f 79//138 72//136 88//137 89//139
s 12
f 191/247/134 192/248/140 90/20/141 87/15/135
f 82/13/124 91/18/142 92/19/143 83/14/125
f 192/248/140 193/249/144 93/24/145 90/20/141
s off
f 94//146 78//147 79//148 89//149
s 12
f 193/249/144 194/250/150 95/23/151 93/24/145
s 9
f 86//132 96//152 85//153 56//133
f 97//154 94//155 89//156 88//157
f 96//152 97//154 88//157 85//153
s 3
f 14/128/158 13/127/159 74/132/160 98/133/161
s 12
f 194/250/150 195/251/162 100/17/163 95/23/151
s 3
f 98/133/161 74/132/160 81/137/164 101/138/165
s 1
f 102/121/166 121/152/167 122/153/168 99/118/169
s 3
f 30/92/90 14/98/158 98/103/161 61/99/91
s 12
f 64/123/170 59/116/171 199/256/172 180/232/173
s 3
f 61/99/91 98/103/161 101/104/165 63/101/92
s 12
f 195/251/162 196/252/174 104/12/175 100/17/163
f 196/252/174 197/254/176 103/11/177 104/12/175
f 100/17/163 90/20/141 93/24/145 95/23/151
f 104/12/178 87/15/179 90/20/141 100/17/163
s 8
f 7/83/180 33/86/181 60/93/182 73/87/183
s 12
f 103/11/184 84/16/185 87/15/179 104/12/178
f 102/21/186 81/22/187 84/16/185 103/11/184
s 8
f 73/87/183 60/93/182 62/100/188 76/94/189
s 20
f 81/22/190 102/21/191 105/25/192 101/26/193
f 63/101/194 80/95/195 76/94/196 62/100/197
f 101/26/193 105/25/192 80/27/195 63/28/194
s 2
f 99/118/198 52/114/199 45/120/200 106/122/201
f 106/96/201 45/90/200 10/84/107 77/88/110
f 102/121/202 99/118/198 106/122/201 105/125/203
f 105/102/203 106/96/201 77/88/110 80/95/118
s 5
f 108/134/204 144/185/205 145/187/206 110/130/207
f 163/212/208 144/186/205 108/80/204 109/76/209
f 162/211/210 163/212/208 109/76/209 112/69/211
f 12/126/212 184/238/213 185/240/214 146/188/215
s 24
f 117/105/216 118/106/217 159/206/218 160/207/219
s 25
f 8/29/220 34/30/221 42/31/222 9/32/223
f 11/33/224 15/34/225 34/30/221 8/29/220
f 53/35/226 12/36/227 15/34/225 11/33/224
s 26
f 183/237/228 184/239/229 12/36/230 53/35/231
f 107/156/232 5/39/233 108/40/234 110/38/235
f 5/39/233 3/41/236 109/42/237 108/40/234
f 3/41/236 111/43/238 112/44/239 109/42/237
s off
f 112/69/240 111/56/241 114/62/242 113/70/243
s 28
f 111/56/244 157/202/245 158/203/246 114/62/247
s off
f 2/55/248 22/64/249 116/68/250 115/61/251
s 29
f 162/211/252 112/69/253 113/70/254 161/210/255
s off
f 113/45/256 114/46/257 118/47/258 117/48/259
s 30
f 114/144/260 158/204/261 159/205/262 118/147/263
s off
f 115/49/264 116/50/265 120/51/266 119/52/267
s 31
f 161/209/268 113/149/269 117/150/270 160/208/271
s 1
f 198/255/272 199/256/273 59/116/123 75/112/115
s 2
f 123/155/13 53/115/69 11/119/274
f 11/89/274 8/81/9 123/154/13
s 32
f 53/115/275 153/197/276 182/235/277 183/236/278
s 1
f 124/157/279 4/58/101 1/54/47 125/159/280
f 126/160/281 125/159/280 1/54/47 2/55/46
s 28
f 127/161/282 126/160/283 2/55/284 115/61/285
s 30
f 128/163/286 127/162/287 115/145/288 119/146/289
s 24
f 129/165/290 128/164/291 119/107/292 120/108/293
s 31
f 116/148/294 130/167/295 129/166/296 120/151/297
s 29
f 22/64/298 131/169/299 130/168/300 116/68/301
s 5
f 22/64/26 24/73/25 132/170/302 131/169/303
f 24/73/25 43/77/57 133/172/304 132/170/302
f 134/173/305 133/171/304 43/135/57 46/131/59
f 135/174/306 186/241/307 187/242/111 13/127/114
s 3
f 136/175/308 135/174/309 13/127/159 14/128/158
f 137/177/310 136/176/308 14/98/158 30/92/90
f 138/178/311 137/177/310 30/92/90 33/86/89
s 8
f 139/179/312 138/178/313 33/86/181 7/83/180
s 2
f 140/180/314 139/179/315 7/83/108 10/84/107
f 141/181/316 140/180/314 10/84/107 45/90/200
f 52/114/199 142/183/317 141/182/316 45/120/200
s 32
f 143/184/318 164/213/319 198/255/320 75/112/321 6/109/322
s 1
f 6/109/116 4/110/101 124/158/279 143/184/323
s 5
f 144/185/205 133/171/304 134/173/305 145/187/206
f 146/188/215 185/240/214 186/241/307 135/174/306
s 3
f 147/189/17 146/188/16 135/174/309 136/175/308
f 148/191/33 147/190/17 136/176/308 137/177/310
f 149/192/39 148/191/33 137/177/310 138/178/311
s 8
f 150/193/55 149/192/54 138/178/313 139/179/312
s 2
f 151/194/12 150/193/11 139/179/315 140/180/314
f 152/195/14 151/194/12 140/180/314 141/181/316
f 142/183/317 153/197/68 152/196/14 141/182/316
s 32
f 182/235/277 153/197/276 142/183/324 181/234/325
s 1
f 143/184/323 124/158/279 155/200/6 154/198/7
f 156/201/2 155/199/6 124/157/279 125/159/280
f 157/202/3 156/201/2 125/159/280 126/160/281
s 28
f 158/203/246 157/202/245 126/160/283 127/161/282
s 30
f 159/205/262 158/204/261 127/162/287 128/163/286
s 24
f 160/207/219 159/206/218 128/164/291 129/165/290
s 31
f 130/167/295 161/209/268 160/208/271 129/166/296
s 29
f 131/169/299 162/211/252 161/210/255 130/168/300
s 5
f 131/169/303 132/170/302 163/212/208 162/211/210
f 132/170/302 133/172/304 144/186/205 163/212/208
s 32
f 154/198/326 165/214/327 164/213/319 143/184/318
f 166/215/328 165/214/327 154/198/326 107/37/329
s 26
f 107/156/232 110/38/235 167/218/330 166/216/331
s 5
f 168/219/332 167/217/333 110/130/207 145/187/206
f 169/220/334 168/219/332 145/187/206 134/173/305
f 170/221/335 169/220/334 134/173/305 46/131/59
f 46/131/59 47/136/60 171/222/336 170/221/335
f 47/136/60 51/140/64 172/223/337 171/222/336
s 12
f 51/140/338 65/142/339 173/224/340 172/223/341
f 65/8/339 70/10/342 174/226/343 173/225/340
f 70/10/342 83/14/125 175/227/344 174/226/343
f 83/14/125 92/19/143 176/228/345 175/227/344
f 92/19/143 91/18/142 177/229/346 176/228/345
f 91/18/142 82/13/124 178/230/347 177/229/346
f 82/13/124 69/9/348 179/231/349 178/230/347
f 69/9/348 64/7/170 180/233/173 179/231/349
s 32
f 165/214/327 182/235/277 181/234/325 164/213/319
f 183/236/278 182/235/277 165/214/327 166/215/328
s 26
f 166/216/331 167/218/330 184/239/229 183/237/228
s 5
f 185/240/214 184/238/213 167/217/333 168/219/332
f 186/241/307 185/240/214 168/219/332 169/220/334
f 187/242/111 186/241/307 169/220/334 170/221/335
f 170/221/335 171/222/336 188/243/112 187/242/111
f 171/222/336 172/223/337 189/244/121 188/243/112
s 12
f 172/223/341 173/224/340 190/245/127 189/244/126
f 173/225/340 174/226/343 191/247/134 190/246/127
f 174/226/343 175/227/344 192/248/140 191/247/134
f 175/227/344 176/228/345 193/249/144 192/248/140
f 176/228/345 177/229/346 194/250/150 193/249/144
f 177/229/346 178/230/347 195/251/162 194/250/150
f 178/230/347 179/231/349 196/252/174 195/251/162
f 179/231/349 180/233/173 197/254/176 196/252/174
s 32
f 198/255/320 164/213/319 181/234/325 200/257/350
s 1
f 200/257/351 201/258/352 199/256/273 198/255/272
s 12
f 180/232/173 199/256/172 201/258/353 197/253/176
s 32
f 200/257/350 181/234/325 142/183/324 52/114/354 99/118/355 122/153/356
s 1
f 121/152/167 201/258/352 200/257/351 122/153/168
s 12
f 197/253/176 201/258/353 121/152/357 102/121/358 103/124/177
g default
v -0.409192 4.913071 1.203451
v -0.304526 4.858678 1.203451
v 0.576046 4.858678 1.203451
v 0.658174 4.914825 1.203451
v 0.690624 4.953813 1.203451
v 0.703185 5.011472 1.203451
v 0.703269 6.565551 1.203451
v 0.690687 6.630557 1.203451
v 0.658224 6.674483 1.203451
v 0.576046 6.737699 1.203451
v -0.304526 6.737699 1.203451
v -0.409172 6.676236 1.203451
v -0.451480 6.633012 1.203451
v -0.470331 6.568301 1.203451
v -0.470383 5.008722 1.203451
v -0.451513 4.951357 1.203451
v -0.487343 4.898192 1.129456
v -0.442352 4.857491 1.129456
v -0.524598 4.959176 1.129456
v -0.331083 4.799666 1.129456
v 0.605040 4.799666 1.129456
v -0.524543 6.616625 1.129456
v 0.692352 4.859355 1.129456
v 0.726849 4.900803 1.129456
v 0.740203 4.962100 1.129456
v -0.487308 6.685419 1.129456
v -0.442332 6.731370 1.129456
v -0.331083 6.796710 1.129456
v 0.740289 6.613703 1.129456
v 0.605040 6.796710 1.129456
v 0.726914 6.682809 1.129456
v 0.692403 6.729506 1.129456
vt 0.424280 0.539847
vt 0.431915 0.535880
vt 0.496151 0.535880
vt 0.502145 0.539975
vt 0.504512 0.542819
vt 0.505428 0.547026
vt 0.505432 0.659795
vt 0.504514 0.664537
vt 0.502146 0.667741
vt 0.496151 0.672353
vt 0.431915 0.672353
vt 0.424281 0.667869
vt 0.421195 0.664716
vt 0.419820 0.659996
vt 0.419816 0.546825
vt 0.421192 0.542641
vt 0.418000 0.538545
vt 0.421300 0.535559
vt 0.416528 0.543019
vt 0.429464 0.531317
vt 0.498142 0.531317
vt 0.416533 0.664014
vt 0.504549 0.535696
vt 0.507080 0.538736
vt 0.508060 0.543233
vt 0.418002 0.669061
vt 0.421302 0.672432
vt 0.429464 0.677226
vt 0.508064 0.663800
vt 0.498142 0.677226
vt 0.507083 0.668869
vt 0.504551 0.672296
vn 0.000000 0.000000 1.000000
vn 0.000000 0.000000 1.000000
vn 0.000000 0.000000 1.000000
vn 0.000000 0.000000 1.000000
vn 0.000000 0.000000 1.000000
vn 0.000000 0.000000 1.000000
vn 0.000000 0.000000 1.000000
vn 0.000000 0.000000 1.000000
vn 0.000000 0.000000 1.000000
vn 0.000000 0.000000 1.000000
vn 0.000000 0.000000 1.000000
vn 0.000000 0.000000 1.000000
vn 0.000000 0.000000 1.000000
vn 0.000000 0.000000 1.000000
vn 0.000000 0.000000 1.000000
vn 0.000000 0.000000 1.000000
vn -0.599208 -0.458780 0.656102
vn -0.399323 -0.638137 0.658272
vn -0.403521 -0.635553 0.658212
vn -0.623575 -0.426413 0.655229
vn -0.802146 -0.020944 0.596761
vn -0.804883 -0.008464 0.593374
vn -0.049441 -0.772138 0.633528
vn -0.037797 -0.774604 0.631316
vn 0.051410 -0.770868 0.634916
vn 0.040590 -0.773361 0.632665
vn -0.802628 0.020963 0.596112
vn -0.805087 0.008447 0.593096
vn 0.475428 -0.584356 0.657644
vn 0.487203 -0.575740 0.656625
vn 0.698437 -0.374238 0.610026
vn 0.748429 -0.308251 0.587227
vn 0.890743 -0.013072 0.454320
vn 0.893294 -0.003869 0.449456
vn -0.629388 0.430413 0.647005
vn -0.654329 0.393913 0.645512
vn -0.434490 0.618016 0.655190
vn -0.442045 0.613007 0.654843
vn -0.054697 0.770988 0.634497
vn -0.043460 0.773419 0.632403
vn 0.890886 0.012781 0.454047
vn 0.893317 0.003787 0.449412
vn 0.056481 0.769666 0.635944
vn 0.046550 0.772001 0.633914
vn 0.722725 0.346100 0.598234
vn 0.769775 0.279190 0.574020
vn 0.510311 0.560334 0.652387
vn 0.525328 0.548499 0.650522
s off
g fuel_pump_grp glass_geo
usemtl lambert4SG
f 202/259/359 203/260/360 204/261/361 205/262/362 206/263/363 207/264/364 208/265/365 209/266/366 210/267/367 211/268/368 212/269/369 213/270/370 214/271/371 215/272/372 216/273/373 217/274/374
s 1
f 218/275/375 219/276/376 202/259/377 217/274/378
f 220/277/379 218/275/375 217/274/378 216/273/380
f 219/276/376 221/278/381 203/260/382 202/259/377
f 221/278/381 222/279/383 204/261/384 203/260/382
f 223/280/385 220/277/379 216/273/380 215/272/386
f 222/279/383 224/281/387 205/262/388 204/261/384
f 224/281/387 225/282/389 206/263/390 205/262/388
f 225/282/389 226/283/391 207/264/392 206/263/390
f 227/284/393 223/280/385 215/272/386 214/271/394
f 228/285/395 227/284/393 214/271/394 213/270/396
f 229/286/397 228/285/395 213/270/396 212/269/398
f 226/283/391 230/287/399 208/265/400 207/264/392
f 231/288/401 229/286/397 212/269/398 211/268/402
f 230/287/399 232/289/403 209/266/404 208/265/400
f 233/290/405 231/288/401 211/268/402 210/267/406
f 232/289/403 233/290/405 210/267/406 209/266/404
g default
v -1.406397 0.639954 -0.125223
v 1.668775 0.636463 -0.125223
v -1.406397 0.639954 1.287078
v 1.668775 0.636463 1.287078
v -1.227201 0.910449 1.287078
v 1.475950 0.910449 1.287078
v -1.227201 0.910449 -0.125223
v 1.475950 0.910449 -0.125223
v -1.331321 0.859470 1.287078
v -1.331321 0.859470 -0.125223
v 1.596410 0.857363 -0.125223
v 1.596410 0.857363 1.287078
v -1.371013 0.805370 1.287078
v -1.371013 0.805370 -0.125223
v 1.629227 0.802583 -0.125223
v 1.629227 0.802583 1.287078
v -1.396675 0.739356 1.287078
v -1.396675 0.739356 -0.125223
v 1.656462 0.736073 -0.125223
v 1.656462 0.736073 1.287078
vt 0.394430 0.952805
vt 0.394430 0.724982
vt 0.499060 0.724982
vt 0.499060 0.952805
vt 0.545150 0.936600
vt 0.545150 0.736337
vt 0.649780 0.736337
vt 0.649780 0.936600
vt 0.545150 0.727413
vt 0.649780 0.727413
vt 0.649780 0.944313
vt 0.545150 0.944313
vt 0.545150 0.724982
vt 0.649780 0.724982
vt 0.649780 0.947254
vt 0.545150 0.947254
vt 0.651692 0.724982
vt 0.659072 0.724982
vt 0.659072 0.829612
vt 0.651692 0.829612
vt 0.663999 0.724982
vt 0.663999 0.829612
vt 0.662060 0.830714
vt 0.669424 0.830714
vt 0.669424 0.935344
vt 0.662060 0.935344
vt 0.657169 0.830714
vt 0.657169 0.935344
vt 0.501285 0.952805
vt 0.501026 0.724982
vt 0.508406 0.725894
vt 0.508649 0.952085
vt 0.513333 0.727912
vt 0.513540 0.950184
vt 0.517392 0.730343
vt 0.517547 0.947243
vt 0.521324 0.739267
vt 0.521324 0.939530
vt 0.535763 0.952085
vt 0.536007 0.725894
vt 0.543386 0.724982
vt 0.543127 0.952805
vt 0.530873 0.950184
vt 0.531079 0.727912
vt 0.526865 0.947243
vt 0.527021 0.730343
vt 0.523088 0.939530
vt 0.523088 0.739267
vn -0.001135 -0.999999 0.000000
vn -0.001135 -0.999999 0.000000
vn -0.001135 -0.999999 0.000000
vn -0.001135 -0.999999 0.000000
vn 0.000000 0.000000 1.000000
vn 0.000000 0.000000 1.000000
vn 0.000000 0.000000 1.000000
vn 0.000000 0.000000 1.000000
vn 0.000000 1.000000 0.000000
vn 0.000000 1.000000 0.000000
vn 0.000000 1.000000 0.000000
vn 0.000000 1.000000 0.000000
vn 0.000000 0.000000 -1.000000
vn 0.000000 0.000000 -1.000000
vn 0.000000 0.000000 -1.000000
vn 0.000000 0.000000 -1.000000
vn 0.992446 0.122678 0.000000
vn 0.972811 0.231601 0.000000
vn 0.972811 0.231601 0.000000
vn 0.992446 0.122678 0.000000
vn -0.977878 0.209178 0.000000
vn -0.995251 0.097344 0.000000
vn -0.995251 0.097344 0.000000
vn -0.977878 0.209178 0.000000
vn -0.439734 0.898128 0.000000
vn -0.589963 0.807430 0.000000
vn -0.589963 0.807430 0.000000
vn -0.439734 0.898128 0.000000
vn 0.000000 0.000000 -1.000000
vn 0.000000 0.000000 -1.000000
vn -0.000000 0.000000 -1.000000
vn -0.000000 0.000000 -1.000000
vn 0.575511 0.817794 0.000000
vn 0.575511 0.817794 0.000000
vn 0.403267 0.915082 0.000000
vn 0.403267 0.915082 0.000000
vn 0.000000 0.000000 1.000000
vn 0.000000 0.000000 1.000000
vn 0.000000 0.000000 1.000000
vn 0.000000 0.000000 1.000000
vn -0.878397 0.477932 0.000000
vn -0.878397 0.477932 0.000000
vn -0.000000 0.000000 -1.000000
vn -0.000000 0.000000 -1.000000
vn 0.896173 0.443705 0.000000
vn 0.896173 0.443705 0.000000
vn 0.000000 0.000000 1.000000
vn 0.000000 0.000000 1.000000
s off
g fuel_pump_grp pCube11
usemtl aiStandardSurface20SG
f 234/291/407 235/292/408 237/293/409 236/294/410
s 1
f 236/319/411 237/320/412 253/321/413 250/322/414
s off
f 238/295/415 239/296/416 241/297/417 240/298/418
s 2
f 251/329/419 252/330/420 235/331/421 234/332/422
s 3
f 235/307/423 252/308/424 253/309/425 237/310/426
s 4
f 251/313/427 234/314/428 236/315/429 250/316/430
f 240/298/431 243/301/432 242/302/433 238/295/434
s 2
f 240/337/435 241/338/436 244/336/437 243/335/438
s 3
f 245/299/439 244/300/440 241/297/441 239/296/442
s 1
f 242/326/443 245/325/444 239/327/445 238/328/446
s 4
f 243/301/432 247/305/447 246/306/448 242/302/433
s 2
f 243/335/438 244/336/437 248/334/449 247/333/450
s 3
f 249/303/451 248/304/452 244/300/440 245/299/439
s 1
f 246/324/453 249/323/454 245/325/444 242/326/443
s 4
f 247/317/447 251/313/427 250/316/430 246/318/448
s 2
f 247/333/450 248/334/449 252/330/420 251/329/419
s 3
f 253/309/425 252/308/424 248/311/452 249/312/451
s 1
f 250/322/414 253/321/413 249/323/454 246/324/453
g default
v -1.524049 5.572284 0.476385
v -1.525114 5.458736 0.474205
v -1.422206 5.457771 0.474205
v -1.421140 5.571318 0.476385
v -1.291624 5.363554 0.430417
v -1.295922 5.448225 0.430417
v -1.314607 5.363146 0.430417
v -1.656071 5.712969 0.496258
v -1.623403 5.671523 0.430519
v -1.610912 5.713116 0.431327
v -1.291623 5.363610 0.417976
v -1.291624 5.363554 0.405535
v -1.295922 5.448225 0.405535
v -1.295922 5.448281 0.417976
v -1.633263 5.754039 0.367118
v -1.694126 5.844574 0.352754
v -1.592552 5.826242 0.368596
v -1.399931 5.457562 0.474205
v -1.690299 5.900855 0.344669
v -1.769528 5.858647 0.397908
v -1.756188 5.928574 0.395196
v -1.769295 5.858573 0.470041
v -1.583983 5.754976 0.432197
v -1.301577 5.559608 0.405535
v -1.399931 5.457562 0.379027
v -1.398866 5.571109 0.381207
v -1.759232 5.712620 0.512172
v -1.633263 5.754039 0.497098
v -1.736423 5.753691 0.513011
v -1.581380 5.864348 0.361984
v -1.524039 5.573257 0.428955
v -1.421131 5.572291 0.428955
v -1.693602 5.844408 0.514835
v -1.755736 5.928393 0.475443
v -1.301577 5.559608 0.430417
v -1.421140 5.571318 0.381207
v -1.398856 5.572083 0.428955
v -1.398866 5.571109 0.476385
v -1.543705 5.818183 0.433509
v -1.659051 6.056511 0.400097
v -1.301576 5.559665 0.417976
v -1.689283 5.900449 0.524983
v -1.592132 5.826109 0.498575
v -1.611605 6.018753 0.355066
v -1.528715 5.847576 0.434052
v -1.580566 5.864023 0.506585
v -1.529622 5.963480 0.370245
v -1.658359 6.056119 0.472432
v -1.488529 5.936693 0.434164
v -1.610066 6.017881 0.516036
v -1.528393 5.962784 0.498967
v -1.598289 6.010953 0.383406
v -1.629029 6.035416 0.412581
v -1.543891 6.086073 0.382625
v -1.545174 5.975143 0.393241
v -1.493189 5.970253 0.402056
v -1.518552 5.957788 0.434652
v -1.628580 6.035162 0.459445
v -1.572356 6.108900 0.411762
v -1.480687 5.962114 0.434377
v -1.493504 6.052233 0.392853
v -1.544378 5.974692 0.476636
v -1.492583 5.969912 0.466964
v -1.469154 6.006112 0.401876
v -1.597292 6.010388 0.487695
v -1.542881 6.085501 0.488250
v -1.571894 6.108639 0.459977
v -1.456751 5.998039 0.434343
v -1.468546 6.005769 0.467073
v -1.467094 6.035019 0.434579
v -1.492703 6.051779 0.476871
v -1.373195 6.375882 0.369957
v -1.326115 6.345093 0.383963
v -1.398455 6.392402 0.404019
v -1.296048 6.325430 0.434183
v -1.372002 6.375102 0.500051
v -1.325195 6.344491 0.485045
v -1.397880 6.392025 0.466708
v -1.249386 6.445337 0.383963
v -1.276125 6.495278 0.369957
v -1.232362 6.413198 0.434183
v -1.289822 6.521768 0.466708
v -1.290145 6.522381 0.404019
v -1.275462 6.493998 0.500051
v -1.248863 6.444359 0.485045
v -1.244617 6.450832 0.383843
v -1.271259 6.500747 0.369838
v -1.239215 6.455690 0.383488
v -1.227653 6.418759 0.434181
v -1.265960 6.505721 0.369482
v -1.233272 6.459832 0.382902
v -1.222195 6.423528 0.434174
v -1.260298 6.510132 0.368894
v -1.226881 6.463190 0.382095
v -1.216128 6.427375 0.434163
v -1.285345 6.527700 0.403968
v -1.254303 6.513953 0.368076
v -1.209574 6.430219 0.434148
v -1.280150 6.532617 0.403814
v -1.268719 6.541106 0.403205
v -1.274598 6.537094 0.403560
v -1.162430 6.492054 0.373146
v -1.244096 6.449854 0.485162
v -1.238694 6.454710 0.485513
v -1.285022 6.527089 0.466761
v -1.153937 6.449351 0.434009
v -1.232746 6.458843 0.486090
v -1.279825 6.532006 0.466918
v -1.175728 6.558920 0.356172
v -1.274270 6.536482 0.467180
v -1.268387 6.540490 0.467543
v -1.226350 6.462187 0.486884
v -1.270593 6.499472 0.500171
v -1.265290 6.504448 0.500528
v -1.259625 6.508854 0.501118
v -1.182863 6.594796 0.397453
v -1.253627 6.512664 0.501940
v -1.162170 6.490747 0.495650
v -1.182700 6.593978 0.473427
v -1.175391 6.557225 0.513836
v -1.679233 5.671262 0.495406
v -1.813279 5.753913 0.467959
v -1.399926 5.458040 0.426671
v -1.314607 5.363146 0.405535
v -1.524049 5.572284 0.381207
v -1.422201 5.458250 0.426671
v -1.656071 5.712969 0.366279
v -1.314607 5.363202 0.417976
v -1.594102 5.590860 0.429258
v -1.619709 5.634978 0.429868
v -1.649343 5.590168 0.488215
v -1.422206 5.457771 0.379027
v -1.699671 5.634461 0.494654
v -1.736423 5.753691 0.350929
v -1.782394 5.670914 0.511319
v -1.629339 5.612005 0.429412
v -1.679233 5.671262 0.365427
v -1.712447 5.611455 0.494184
v -1.813279 5.753913 0.395826
v -1.848517 5.712710 0.467067
v -1.649343 5.590168 0.369906
v -1.699671 5.634461 0.364675
v -1.525110 5.459215 0.426671
v -1.676081 5.457417 0.485505
v -1.525114 5.458736 0.379027
v -1.643320 5.457704 0.426420
v -1.759232 5.712620 0.350090
v -1.802831 5.634113 0.510567
v -1.875084 5.670968 0.466201
v -1.712447 5.611455 0.364205
v -1.848517 5.712710 0.394934
v -1.752254 5.456750 0.491207
v -1.902054 5.634098 0.465421
v -1.815608 5.611107 0.510097
v -1.782394 5.670914 0.349238
v -1.676081 5.457417 0.367197
v -1.702966 5.456941 0.426293
v -1.875084 5.670968 0.394068
v -1.935614 5.610871 0.464864
v -1.802831 5.634113 0.348486
v -1.855414 5.456402 0.507120
v -1.902054 5.634098 0.393288
v -1.720395 5.404199 0.425262
v -1.752254 5.456750 0.361228
v -1.815608 5.611107 0.348016
v -1.751692 5.404199 0.490252
v -1.935614 5.610871 0.392731
v -1.259498 4.876167 0.430417
v -1.259497 4.876223 0.417976
v -1.282481 4.875759 0.430417
v -1.751692 5.404199 0.360273
v -1.922916 5.508022 0.497582
v -1.922570 5.560977 0.482212
v -1.259498 4.876167 0.405535
v -1.855414 5.456402 0.345039
v -1.282480 4.875815 0.417976
v -1.854853 5.403851 0.506165
v -1.929095 5.404175 0.461140
v -1.259695 4.855122 0.430613
v -1.923337 5.445496 0.481430
v -1.282481 4.875759 0.405535
v -1.282690 4.853471 0.430613
v -1.259695 4.855122 0.405731
v -1.922571 5.562354 0.373899
v -1.922944 5.506994 0.356541
v -1.849277 5.368615 0.493642
v -1.903505 5.368925 0.455244
v -1.282690 4.853471 0.405731
v -1.384758 4.873919 0.417976
v -1.390749 4.873919 0.430417
v -1.923351 5.446325 0.370477
v -1.384938 4.845941 0.418172
v -1.282690 4.853527 0.418172
v -1.390749 4.873919 0.405535
v -1.390930 4.845941 0.430613
v -1.390930 4.845941 0.405731
v -1.854853 5.403851 0.344084
v -1.929095 5.404175 0.389007
v -1.849277 5.368615 0.355325
v -1.903505 5.368925 0.393687
v -1.524808 4.854130 0.430613
v -1.524808 4.854130 0.405731
v -1.524693 4.875175 0.430417
v -1.524693 4.875175 0.405535
v -1.922470 5.576053 0.471759
v -1.936508 5.578986 0.464285
v -1.936101 5.593497 0.428304
v -1.922356 5.593580 0.428294
v -1.761242 5.368912 0.480062
v -1.734533 5.368912 0.424601
v -1.617417 4.921465 0.462677
v -1.617901 4.851726 0.463499
v -1.753845 5.011860 0.478869
v -1.725885 5.011837 0.418111
v -1.757524 5.021134 0.473743
v -1.749645 5.001274 0.484719
v -1.713448 4.993309 0.417781
v -1.746486 4.993314 0.489119
v -1.741722 4.981306 0.495756
v -1.697912 4.960392 0.484100
v -1.698563 4.851309 0.485208
v -1.730816 5.021134 0.418282
v -1.717481 5.001276 0.417928
v -1.936532 5.578115 0.392136
v -1.922485 5.574989 0.384573
v -1.704071 4.981306 0.417572
v -1.617901 4.851726 0.373589
v -1.742505 4.854558 0.497087
v -1.617417 4.921465 0.372767
v -1.757524 5.021134 0.362821
v -1.753803 5.011754 0.357303
v -1.761242 5.368912 0.369141
v -1.749651 5.001289 0.351146
v -1.746528 4.993420 0.346516
v -1.666569 4.852859 0.418764
v -1.596252 4.851726 0.418544
v -1.259694 4.855178 0.418172
v -1.899788 5.021147 0.448924
v -1.850558 5.010983 0.494125
v -1.845559 5.020837 0.487323
v -1.741722 4.981306 0.339389
v -1.907802 5.010440 0.452134
v -1.855625 5.000994 0.501020
v -1.918591 5.001521 0.454778
v -1.859436 4.993482 0.506206
v -1.704831 4.852448 0.418865
v -1.697912 4.960392 0.351157
v -1.698589 4.853724 0.352308
v -1.927459 4.994806 0.456762
v -1.865825 4.980886 0.514900
v -1.942271 4.981324 0.460769
v -1.742505 4.854558 0.340720
v -1.899788 5.021147 0.387368
v -1.844356 4.854139 0.418738
v -1.907868 5.010377 0.383752
v -1.866608 4.854139 0.516231
v -1.850627 5.010847 0.341731
v -1.845559 5.020837 0.349006
v -1.918582 5.001530 0.380780
v -1.923518 5.420114 0.429922
v -1.932376 5.420060 0.429928
v -1.935159 5.433533 0.461655
v -1.923401 5.436433 0.468299
v -1.943048 4.854048 0.462090
v -1.927393 4.994868 0.378541
v -1.855615 5.001013 0.334570
v -1.859367 4.993618 0.329185
v -1.942271 4.981324 0.373992
v -1.865825 4.980886 0.319914
v -1.923398 5.439133 0.382756
v -1.935733 5.436314 0.389571
v -1.866608 4.854139 0.321245
v -1.943048 4.854048 0.375313
v -1.518702 4.875175 0.417976
v -1.518817 4.854130 0.418172
v -1.595768 4.921465 0.417722
v -1.665901 4.960392 0.417628
v -1.979173 5.508550 0.497582
v -1.978827 5.561504 0.482212
v -1.979594 5.446023 0.481430
v -1.978828 5.562881 0.373899
v -1.979201 5.507522 0.356541
v -1.979608 5.446853 0.370477
v -1.978727 5.576581 0.471759
v -1.978613 5.594108 0.428294
v -1.978743 5.575517 0.384573
v -1.979658 5.436960 0.468299
v -1.979775 5.420641 0.429922
v -1.979655 5.439661 0.382756
v -1.979178 5.508308 0.483084
v -1.978903 5.550376 0.470874
v -1.979512 5.458636 0.470252
v -1.978904 5.551470 0.384828
v -1.979200 5.507492 0.371039
v -1.979523 5.459295 0.382110
v -1.978823 5.562353 0.462570
v -1.978732 5.576277 0.428041
v -1.978835 5.561508 0.393308
v -1.979562 5.451437 0.459821
v -1.979656 5.438472 0.429334
v -1.979560 5.453582 0.391865
v -2.009210 5.508161 0.457310
v -2.009062 5.530874 0.450717
v -2.009391 5.481341 0.450382
v -2.009062 5.531465 0.404258
v -2.009222 5.507720 0.396813
v -2.009397 5.481697 0.402791
v -2.009019 5.537341 0.446234
v -2.008970 5.544859 0.427590
v -2.009025 5.536885 0.408837
v -2.009418 5.477453 0.444750
v -2.009468 5.470454 0.428288
v -2.009417 5.478612 0.408057
v -1.312484 5.330941 0.430417
v -1.289501 5.331349 0.430417
v -1.289500 5.331406 0.417976
v -1.289501 5.331349 0.405535
v -1.312484 5.330941 0.405535
v -1.312484 5.330997 0.417976
v -1.341810 5.308866 0.418660
v -1.391401 5.261482 0.418637
v -1.422473 5.212802 0.418637
v -1.427759 5.176825 0.418637
v -1.429477 5.129584 0.418660
v -1.416024 5.087622 0.418656
v -1.398458 5.039187 0.418657
v -1.377485 4.993711 0.418668
v -1.344802 4.943097 0.418680
v -1.292738 4.879071 0.418697
v -1.341576 5.308887 0.431099
v -1.391314 5.261385 0.431077
v -1.422366 5.212728 0.431077
v -1.427631 5.176798 0.431077
v -1.429379 5.129585 0.428066
v -1.415923 5.087648 0.428664
v -1.398360 5.039220 0.428530
v -1.377406 4.993748 0.427054
v -1.344741 4.943136 0.425569
v -1.292700 4.879103 0.423433
v -1.359477 5.335741 0.431245
v -1.413530 5.284796 0.431270
v -1.449436 5.230302 0.431270
v -1.459383 5.182579 0.431270
v -1.453762 5.128644 0.428212
v -1.440845 5.080366 0.428819
v -1.422413 5.030419 0.428683
v -1.396813 4.983921 0.427184
v -1.359452 4.932988 0.425676
v -1.301972 4.871040 0.423506
v -1.359711 5.335720 0.418806
v -1.413616 5.284893 0.418830
v -1.449543 5.230376 0.418830
v -1.459511 5.182606 0.418830
v -1.453860 5.128643 0.418806
v -1.440946 5.080340 0.418811
v -1.422511 5.030386 0.418810
v -1.396893 4.983883 0.418798
v -1.359513 4.932949 0.418787
v -1.302010 4.871008 0.418770
v -1.341989 5.308746 0.406221
v -1.391417 5.261493 0.406196
v -1.422491 5.212809 0.406196
v -1.427778 5.176825 0.406196
v -1.429491 5.129580 0.409254
v -1.416037 5.087615 0.408647
v -1.398471 5.039179 0.408784
v -1.377495 4.993703 0.410282
v -1.344809 4.943089 0.411791
v -1.292742 4.879066 0.413960
v -1.359890 5.335600 0.406367
v -1.413632 5.284904 0.406389
v -1.449560 5.230382 0.406389
v -1.459529 5.182605 0.406389
v -1.453874 5.128639 0.409400
v -1.440960 5.080333 0.408802
v -1.422524 5.030378 0.408937
v -1.396903 4.983875 0.410412
v -1.359520 4.932941 0.411897
v -1.302014 4.871003 0.414033
v -1.162917 6.494501 0.378188
v -1.155116 6.455279 0.434090
v -1.175131 6.555917 0.362598
v -1.181684 6.588868 0.400514
v -1.162678 6.493301 0.490706
v -1.181535 6.588117 0.470295
v -1.174821 6.554360 0.507410
v -1.171345 6.492825 0.378188
v -1.163544 6.453603 0.434090
v -1.183559 6.554241 0.362598
v -1.190112 6.587192 0.400514
v -1.171106 6.491625 0.490706
v -1.189963 6.586441 0.470295
v -1.183249 6.552684 0.507410
vt 0.097066 0.282863
vt 0.093576 0.282864
vt 0.093576 0.275293
vt 0.097066 0.275292
vt 0.097044 0.288018
vt 0.092706 0.292082
vt 0.093576 0.273654
vt 0.097066 0.273653
vt 0.100579 0.282864
vt 0.100579 0.275293
vt 0.101410 0.292082
vt 0.097032 0.290610
vt 0.092267 0.296724
vt 0.096959 0.266497
vt 0.097874 0.266497
vt 0.100579 0.273654
vt 0.101830 0.296724
vt 0.098789 0.266497
vt 0.144630 0.282434
vt 0.145331 0.284318
vt 0.035021 0.307004
vt 0.033624 0.308051
vt 0.034440 0.311786
vt 0.033441 0.310597
vt 0.032383 0.308291
vt 0.142538 0.282588
vt 0.032358 0.310382
vt 0.115037 0.272387
vt 0.111540 0.272386
vt 0.111540 0.270747
vt 0.115037 0.270748
vt 0.115037 0.279958
vt 0.111540 0.279957
vt 0.108035 0.272387
vt 0.108035 0.270748
vt 0.214358 0.329800
vt 0.213025 0.329800
vt 0.111521 0.288654
vt 0.115868 0.291064
vt 0.108035 0.279958
vt 0.109985 0.264470
vt 0.213025 0.322566
vt 0.214358 0.322566
vt 0.107164 0.291064
vt 0.111512 0.293042
vt 0.116288 0.296668
vt 0.211758 0.322566
vt 0.213025 0.313440
vt 0.214358 0.313440
vt 0.106725 0.296668
vt 0.211758 0.313440
vt 0.213025 0.306761
vt 0.214358 0.306761
vt 0.211758 0.306761
vt 0.196070 0.192826
vt 0.198726 0.192862
vt 0.198460 0.211489
vt 0.196515 0.212437
vt 0.201380 0.192941
vt 0.200380 0.212483
vt 0.198270 0.229870
vt 0.196807 0.230553
vt 0.199715 0.230595
vt 0.198108 0.237816
vt 0.194545 0.239394
vt 0.201593 0.239590
vt 0.197942 0.243496
vt 0.193712 0.245523
vt 0.202031 0.245800
vt 0.197858 0.246177
vt 0.193456 0.250667
vt 0.202081 0.248668
vt 0.197822 0.249290
vt 0.194064 0.251073
vt 0.201425 0.251304
vt 0.192478 0.256619
vt 0.193187 0.256286
vt 0.202533 0.256946
vt 0.201834 0.256551
vt 0.194445 0.251334
vt 0.193594 0.256097
vt 0.195517 0.259461
vt 0.195182 0.260392
vt 0.199267 0.259568
vt 0.199563 0.260525
vt 0.201441 0.256331
vt 0.201022 0.251527
vt 0.194923 0.251670
vt 0.194119 0.255857
vt 0.195674 0.258960
vt 0.199132 0.259058
vt 0.200935 0.256050
vt 0.200516 0.251815
vt 0.197777 0.250381
vt 0.197803 0.249738
vt 0.140515 0.209571
vt 0.194616 0.255635
vt 0.195878 0.258354
vt 0.198954 0.258440
vt 0.200442 0.255779
vt 0.200092 0.252061
vt 0.196124 0.257831
vt 0.198724 0.257893
vt 0.175427 0.275180
vt 0.175427 0.267658
vt 0.176342 0.267658
vt 0.176342 0.275621
vt 0.174511 0.267658
vt 0.174511 0.275621
vt 0.175427 0.265966
vt 0.176342 0.265966
vt 0.176342 0.285471
vt 0.175427 0.285030
vt 0.174511 0.265966
vt 0.174511 0.285471
vt 0.178761 0.292319
vt 0.175454 0.290727
vt 0.172147 0.292319
vt 0.175470 0.295900
vt 0.180358 0.298254
vt 0.170581 0.298256
vt 0.181232 0.301487
vt 0.175478 0.298715
vt 0.169728 0.301487
vt 0.175468 0.308980
vt 0.182641 0.310617
vt 0.168296 0.310617
vt 0.178658 0.316241
vt 0.172273 0.316241
vt 0.084873 0.292685
vt 0.085627 0.293238
vt 0.086162 0.295878
vt 0.084873 0.295882
vt 0.085629 0.298546
vt 0.084872 0.299099
vt 0.080738 0.295882
vt 0.080730 0.292685
vt 0.080729 0.299099
vt 0.084861 0.291916
vt 0.080723 0.291916
vt 0.084861 0.299884
vt 0.080723 0.299884
vt 0.075568 0.295705
vt 0.074912 0.295704
vt 0.074708 0.293370
vt 0.075568 0.292882
vt 0.075567 0.299175
vt 0.074664 0.298673
vt 0.079702 0.292882
vt 0.079711 0.295705
vt 0.079702 0.299175
vt 0.075559 0.291916
vt 0.079698 0.291916
vt 0.075560 0.300079
vt 0.079699 0.300079
vt 0.031409 0.340306
vt 0.026562 0.340019
vt 0.027101 0.339724
vt 0.031314 0.339979
vt 0.027583 0.338594
vt 0.027752 0.338746
vt 0.031409 0.338861
vt 0.031221 0.338892
vt 0.122039 0.239441
vt 0.122954 0.239403
vt 0.122954 0.245886
vt 0.122039 0.245670
vt 0.122039 0.237072
vt 0.122954 0.237033
vt 0.122954 0.253827
vt 0.122039 0.253865
vt 0.121123 0.239401
vt 0.121123 0.245773
vt 0.122038 0.203584
vt 0.122951 0.203546
vt 0.121123 0.237032
vt 0.121123 0.253825
vt 0.122024 0.201827
vt 0.122944 0.201827
vt 0.121123 0.203544
vt 0.121116 0.201827
vt 0.144455 0.356418
vt 0.144333 0.351777
vt 0.149890 0.351857
vt 0.149801 0.356489
vt 0.139221 0.356921
vt 0.137927 0.353290
vt 0.150084 0.342991
vt 0.144092 0.342903
vt 0.154986 0.357076
vt 0.156243 0.353459
vt 0.142317 0.288568
vt 0.140108 0.287258
vt 0.144321 0.338567
vt 0.149849 0.338659
vt 0.141183 0.286272
vt 0.022545 0.307377
vt 0.144257 0.334722
vt 0.149906 0.334812
vt 0.022573 0.311804
vt 0.024971 0.311962
vt 0.144232 0.331154
vt 0.149925 0.331239
vt 0.020655 0.328246
vt 0.023618 0.328353
vt 0.144701 0.328217
vt 0.087689 0.293169
vt 0.036951 0.330169
vt 0.039495 0.313328
vt 0.027350 0.311917
vt 0.025715 0.328509
vt 0.024199 0.335622
vt 0.021534 0.336093
vt 0.034438 0.336585
vt 0.025909 0.334981
vt 0.024262 0.335878
vt 0.021651 0.336459
vt 0.034299 0.336828
vt 0.025928 0.335249
vt 0.024338 0.336129
vt 0.021777 0.336811
vt 0.034137 0.337050
vt 0.025972 0.335507
vt 0.024426 0.336375
vt 0.021910 0.337148
vt 0.033957 0.337249
vt 0.024527 0.336615
vt 0.022049 0.337472
vt 0.026405 0.339846
vt 0.023670 0.341228
vt 0.023892 0.341387
vt 0.036194 0.312721
vt 0.033347 0.312295
vt 0.031302 0.329065
vt 0.034221 0.329588
vt 0.030545 0.311987
vt 0.028398 0.328725
vt 0.030509 0.333852
vt 0.032729 0.334964
vt 0.028041 0.334137
vt 0.032643 0.335237
vt 0.030458 0.334167
vt 0.028027 0.334425
vt 0.032538 0.335493
vt 0.030408 0.334471
vt 0.028036 0.334706
vt 0.080075 0.279991
vt 0.081286 0.280506
vt 0.081701 0.280792
vt 0.082210 0.282765
vt 0.081725 0.284436
vt 0.081395 0.284912
vt 0.080024 0.285465
vt 0.078644 0.284878
vt 0.078307 0.284479
vt 0.077759 0.282732
vt 0.078199 0.280818
vt 0.078587 0.280591
vt 0.080152 0.277638
vt 0.082395 0.278592
vt 0.083162 0.279121
vt 0.084107 0.282776
vt 0.083208 0.285871
vt 0.082597 0.286752
vt 0.080057 0.287776
vt 0.077501 0.286690
vt 0.076878 0.285951
vt 0.075863 0.282716
vt 0.076678 0.279170
vt 0.077395 0.278749
vt 0.080195 0.276326
vt 0.083019 0.277526
vt 0.083984 0.278193
vt 0.085173 0.282793
vt 0.084042 0.286689
vt 0.083273 0.287799
vt 0.080076 0.289088
vt 0.076859 0.287720
vt 0.076073 0.286790
vt 0.074796 0.282718
vt 0.075822 0.278254
vt 0.076725 0.277725
vt 0.140214 0.235702
vt 0.144840 0.235765
vt 0.144807 0.238709
vt 0.139692 0.238240
vt 0.145218 0.209185
vt 0.149466 0.235682
vt 0.149911 0.238199
vt 0.144761 0.242654
vt 0.139206 0.241827
vt 0.150310 0.241788
vt 0.170886 0.215239
vt 0.073583 0.213841
vt 0.174992 0.240173
vt 0.170889 0.240173
vt 0.078930 0.213841
vt 0.078930 0.239583
vt 0.174993 0.242780
vt 0.170889 0.242781
vt 0.165808 0.215239
vt 0.165811 0.240174
vt 0.174993 0.244173
vt 0.170889 0.244194
vt 0.170889 0.244041
vt 0.165811 0.242782
vt 0.170804 0.201827
vt 0.177189 0.201827
vt 0.177133 0.211197
vt 0.170749 0.211225
vt 0.181172 0.201827
vt 0.181115 0.211147
vt 0.166770 0.211211
vt 0.166827 0.201827
vt 0.201153 0.092299
vt 0.209336 0.329800
vt 0.198410 0.092243
vt 0.206488 0.322566
vt 0.209336 0.322566
vt 0.206488 0.313440
vt 0.209336 0.313440
vt 0.206488 0.306761
vt 0.209336 0.306761
vt 0.206488 0.302657
vt 0.209336 0.302657
vt 0.206488 0.297946
vt 0.209336 0.297946
vt 0.206488 0.293728
vt 0.209336 0.293728
vt 0.203567 0.297946
vt 0.203567 0.293728
vt 0.206488 0.289173
vt 0.209336 0.289173
vt 0.203567 0.289173
vt 0.206488 0.284919
vt 0.209336 0.284919
vt 0.203567 0.284919
vt 0.206488 0.279871
vt 0.209336 0.279871
vt 0.203567 0.279871
vt 0.206488 0.272654
vt 0.209336 0.272654
vt 0.203567 0.272654
vt 0.203567 0.306761
vt 0.203567 0.302657
vt 0.203567 0.313440
vt 0.203567 0.322566
vt 0.206488 0.329800
vt 0.203567 0.329800
vt 0.213025 0.302657
vt 0.214358 0.302657
vt 0.211758 0.302657
vt 0.213025 0.297946
vt 0.214358 0.297946
vt 0.211758 0.297946
vt 0.213025 0.293728
vt 0.214358 0.293728
vt 0.211758 0.293728
vt 0.213025 0.289173
vt 0.214358 0.289173
vt 0.211758 0.289173
vt 0.213025 0.284919
vt 0.214358 0.284919
vt 0.211758 0.284919
vt 0.213025 0.279871
vt 0.214358 0.279871
vt 0.211758 0.279871
vt 0.213025 0.273125
vt 0.214358 0.273125
vt 0.211758 0.273125
vt 0.213025 0.272654
vt 0.218848 0.272654
vt 0.030115 0.336472
vt 0.031144 0.337358
vt 0.031039 0.337405
vt 0.030098 0.336592
vt 0.031549 0.338865
vt 0.028695 0.337145
vt 0.028787 0.337241
vt 0.031704 0.340365
vt 0.027444 0.338519
vt 0.101880 0.254722
vt 0.101801 0.245881
vt 0.109372 0.245881
vt 0.109451 0.254651
vt 0.091678 0.256037
vt 0.091678 0.245881
vt 0.111011 0.245881
vt 0.111090 0.254635
vt 0.163505 0.337664
vt 0.086224 0.245881
vt 0.078930 0.245881
vt 0.078930 0.257578
vt 0.117289 0.239335
vt 0.078930 0.242343
vt 0.086224 0.242343
vt 0.163489 0.339604
vt 0.156822 0.335724
vt 0.149454 0.328296
vt 0.073583 0.255215
vt 0.073583 0.254999
vt 0.073583 0.253890
vt 0.073583 0.249994
vt 0.073583 0.245881
vt 0.218848 0.329800
vt 0.086224 0.239583
vt 0.073583 0.242343
vt 0.073583 0.244727
vt 0.073583 0.244514
vt 0.170730 0.340539
vt 0.123599 0.342383
vt 0.163473 0.342745
vt 0.156674 0.338837
vt 0.068421 0.253929
vt 0.068396 0.250033
vt 0.068365 0.245433
vt 0.119652 0.203478
vt 0.218848 0.322566
vt 0.086224 0.213841
vt 0.073583 0.239583
vt 0.130655 0.339451
vt 0.158833 0.257603
vt 0.124688 0.344860
vt 0.163415 0.346320
vt 0.156539 0.342438
vt 0.119637 0.201827
vt 0.218848 0.313440
vt 0.130669 0.342589
vt 0.137173 0.333615
vt 0.137292 0.335526
vt 0.125130 0.348038
vt 0.163367 0.349817
vt 0.156520 0.345992
vt 0.111687 0.203343
vt 0.111673 0.201827
vt 0.218848 0.306761
vt 0.130724 0.346165
vt 0.137444 0.338638
vt 0.158832 0.246102
vt 0.165812 0.245837
vt 0.170891 0.257558
vt 0.125084 0.351738
vt 0.163302 0.355888
vt 0.101824 0.201827
vt 0.101832 0.203435
vt 0.218848 0.302657
vt 0.130765 0.349667
vt 0.137582 0.342239
vt 0.158831 0.242783
vt 0.170890 0.245836
vt 0.170890 0.249916
vt 0.170891 0.253989
vt 0.170891 0.254918
vt 0.170891 0.255148
vt 0.151832 0.256038
vt 0.151831 0.246103
vt 0.169043 0.357318
vt 0.162502 0.358626
vt 0.095011 0.206840
vt 0.094975 0.201827
vt 0.218848 0.297946
vt 0.137608 0.345798
vt 0.158831 0.240175
vt 0.170889 0.244924
vt 0.174993 0.245836
vt 0.174994 0.249954
vt 0.174994 0.254027
vt 0.141670 0.254723
vt 0.141669 0.246104
vt 0.125303 0.359732
vt 0.155001 0.366608
vt 0.142197 0.281478
vt 0.089088 0.209704
vt 0.089041 0.201827
vt 0.218848 0.293728
vt 0.158828 0.215240
vt 0.134060 0.254653
vt 0.134137 0.246105
vt 0.145407 0.281213
vt 0.149688 0.366979
vt 0.085865 0.211243
vt 0.085808 0.201827
vt 0.218848 0.289173
vt 0.132421 0.254638
vt 0.132498 0.246105
vt 0.131637 0.358491
vt 0.146483 0.284178
vt 0.076706 0.201827
vt 0.076706 0.211212
vt 0.218848 0.284919
vt 0.144852 0.287653
vt 0.218848 0.279871
vt 0.211758 0.329800
vt 0.126063 0.236969
vt 0.124848 0.203481
vt 0.124863 0.201827
vt 0.131818 0.203345
vt 0.131831 0.201827
vt 0.141681 0.201827
vt 0.141672 0.203436
vt 0.148529 0.201827
vt 0.148494 0.206841
vt 0.154466 0.201827
vt 0.154417 0.209704
vt 0.157696 0.201827
vt 0.157640 0.211243
vt 0.130830 0.355747
vt 0.125099 0.357301
vt 0.144539 0.366938
vt 0.142629 0.287132
vt 0.144283 0.286557
vt 0.041889 0.313984
vt 0.032417 0.335728
vt 0.030362 0.334756
vt 0.032284 0.335941
vt 0.033765 0.337424
vt 0.030320 0.335017
vt 0.028065 0.334975
vt 0.034784 0.338791
vt 0.035084 0.338636
vt 0.028114 0.335230
vt 0.026037 0.335753
vt 0.026124 0.335986
vt 0.140958 0.284459
vt 0.030896 0.337484
vt 0.030090 0.336727
vt 0.028917 0.337399
vt 0.139746 0.284418
vt 0.123470 0.340550
vt 0.170597 0.342373
vt 0.169506 0.344854
vt 0.169092 0.351741
vt 0.169056 0.348035
vt 0.111816 0.264470
vt 0.110900 0.264470
vt 0.203895 0.092380
vt 0.149922 0.209554
vt 0.195316 0.251952
vt 0.197760 0.250840
vt 0.087756 0.298476
vt 0.073583 0.257561
vt 0.130638 0.337513
vt 0.165813 0.257576
vt 0.156938 0.333810
vt 0.086224 0.257604
vt 0.162087 0.366459
vt 0.126340 0.366686
vt 0.132124 0.366365
vt 0.139225 0.366510
vt 0.167863 0.366712
vt 0.168819 0.359753
vt 0.035379 0.338440
vt 0.035661 0.338200
vt 0.035924 0.337917
vt 0.039119 0.330632
vt 0.030302 0.306945
vt 0.027110 0.307173
vt 0.033621 0.306055
vt 0.024780 0.307347
vt 0.037410 0.306523
vt 0.041231 0.307869
vt 0.043885 0.308945
vt 0.126221 0.239338
vt 0.117445 0.236966
vt 0.174989 0.215238
vt 0.197858 0.248460
vt 0.202081 0.250951
vt 0.193456 0.248385
vn 0.079148 0.290446 0.953613
vn 0.045595 -0.410734 0.910615
vn -0.003776 -0.402457 0.915431
vn 0.003447 0.367451 0.930036
vn -0.075176 -0.361394 0.929378
vn 0.470536 -0.046065 0.881178
vn 0.486300 -0.017423 0.873618
vn 0.219432 -0.189323 0.957082
vn 0.947273 -0.320429 0.000418
vn 0.884929 -0.465725 0.000329
vn 0.456010 -0.250004 0.854138
vn 0.431457 -0.174549 0.885086
vn 0.998495 0.054839 0.000000
vn 0.384509 -0.024466 -0.922797
vn 0.360168 0.000469 -0.932887
vn 0.998714 0.050701 0.000000
vn -0.172129 0.010638 -0.985017
vn 0.430154 -0.254564 -0.866121
vn 0.406546 -0.217350 -0.887400
vn -0.199904 0.115447 -0.972991
vn -0.819992 0.256832 -0.511518
vn -0.785235 0.431272 -0.444310
vn -0.224934 0.128100 -0.965917
vn -0.821093 0.237961 0.518827
vn -0.782492 0.421988 0.457857
vn 0.857561 -0.514373 -0.002968
vn 0.461416 -0.217305 -0.860159
vn 0.059887 -0.185678 -0.980784
vn 0.214367 0.267383 -0.939443
vn 0.356491 0.260434 -0.897267
vn -0.151394 0.089773 0.984388
vn 0.401839 -0.251882 0.880387
vn -0.204069 0.078456 0.975808
vn 0.875690 -0.482873 -0.000884
vn 0.373282 -0.160786 -0.913678
vn 0.099906 0.994997 -0.000152
vn 0.009381 0.999956 0.000000
vn -0.173991 -0.027562 0.984362
vn -0.765234 0.407627 0.498255
vn 0.493682 0.253019 0.832021
vn 0.346136 0.216051 0.912969
vn 0.423845 -0.287154 0.859010
vn 0.003749 0.399615 -0.916675
vn 0.094598 0.995515 0.000887
vn 0.504827 0.863220 -0.001029
vn -0.620460 0.654050 -0.432722
vn -0.081404 0.287973 -0.954173
vn -0.219204 0.107534 0.969735
vn 0.908051 -0.418808 -0.006563
vn 0.472373 -0.026525 -0.881000
vn -0.615514 0.646208 0.451174
vn 0.377702 -0.179972 0.908268
vn 0.960103 -0.279522 -0.008408
vn -0.071446 0.271287 0.959843
vn 0.480952 -0.040738 0.875800
vn -0.167659 0.079116 -0.982665
vn 0.143410 0.483615 -0.863452
vn -0.262257 0.890324 -0.372216
vn -0.787260 0.489745 -0.374661
vn 0.414448 0.262339 -0.871442
vn 0.421250 -0.250685 -0.871611
vn 0.993473 0.113713 -0.008945
vn 0.279075 -0.499945 -0.819861
vn 0.510220 -0.859995 -0.009136
vn -0.256491 0.885453 0.387538
vn -0.779346 0.485996 0.395509
vn 0.292501 -0.507575 0.810439
vn 0.427404 0.251213 0.868457
vn 0.566397 -0.072350 -0.820951
vn 0.990146 -0.139692 -0.009824
vn 0.156430 0.471610 0.867821
vn -0.149108 0.070504 0.986304
vn 0.436533 -0.257592 0.862024
vn 0.580061 -0.079649 0.810670
vn 0.905219 -0.424814 -0.010595
vn -0.212085 0.120067 -0.969847
vn -0.785495 0.527224 -0.324088
vn 0.438859 -0.294609 -0.848887
vn -0.779307 0.523864 0.343872
vn 0.844942 -0.534735 -0.011508
vn 0.453900 -0.302305 0.838204
vn -0.194556 0.110705 0.974624
vn 0.401163 -0.308406 -0.862527
vn -0.301674 0.250874 -0.919813
vn -0.744788 0.620423 -0.245695
vn 0.799358 -0.600727 -0.012402
vn -0.741111 0.617238 0.264145
vn 0.415312 -0.319099 0.851875
vn -0.287224 0.238961 0.927578
vn 0.394459 -0.420191 -0.817216
vn -0.208353 0.155992 -0.965534
vn 0.311366 -0.472305 -0.824609
vn -0.216463 0.153075 -0.964216
vn 0.710818 -0.703296 -0.010605
vn 0.226045 -0.518114 -0.824901
vn -0.224864 0.151739 -0.962503
vn -0.691123 0.667592 -0.276893
vn 0.595070 -0.803599 -0.010950
vn 0.132466 -0.532693 -0.835878
vn -0.257430 0.201751 -0.945001
vn 0.463849 -0.885846 -0.011041
vn -0.639262 0.715913 -0.280736
vn 0.331995 -0.943212 -0.011425
vn -0.583761 0.761068 -0.282839
vn 0.406455 -0.430958 0.805649
vn -0.528733 0.805798 -0.266705
vn 0.104816 -0.487640 -0.866730
vn -0.296930 0.282073 -0.912287
vn 0.322239 -0.484337 0.813376
vn 0.235504 -0.531193 0.813862
vn -0.687044 0.663108 0.297085
vn 0.325876 -0.945323 -0.012988
vn 0.140735 -0.547171 0.825104
vn -0.635517 0.710933 0.301152
vn -0.527905 0.810001 -0.255370
vn -0.580438 0.755674 0.303394
vn -0.526162 0.800649 0.286558
vn -0.194244 0.141958 0.970627
vn 0.113561 -0.503283 0.856627
vn -0.204080 0.138096 0.969165
vn -0.214137 0.135802 0.967318
vn -0.248294 0.184848 0.950884
vn -0.525585 0.805469 0.273825
vn -0.288433 0.266162 0.919763
vn -0.618632 -0.785681 -0.000218
vn -0.743223 -0.669043 0.000259
vn -0.156379 -0.318334 -0.934992
vn 0.079788 0.325517 -0.942164
vn -0.756957 0.424176 -0.497083
vn -0.009383 -0.999956 0.000000
vn 0.435489 -0.139984 -0.889243
vn 0.233731 0.972301 -0.000251
vn 0.146963 0.175440 0.973459
vn 0.953041 -0.302841 -0.001071
vn 0.390592 -0.175325 0.903714
vn -0.703934 0.483731 0.520078
vn -0.003500 -0.373035 -0.927811
vn 0.077710 -0.379654 0.921859
vn -0.153180 0.077831 0.985129
vn 0.149480 0.211566 -0.965865
vn 0.747530 0.664225 -0.001919
vn 0.172862 -0.031383 0.984446
vn 0.394564 -0.141285 -0.907942
vn -0.697596 0.448667 0.558621
vn 0.176128 0.006734 -0.984344
vn 0.002286 -0.999997 -0.000003
vn 0.217149 -0.119997 0.968735
vn 0.047707 -0.381054 -0.923321
vn 0.082277 -0.348366 -0.933741
vn 0.010418 -0.999946 0.000005
vn -0.148202 0.128169 -0.980617
vn -0.696599 0.499302 -0.515215
vn -0.163094 0.112252 0.980204
vn -0.616220 0.573343 0.539954
vn -0.046946 0.025849 0.998563
vn -0.443870 0.220591 0.868516
vn -0.149811 0.116294 -0.981851
vn -0.689349 0.466694 -0.554071
vn 0.222430 -0.083704 -0.971349
vn 0.438998 -0.898484 0.002887
vn -0.159166 0.150582 -0.975700
vn -0.605791 0.588752 -0.535153
vn -0.095931 -0.003981 0.995380
vn -0.270585 0.070380 0.960120
vn -0.270585 0.070380 0.960120
vn -0.270585 0.070380 0.960120
vn -0.270585 0.070380 0.960120
vn -0.330204 0.004624 0.943898
vn 0.972023 -0.234876 -0.002148
vn 0.498345 -0.182058 0.847648
vn -0.044700 0.063207 -0.996999
vn -0.441085 0.249820 -0.861994
vn 0.501331 -0.151976 -0.851805
vn 0.466621 0.030757 0.883923
vn 0.997835 0.065772 -0.000000
vn -0.404717 -0.026355 0.914062
vn -0.968164 -0.250158 -0.008895
vn -0.989744 -0.126814 0.065761
vn -0.968669 -0.083944 0.233739
vn -0.954911 0.004405 0.296859
vn -0.978441 0.076075 0.192004
vn -0.981261 0.165680 0.098375
vn -0.963840 0.266451 -0.004013
vn -0.983011 0.160364 -0.089292
vn -0.976565 0.084650 -0.197876
vn -0.954816 0.016330 -0.296749
vn -0.969318 -0.079213 -0.232697
vn -0.987423 -0.143793 -0.065723
vn 0.466620 0.030757 -0.883923
vn -0.094568 0.032180 -0.994998
vn -0.329704 0.039918 -0.943240
vn -0.268202 0.105131 -0.957609
vn -0.268202 0.105131 -0.957609
vn -0.268202 0.105131 -0.957609
vn -0.268202 0.105131 -0.957609
vn 0.656184 -0.754601 0.000032
vn 0.656179 -0.754605 -0.000320
vn 0.656179 -0.754605 -0.000320
vn 0.656184 -0.754601 0.000032
vn -0.732278 -0.368856 0.572463
vn -0.138303 -0.201335 0.969710
vn -0.469011 -0.162001 0.868208
vn -0.469011 -0.162001 0.868208
vn 0.425926 -0.432035 0.794942
vn 0.485217 0.030715 0.873854
vn -0.375355 0.063741 0.924687
vn 0.030671 -0.424281 0.905011
vn -0.408254 -0.027230 -0.912462
vn 0.656188 -0.754597 0.000384
vn 0.656188 -0.754597 0.000384
vn -0.375309 0.060391 -0.924930
vn 0.485058 0.029995 -0.873967
vn 0.427632 -0.442672 -0.788145
vn 0.031103 -0.435934 -0.899441
vn -0.869849 -0.092456 0.484577
vn -0.170803 -0.062699 0.983308
vn -0.986816 0.161848 0.000001
vn -0.006511 0.999979 0.000003
vn 0.000513 0.458569 0.888659
vn -0.009852 -0.468962 0.883163
vn 0.000518 0.447390 -0.894339
vn 0.016701 -0.999861 -0.000001
vn 0.071628 -0.997432 -0.000001
vn -0.009792 -0.479837 -0.877303
vn -0.140083 -0.167018 -0.975952
vn -0.736578 -0.348244 -0.579810
vn -0.473762 -0.127416 -0.871387
vn -0.473762 -0.127416 -0.871387
vn -0.170736 -0.026455 -0.984962
vn -0.874707 -0.074584 -0.478879
vn 0.171493 -0.492100 0.853480
vn 0.340252 0.396292 0.852749
vn 0.166436 -0.506104 -0.846261
vn 0.339673 0.382731 -0.859151
vn 0.005345 -0.927426 -0.373970
vn 0.005345 -0.927425 -0.373970
vn 0.005345 -0.927425 -0.373970
vn 0.005345 -0.927426 -0.373970
vn 0.510112 -0.051277 0.858578
vn 0.999420 -0.033829 0.003983
vn 0.424937 0.395324 0.814339
vn 0.251243 -0.491791 0.833678
vn 0.519556 0.011157 0.854364
vn 0.427355 0.565492 0.705398
vn 0.826633 0.562741 0.000347
vn 0.999572 0.028864 -0.004796
vn 0.433359 0.558396 0.707386
vn 0.836723 0.547626 0.001071
vn 0.425173 0.565054 0.707066
vn 0.826781 0.562524 0.000282
vn 0.236411 0.139765 0.961549
vn 0.551219 0.834360 -0.001000
vn 0.406212 0.388036 0.827297
vn 0.225291 -0.437081 0.870749
vn 0.005884 -0.920246 0.391297
vn 0.005884 -0.920246 0.391297
vn 0.005884 -0.920246 0.391297
vn 0.005884 -0.920246 0.391297
vn 0.236052 -0.513181 -0.825182
vn 0.424387 0.384659 -0.819715
vn 0.161895 -0.385995 0.908184
vn 0.515333 0.042526 -0.855934
vn 0.422798 0.582505 -0.694212
vn 0.429306 0.575160 -0.696339
vn 0.516119 -0.019579 -0.856293
vn 0.420640 0.582063 -0.695891
vn 0.236954 0.124325 -0.963533
vn -0.015646 -0.999827 -0.010062
vn 0.008658 -0.999956 -0.003678
vn 0.700436 -0.713716 0.000000
vn 0.998046 0.062484 -0.000000
vn -0.133913 0.602764 0.786602
vn -0.169119 0.004828 0.985584
vn -0.880181 0.013131 0.474457
vn -0.608836 0.718262 0.336777
vn 0.222960 -0.444285 -0.867698
vn -0.128336 0.619616 0.774342
vn -0.557103 0.772331 0.305191
vn -0.125447 0.612738 0.780266
vn -0.577698 0.751180 0.319364
vn -0.015632 -0.999847 -0.007890
vn 0.405340 0.378306 -0.832217
vn -0.177339 0.068698 0.981749
vn -0.879240 0.089350 0.467926
vn 0.161623 -0.405347 -0.899762
vn -0.875476 0.030925 -0.482271
vn -0.602801 0.724989 -0.333200
vn -0.000886 -1.000000 0.000001
vn -0.552217 0.777498 -0.300921
vn -0.166206 -0.276159 0.946632
vn -0.165295 0.041253 -0.985381
vn -0.130771 0.621184 -0.772677
vn -0.572826 0.756466 -0.315642
vn -0.005889 0.920247 -0.391293
vn -0.005889 0.920247 -0.391293
vn -0.005889 0.920247 -0.391293
vn -0.005889 0.920247 -0.391293
vn -0.844785 -0.273767 0.459771
vn -0.877037 0.081422 -0.473474
vn -0.124680 0.637214 -0.760535
vn -0.121845 0.630415 -0.766636
vn -0.174454 0.052617 -0.983259
vn -0.005329 0.927436 0.373944
vn -0.005329 0.927436 0.373944
vn -0.005329 0.927436 0.373944
vn -0.005329 0.927436 0.373944
vn -0.164588 -0.292886 -0.941875
vn -0.845092 -0.281943 -0.454233
vn -0.999608 0.028008 0.000000
vn -0.999608 0.028008 0.000000
vn -0.999608 0.028008 0.000000
vn 0.259601 0.965716 0.000280
vn -0.021895 -0.999760 -0.000027
vn 0.499822 0.866128 -0.000059
vn 0.483879 0.875135 -0.000024
vn -0.979329 -0.202275 0.000000
vn -0.979329 -0.202275 0.000000
vn -0.979329 -0.202275 0.000000
vn -0.000068 -0.007235 0.999974
vn 0.003326 0.354676 0.934983
vn -0.179507 0.350321 0.919267
vn -0.188398 -0.004951 0.982080
vn -0.003552 -0.378831 0.925459
vn -0.167657 -0.372010 0.912962
vn 0.003573 0.380949 -0.924589
vn 0.000272 0.029033 -0.999578
vn -0.188684 0.030649 -0.981560
vn -0.172409 0.376619 -0.910183
vn -0.003384 -0.360631 -0.932703
vn -0.165382 -0.354145 -0.920451
vn 0.008027 0.855545 0.517666
vn -0.214552 0.836294 0.504560
vn 0.009382 0.999882 -0.012188
vn -0.199608 0.979803 -0.011940
vn 0.008135 0.867128 -0.498019
vn -0.216755 0.847088 -0.485241
vn -0.008412 -0.896985 0.441980
vn -0.248461 -0.868505 0.428913
vn -0.009376 -0.999459 -0.031517
vn -0.216845 -0.975718 -0.030848
vn -0.008585 -0.914971 -0.403428
vn -0.239967 -0.887997 -0.392273
vn -0.879460 0.182704 0.439510
vn -0.872919 0.002404 0.487859
vn -0.908086 -0.164900 0.384952
vn -0.872386 0.017853 -0.488491
vn -0.882600 0.193270 -0.428561
vn -0.912951 -0.151607 -0.378860
vn -0.898092 0.380490 0.220587
vn -0.919249 0.393668 -0.002588
vn -0.888639 0.400711 -0.223051
vn -0.889238 -0.408879 0.205119
vn -0.924817 -0.380282 -0.010001
vn -0.888535 -0.418330 -0.188429
vn -0.997835 -0.065772 0.000000
vn 0.602460 -0.798145 -0.002675
vn 0.603143 -0.797604 -0.006769
vn 0.661088 -0.750247 -0.009618
vn 0.660997 -0.750370 -0.005345
vn 0.765758 -0.643038 -0.010802
vn 0.765774 -0.643078 -0.006358
vn 0.918946 -0.394248 -0.010336
vn 0.918776 -0.394734 -0.005923
vn 0.996037 -0.088354 -0.010174
vn 0.996160 -0.087354 -0.005822
vn 0.992992 0.117718 -0.010468
vn 0.992737 0.120154 -0.005979
vn 0.945706 0.324858 -0.010332
vn 0.945771 0.324780 -0.005914
vn 0.925911 0.377598 -0.010432
vn 0.925794 0.377980 -0.005961
vn 0.876673 0.480973 -0.010439
vn 0.876146 0.482008 -0.005967
vn 0.808969 0.587758 -0.010432
vn 0.808503 0.588462 -0.005969
vn 0.775819 0.630869 -0.010438
vn 0.775846 0.630894 -0.005964
vn 0.009241 -0.000920 0.999957
vn 0.008473 -0.001319 0.999963
vn 0.004259 -0.003602 0.999984
vn 0.004366 -0.003563 0.999984
vn 0.005436 -0.002554 0.999982
vn 0.005562 -0.002286 0.999982
vn 0.003636 -0.028871 0.999577
vn 0.003252 -0.033160 0.999445
vn 0.002007 -0.029863 0.999552
vn 0.002222 -0.024251 0.999703
vn 0.005140 0.006589 0.999965
vn 0.005199 0.006269 0.999967
vn 0.011049 -0.010919 0.999879
vn 0.011440 -0.011809 0.999865
vn 0.016970 -0.020927 0.999637
vn 0.016991 -0.020655 0.999642
vn 0.018633 -0.017134 0.999680
vn 0.018738 -0.017100 0.999678
vn 0.020151 -0.016643 0.999658
vn 0.020151 -0.016643 0.999658
vn -0.520689 0.853725 0.006068
vn -0.520364 0.853943 0.001852
vn -0.620327 0.784329 0.004726
vn -0.620150 0.784431 0.009032
vn -0.760861 0.648884 0.006341
vn -0.760862 0.648824 0.010782
vn -0.912310 0.409458 0.005941
vn -0.912443 0.409072 0.010383
vn -0.998599 0.052584 0.005871
vn -0.998428 0.055116 0.010246
vn -0.984722 -0.174038 0.005879
vn -0.984845 -0.173131 0.010266
vn -0.952503 -0.304472 0.005939
vn -0.952413 -0.304632 0.010403
vn -0.910939 -0.412497 0.005964
vn -0.911173 -0.411891 0.010456
vn -0.842884 -0.538063 0.005943
vn -0.843377 -0.537221 0.010406
vn -0.770479 -0.637437 0.005946
vn -0.770982 -0.636772 0.010422
vn -0.732858 -0.680356 0.005945
vn -0.732831 -0.680331 0.010434
vn 0.601786 -0.798656 0.001301
vn 0.660984 -0.750399 -0.001011
vn 0.765948 -0.642900 -0.001911
vn 0.918846 -0.394613 -0.001516
vn 0.996073 -0.088519 -0.001471
vn 0.993067 0.117537 -0.001496
vn 0.945766 0.324846 -0.001498
vn 0.925968 0.377599 -0.001493
vn 0.876739 0.480964 -0.001498
vn 0.809028 0.587769 -0.001509
vn 0.775858 0.630906 -0.001491
vn -0.520037 0.854141 -0.002264
vn -0.620621 0.784111 0.000373
vn -0.761005 0.648743 0.001896
vn -0.912378 0.409347 0.001506
vn -0.998467 0.055332 0.001500
vn -0.984914 -0.173037 0.001496
vn -0.952472 -0.304622 0.001477
vn -0.911239 -0.411875 0.001474
vn -0.843449 -0.537207 0.001482
vn -0.771044 -0.636781 0.001472
vn -0.732870 -0.680367 0.001456
vn -0.008478 0.001319 -0.999963
vn -0.009236 0.000924 -0.999957
vn -0.004351 0.003577 -0.999984
vn -0.004242 0.003618 -0.999985
vn -0.005563 0.002287 -0.999982
vn -0.005436 0.002554 -0.999982
vn -0.008904 -0.032366 -0.999436
vn -0.008532 -0.027891 -0.999575
vn -0.009656 -0.026111 -0.999612
vn -0.009904 -0.031494 -0.999455
vn -0.006220 0.002475 -0.999978
vn -0.006287 0.002810 -0.999976
vn 0.000462 -0.016554 -0.999863
vn 0.000051 -0.015614 -0.999878
vn 0.006703 -0.026783 -0.999619
vn 0.006646 -0.026993 -0.999614
vn 0.009280 -0.024457 -0.999658
vn 0.009144 -0.024453 -0.999659
vn 0.011100 -0.024512 -0.999638
vn 0.011100 -0.024512 -0.999638
vn 0.980791 0.195060 0.000004
vn 0.980791 0.195060 0.000004
vn 0.980791 0.195060 0.000004
vn 0.980791 0.195060 0.000004
vn 0.980792 0.195059 -0.000019
vn 0.980792 0.195059 -0.000019
vn 0.980792 0.195059 -0.000019
vn 0.980792 0.195059 -0.000019
vn 0.980793 0.195050 0.000003
vn 0.980793 0.195049 0.000003
vn 0.980793 0.195049 0.000003
vn 0.980793 0.195049 0.000003
vn 0.980792 0.195058 0.000003
vn 0.980792 0.195058 0.000003
vn 0.980792 0.195058 0.000003
vn 0.980792 0.195058 0.000003
vn 0.980788 0.195076 0.000001
vn 0.980788 0.195076 0.000001
vn 0.980788 0.195076 0.000001
vn 0.980788 0.195076 0.000001
vn 0.980792 0.195056 0.000001
vn 0.980792 0.195056 0.000001
vn 0.980792 0.195056 0.000001
vn 0.980792 0.195056 0.000001
vn 0.980790 0.195065 0.000004
vn 0.980790 0.195065 0.000004
vn 0.980790 0.195065 0.000004
vn 0.980790 0.195065 0.000004
vn -0.158657 0.797701 0.581808
vn -0.158657 0.797701 0.581808
vn -0.158657 0.797701 0.581808
vn -0.158657 0.797701 0.581808
vn -0.047128 0.236948 0.970379
vn -0.047128 0.236948 0.970379
vn -0.047128 0.236948 0.970379
vn -0.047128 0.236948 0.970379
vn 0.145982 -0.734082 0.663184
vn 0.145982 -0.734082 0.663184
vn 0.145982 -0.734082 0.663184
vn 0.145982 -0.734082 0.663184
vn -0.160932 0.809264 -0.564972
vn -0.160932 0.809264 -0.564972
vn -0.160932 0.809264 -0.564972
vn -0.160932 0.809264 -0.564972
vn 0.195032 -0.980736 -0.010964
vn 0.195032 -0.980736 -0.010964
vn 0.195032 -0.980736 -0.010964
vn 0.195032 -0.980736 -0.010964
vn -0.050545 0.254167 -0.965839
vn -0.050545 0.254167 -0.965839
vn -0.050545 0.254167 -0.965839
vn -0.050545 0.254167 -0.965839
vn 0.143013 -0.719165 -0.679962
vn 0.143013 -0.719165 -0.679962
vn 0.143013 -0.719165 -0.679962
vn 0.143013 -0.719166 -0.679962
s 1
g fuel_pump_grp feul_handle_geo
usemtl aiStandardSurface17SG
f 254/720/455 255/721/456 256/722/457 257/723/458
f 260/732/459 258/510/460 259/511/461 271/726/462
f 262/869/463 263/871/464 261/762/465 374/750/466
f 264/502/467 265/503/468 266/504/469 267/505/470
f 269/525/471 270/845/472 268/785/473 387/800/474
f 273/521/475 274/520/476 272/524/477 269/525/471
f 274/520/476 273/521/475 275/522/478 287/523/479
f 268/785/473 276/780/480 263/769/464 380/775/481
f 278/823/482 279/822/483 277/508/484 266/504/469
f 258/510/460 264/502/467 267/505/470 259/511/461
f 280/763/485 261/762/465 281/770/486 282/771/487
f 276/780/480 268/785/473 270/845/472 292/846/488
f 269/525/471 272/524/477 283/824/489 270/845/472
f 281/770/486 261/762/465 263/871/464 276/870/480
f 284/339/490 254/340/455 257/341/458 285/342/491
f 282/771/487 286/529/492 275/522/478 375/526/493
f 271/726/462 259/511/461 288/515/494 291/727/495
f 286/529/492 282/771/487 281/770/486 296/781/496
f 289/348/497 285/342/491 290/346/498 279/354/483
f 277/356/484 279/354/483 290/346/498 294/353/499
f 257/723/458 256/722/457 271/726/462 291/727/495
f 272/524/477 274/520/476 293/847/500 297/887/501
f 290/346/498 291/345/495 288/352/494 294/353/499
f 295/528/502 287/523/479 275/522/478 286/529/492
f 296/781/496 281/770/486 276/870/480 292/795/488
f 292/846/488 270/845/472 283/824/489 298/808/503
f 283/824/489 272/524/477 297/887/501 300/886/504
f 293/847/500 274/520/476 287/523/479 301/818/505
f 285/342/491 257/341/458 291/345/495 290/346/498
f 267/505/470 266/504/469 277/508/484 294/509/499
f 259/511/461 267/505/470 294/509/499 288/515/494
f 286/529/492 296/781/496 299/796/506 295/528/502
f 296/781/496 292/795/488 298/889/503 299/796/506
f 298/808/503 283/824/489 300/886/504 302/885/507
f 301/818/505 287/523/479 295/528/502 303/809/508
f 303/809/508 295/528/502 299/796/506 304/884/509
f 304/884/509 299/796/506 298/889/503 302/888/507
f 307/547/510 305/899/511 306/900/512 312/850/513
f 308/898/514 305/899/511 307/547/510 314/570/515
f 310/896/516 308/898/514 309/359/517 313/360/518
f 312/538/513 306/535/512 311/897/519 320/539/520
f 316/363/521 315/894/522 310/896/516 313/360/518
f 313/360/518 309/359/517 317/361/523 321/362/524
f 311/897/519 318/895/525 319/548/526 320/539/520
f 319/548/526 318/895/525 315/894/522 324/574/527
f 322/365/528 316/363/521 313/360/518 321/362/524
f 317/361/523 314/570/515 323/571/529 321/362/524
f 322/365/528 321/362/524 323/571/529 324/574/527
f 297/829/501 293/530/500 306/848/512 305/849/511
f 300/825/504 297/829/501 305/849/511 308/358/514
f 325/546/530 307/547/510 312/850/513 327/893/531
f 293/530/500 301/531/505 311/534/519 306/848/512
f 326/573/532 314/570/515 307/547/510 325/546/530
f 302/817/507 300/825/504 308/358/514 310/357/516
f 327/542/531 312/538/513 320/539/520 331/543/533
f 328/572/534 323/571/529 314/570/515 326/573/532
f 324/574/527 323/571/529 328/572/534 330/575/535
f 320/539/520 319/548/526 329/549/536 331/543/533
f 301/531/505 303/866/508 318/862/525 311/534/519
f 319/548/526 324/574/527 330/575/535 329/549/536
f 308/898/514 314/570/515 317/361/523 309/359/517
f 304/810/509 302/817/507 310/357/516 315/364/522
f 303/866/508 304/810/509 315/364/522 318/862/525
f 324/574/527 315/894/522 316/363/521 322/365/528
f 332/577/537 326/573/532 325/546/530 333/552/538
f 333/552/538 325/546/530 327/893/531 336/892/539
f 334/576/540 328/572/534 326/573/532 332/577/537
f 327/542/531 331/543/533 335/550/541 336/551/539
f 330/575/535 328/572/534 334/576/540 338/578/542
f 331/543/533 329/549/536 337/553/543 335/550/541
f 329/549/536 330/575/535 338/578/542 337/553/543
f 339/579/544 332/577/537 333/552/538 340/556/545
f 341/582/546 339/579/544 340/556/545 343/560/547
f 332/577/537 339/579/544 342/580/548 334/576/540
f 344/851/549 341/582/546 343/560/547 346/564/550
f 340/556/545 333/552/538 336/892/539 349/891/551
f 339/579/544 341/582/546 345/583/552 342/580/548
f 347/853/553 344/851/549 346/564/550 350/854/554
f 341/582/546 344/851/549 348/852/555 345/583/552
f 343/560/547 340/556/545 349/891/551 352/890/556
f 344/851/549 347/853/553 351/855/557 348/852/555
f 346/564/550 343/560/547 352/890/556 354/858/558
f 338/578/542 334/576/540 342/580/548 356/581/559
f 353/857/560 350/854/554 346/564/550 354/858/558
f 355/712/561 347/853/553 350/854/554 362/715/562
f 356/581/559 342/580/548 345/583/552 357/584/563
f 357/584/563 345/583/552 348/852/555 360/856/564
f 358/554/565 349/555/551 336/551/539 335/550/541
f 359/711/566 351/855/557 347/853/553 355/712/561
f 360/856/564 348/852/555 351/855/557 365/859/567
f 361/558/568 352/559/556 349/555/551 358/554/565
f 362/715/562 350/854/554 353/857/560 369/718/569
f 363/562/570 354/563/558 352/559/556 361/558/568
f 364/565/571 353/566/560 354/563/558 363/562/570
f 337/553/543 338/578/542 356/581/559 366/557/572
f 365/859/567 351/855/557 359/711/566 371/716/573
f 366/557/572 356/581/559 357/584/563 367/561/574
f 366/557/572 358/554/565 335/550/541 337/553/543
f 367/561/574 357/584/563 360/856/564 368/860/575
f 367/561/574 361/558/568 358/554/565 366/557/572
f 368/860/575 360/856/564 365/859/567 370/861/576
f 368/860/575 363/562/570 361/558/568 367/561/574
f 370/861/576 364/565/571 363/562/570 368/860/575
f 353/566/560 364/565/571 372/567/577 369/568/569
f 370/861/576 365/859/567 371/716/573 373/719/578
f 364/565/571 370/861/576 373/719/578 372/567/577
f 260/872/459 271/369/462 376/368/579 381/873/580
f 266/504/469 265/503/468 377/901/581 278/823/482
f 378/347/582 284/339/490 285/342/491 289/348/497
f 375/526/493 275/522/478 273/521/475 392/527/583
f 256/366/457 379/367/584 376/368/579 271/369/462
f 380/775/481 263/769/464 262/761/463 390/766/585
f 254/340/455 284/339/490 382/343/586 384/344/587
f 383/868/588 262/869/463 374/750/466 386/735/589
f 377/379/581 381/873/580 376/368/579 278/373/482
f 280/763/485 282/771/487 375/526/493 393/533/590
f 385/816/591 289/815/497 279/822/483 278/823/482
f 255/721/456 254/720/455 384/724/587 397/725/592
f 273/521/475 269/525/471 387/800/474 392/527/583
f 388/751/593 374/750/466 261/762/465 280/763/485
f 382/343/586 284/339/490 378/347/582 394/349/594
f 389/748/595 383/868/588 386/735/589 391/728/596
f 390/766/585 262/761/463 383/749/588 395/759/597
f 384/344/587 382/343/586 389/350/595 391/351/596
f 388/751/593 280/763/485 393/533/590 402/537/598
f 379/367/584 385/372/591 278/373/482 376/368/579
f 395/759/597 383/749/588 389/867/595 403/880/599
f 389/350/595 382/343/586 394/349/594 403/355/599
f 255/370/456 396/371/600 379/367/584 256/366/457
f 397/725/592 384/724/587 391/883/596 405/729/601
f 394/793/594 378/806/582 398/807/602 409/794/603
f 398/807/602 378/806/582 289/815/497 385/816/591
f 399/376/604 396/371/600 255/370/456 397/377/592
f 392/527/583 387/800/474 400/786/605 404/532/606
f 401/736/607 386/735/589 374/750/466 388/751/593
f 401/736/607 388/751/593 402/537/598 406/541/608
f 398/378/602 396/371/600 399/376/604 409/382/603
f 380/775/481 400/786/605 387/800/474 268/785/473
f 396/371/600 398/378/602 385/372/591 379/367/584
f 407/882/609 401/736/607 406/541/608 412/737/610
f 404/532/606 400/786/605 408/776/611 411/536/612
f 407/882/609 391/728/596 386/735/589 401/736/607
f 403/760/599 394/793/594 409/794/603 417/777/613
f 410/383/614 399/376/604 397/377/592 405/384/601
f 411/536/612 408/776/611 413/768/615 415/540/616
f 404/532/606 393/533/590 375/526/493 392/527/583
f 409/382/603 399/376/604 410/383/614 417/388/613
f 390/766/585 408/776/611 400/786/605 380/775/481
f 414/730/617 407/731/609 412/879/610 459/738/618 458/739/619 426/740/620 425/741/621 433/742/622
f 416/623/623 410/628/614 405/629/601 419/624/624
f 415/540/616 413/768/615 418/767/625 420/544/626
f 417/630/613 410/628/614 416/623/623 424/627/627
f 395/759/597 413/768/615 408/776/611 390/766/585
f 568/514/628 569/506/629 264/502/467 258/510/460
f 567/902/630 568/514/628 258/510/460 260/732/459
f 411/536/612 402/537/598 393/533/590 404/532/606
s 9
f 565/585/631 564/586/632 557/587/633 555/588/634 556/589/635 561/590/636 562/591/637 563/592/638 558/593/639 559/594/640 560/595/641 566/596/642
s 1
f 569/506/629 570/507/643 265/503/468 264/502/467
f 420/779/626 418/881/625 428/778/644 444/788/645 438/789/646 437/790/647 478/791/648 477/792/649
f 414/730/617 405/729/601 391/883/596 407/731/609
s 10
f 582/709/650 592/710/651 602/707/652 612/706/653
s 1
f 431/745/654 430/733/655 414/730/617 433/742/622 516/746/656 515/747/657
f 432/519/658 421/518/659 423/755/660 435/764/661
f 570/507/643 571/832/662 377/901/581 265/503/468
s 10
f 622/680/663 582/709/650 612/706/653 632/708/664
s 1
f 434/833/665 427/513/666 436/517/667 441/834/668
f 440/758/669 439/636/670 430/733/655 431/745/654
f 403/880/599 418/767/625 413/768/615 395/759/597
f 423/393/660 429/394/671 442/395/672 443/396/673
f 435/764/661 423/755/660 443/772/673 448/773/674
f 442/395/672 429/394/671 434/397/665 447/398/675
f 445/442/676 446/443/677 435/444/661 448/445/674
f 447/835/675 434/833/665 441/834/668 449/836/678
f 441/446/668 446/443/677 445/442/676 449/447/678
f 415/540/616 406/541/608 402/537/598 411/536/612
f 428/778/644 450/644/679 451/638/680 524/643/681 523/802/682 444/788/645
f 450/644/679 452/640/683 453/634/684 451/638/680
f 454/782/685 448/773/674 443/772/673 456/783/686
f 420/544/626 412/737/610 406/541/608 415/540/616
f 447/835/675 449/836/678 455/837/687 457/838/688
f 430/733/655 419/734/624 405/729/601 414/730/617
f 417/777/613 428/778/644 418/881/625 403/760/599
s off
f 458/468/689 459/469/690 460/470/691 461/471/692
s 1
f 462/621/693 463/622/694 416/623/623 419/624/624
f 456/783/686 464/797/695 465/798/696 454/782/685
f 439/636/670 462/744/693 419/734/624 430/733/655
f 468/876/697 466/426/698 467/432/699 475/877/700
f 467/432/699 466/426/698 469/418/701 476/433/702
f 469/418/701 471/412/703 470/411/704 476/433/702
f 470/411/704 471/412/703 472/409/705 479/904/706
f 464/797/695 473/811/707 474/812/708 465/798/696
s off
f 461/471/709 460/470/710 477/472/711 478/473/712
s 1
f 457/838/688 455/837/687 480/839/713 482/840/714
f 473/811/707 472/819/705 481/820/715 474/812/708
f 483/439/716 475/877/700 467/432/699 484/431/717
f 484/431/717 467/432/699 476/433/702 486/425/718
f 463/622/694 485/626/719 424/627/627 416/623/623
f 486/425/718 476/433/702 470/411/704 487/413/720
f 487/413/720 470/411/704 479/904/706 494/905/721
f 488/457/722 489/455/723 465/454/696 474/458/708
f 432/519/658 490/516/724 422/512/725 421/518/659
f 490/516/724 436/517/667 427/513/666 422/512/725
f 492/427/726 493/435/727 491/440/728 495/436/729
f 480/456/713 489/455/723 488/457/722 501/459/730
f 496/419/731 492/427/726 495/436/729 497/428/732
f 435/444/661 446/443/677 490/448/724 432/449/658
f 498/415/733 496/419/731 497/428/732 502/420/734
f 474/458/708 481/460/715 499/461/735 488/457/722
f 501/841/730 500/842/736 482/840/714 480/839/713
f 503/414/737 498/415/733 502/420/734 504/421/738
f 446/443/677 441/446/668 436/452/667 490/448/724
f 424/787/627 450/644/679 428/778/644 417/777/613
f 501/459/730 488/457/722 499/461/735 505/462/739
f 505/843/739 494/844/721 500/842/736 501/841/730
f 495/436/729 491/440/728 506/441/740 508/437/741
f 499/461/735 481/460/715 507/463/742
f 497/428/732 495/436/729 508/437/741 512/429/743
f 481/460/715 509/464/744 507/463/742
f 506/441/740 511/438/745 510/430/746 508/437/741
f 502/420/734 497/428/732 512/429/743 518/422/747
s off
f 513/481/748 514/482/749 515/483/750 516/484/751
s 1
f 517/646/752 509/649/744 503/650/737 504/647/738
f 485/801/719 452/640/683 450/644/679 424/787/627
f 504/421/738 502/420/734 518/422/747 521/423/753
f 508/437/741 510/430/746 519/424/754 512/429/743
f 505/462/739 499/461/735 507/463/742
f 512/429/743 519/424/754 520/417/755 518/422/747
f 518/422/747 520/417/755 522/416/756 521/423/753
s off
f 523/485/757 524/486/758 514/482/759 513/481/760
s 1
f 509/464/744 517/466/752 507/463/742
f 468/434/697 475/625/700 463/622/694 462/621/693
f 453/634/684 440/633/669 431/637/654 451/638/680
f 525/465/761 505/462/739 507/463/742
f 521/648/753 522/651/756 525/652/761 526/645/762
f 493/635/727 468/757/697 462/744/693 439/636/670
f 517/466/752 526/467/762 507/463/742
f 526/467/762 525/465/761 507/463/742
f 459/469/763 412/545/610 420/878/626 477/472/764 460/470/765
f 527/399/766 456/400/686 443/396/673 442/395/672
f 475/625/700 483/875/716 485/626/719 463/622/694
f 457/401/688 527/399/766 442/395/672 447/398/675
f 454/450/685 528/451/767 445/442/676 448/445/674
f 528/451/767 455/453/687 449/447/678 445/442/676
f 491/632/728 493/635/727 439/636/670 440/758/669
f 529/402/768 464/403/695 456/400/686 527/399/766
f 483/814/716 511/639/745 452/640/683 485/801/719
f 530/405/769 473/406/707 464/403/695 529/402/768
f 482/404/714 529/402/768 527/399/766 457/401/688
f 479/408/706 472/906/705 473/406/707 530/405/769
f 465/454/696 489/455/723 528/451/767 454/450/685
f 506/631/740 491/903/728 440/633/669 453/634/684
f 492/427/726 466/426/698 468/876/697 493/435/727
f 496/419/731 469/418/701 466/426/698 492/427/726
f 489/455/723 480/456/713 455/453/687 528/451/767
f 511/639/745 506/631/740 453/634/684 452/640/683
f 471/412/703 469/418/701 496/419/731 498/415/733
f 500/407/736 530/405/769 529/402/768 482/404/714
f 503/414/737 472/409/705 471/412/703 498/415/733
f 494/410/721 479/408/706 530/405/769 500/407/736
f 509/826/744 481/820/715 472/819/705 503/827/737
f 451/638/680 431/637/654 515/641/770 514/642/771 524/643/772
f 484/431/717 510/430/746 511/438/745 483/439/716
f 486/425/718 519/424/754 510/430/746 484/431/717
f 520/417/755 519/424/754 486/425/718 487/413/720
f 494/905/721 522/416/756 520/417/755 487/413/720
f 505/843/739 525/652/761 522/651/756 494/844/721
f 526/645/762 517/646/752 504/647/738 521/648/753
s 9
f 425/741/773 426/740/774 532/752/775 531/753/776
f 433/742/777 425/741/773 531/753/776 533/754/778
f 437/790/779 438/789/780 535/804/781 534/805/782
f 438/789/780 444/788/783 536/803/784 535/804/781
f 426/477/774 458/468/785 537/475/786 532/478/775
f 458/468/785 461/471/787 538/474/788 537/475/786
f 478/473/789 437/479/779 534/480/782 539/476/790
f 461/471/787 478/473/789 539/476/790 538/474/788
f 516/484/791 433/490/777 533/491/778 540/487/792
f 513/481/793 516/484/791 540/487/792 541/488/794
f 444/492/783 523/485/795 542/489/796 536/493/784
f 523/485/795 513/481/793 541/488/794 542/489/796
f 531/612/776 532/613/775 544/601/797 543/600/798
f 533/611/778 531/612/776 543/600/798 545/599/799
f 534/617/782 535/618/781 547/606/800 546/605/801
f 535/618/781 536/619/784 548/607/802 547/606/800
f 532/613/775 537/614/786 549/602/803 544/601/797
f 537/614/786 538/615/788 550/603/804 549/602/803
f 539/616/790 534/617/782 546/605/801 551/604/805
f 538/615/788 539/616/790 551/604/805 550/603/804
f 540/610/792 533/611/778 545/599/799 552/598/806
f 541/609/794 540/610/792 552/598/806 553/597/807
f 536/619/784 542/620/796 554/608/808 548/607/802
f 542/620/796 541/609/794 553/597/807 554/608/808
f 543/600/798 544/601/797 556/589/635 555/588/634
f 545/599/799 543/600/798 555/588/634 557/587/633
f 546/605/801 547/606/800 559/594/640 558/593/639
f 547/606/800 548/607/802 560/595/641 559/594/640
f 544/601/797 549/602/803 561/590/636 556/589/635
f 549/602/803 550/603/804 562/591/637 561/590/636
f 551/604/805 546/605/801 558/593/639 563/592/638
f 550/603/804 551/604/805 563/592/638 562/591/637
f 552/598/806 545/599/799 557/587/633 564/586/632
f 553/597/807 552/598/806 564/586/632 565/585/631
f 548/607/802 554/608/808 566/596/642 560/595/641
f 554/608/808 553/597/807 565/585/631 566/596/642
s 1
f 423/755/660 421/518/659 568/514/628 567/902/630
f 421/518/659 422/512/725 569/506/629 568/514/628
f 422/512/725 427/513/666 570/507/643 569/506/629
f 427/513/666 434/833/665 571/832/662 570/507/643
f 434/397/665 429/394/671 572/653/809 571/874/662
f 429/394/671 423/393/660 567/655/630 572/653/809
s 16
f 572/686/810 567/687/811 583/685/812 573/656/813
f 573/656/813 583/685/812 584/684/814 574/658/815
f 574/658/815 584/684/814 585/682/816 575/660/817
f 575/660/817 585/682/816 586/683/818 576/662/819
f 576/662/819 586/683/818 587/668/820 577/664/821
f 577/664/821 587/668/820 588/669/822 578/666/823
f 578/666/823 588/669/822 589/672/824 579/670/825
f 579/670/825 589/672/824 590/675/826 580/673/827
f 580/673/827 590/675/826 591/678/828 581/676/829
f 581/676/829 591/678/828 592/681/830 582/679/831
s 1
f 567/743/630 260/374/459 593/381/832 583/756/833
f 583/756/833 593/381/832 594/387/834 584/765/835
f 584/765/835 594/387/834 595/391/836 585/774/837
f 585/774/837 595/391/836 596/689/838 586/784/839
f 586/784/839 596/689/838 597/692/840 587/799/841
f 587/799/841 597/692/840 598/695/842 588/813/843
f 588/813/843 598/695/842 599/698/844 589/821/845
f 589/821/845 599/698/844 600/701/846 590/828/847
f 590/828/847 600/701/846 601/704/848 591/830/849
f 591/830/849 601/704/848 602/707/850 592/710/851
s 17
f 260/374/852 381/375/853 603/380/854 593/381/855
f 593/381/855 603/380/854 604/386/856 594/387/857
f 594/387/857 604/386/856 605/390/858 595/391/859
f 595/391/859 605/390/858 606/688/860 596/689/861
f 596/689/861 606/688/860 607/691/862 597/692/863
f 597/692/863 607/691/862 608/694/864 598/695/865
f 598/695/865 608/694/864 609/697/866 599/698/867
f 599/698/867 609/697/866 610/700/868 600/701/869
f 600/701/869 610/700/868 611/703/870 601/704/871
f 601/704/871 611/703/870 612/706/872 602/707/873
s 16
f 571/654/874 572/686/810 573/656/813 613/657/875
f 613/657/875 573/656/813 574/658/815 614/659/876
f 614/659/876 574/658/815 575/660/817 615/661/877
f 615/661/877 575/660/817 576/662/819 616/663/878
f 616/663/878 576/662/819 577/664/821 617/665/879
f 617/665/879 577/664/821 578/666/823 618/667/880
f 618/667/880 578/666/823 579/670/825 619/671/881
f 619/671/881 579/670/825 580/673/827 620/674/882
f 620/674/882 580/673/827 581/676/829 621/677/883
f 621/677/883 581/676/829 582/679/831 622/680/884
s 17
f 381/375/853 377/831/885 623/385/886 603/380/854
f 603/380/854 623/385/886 624/389/887 604/386/856
f 604/386/856 624/389/887 625/392/888 605/390/858
f 605/390/858 625/392/888 626/690/889 606/688/860
f 606/688/860 626/690/889 627/693/890 607/691/862
f 607/691/862 627/693/890 628/696/891 608/694/864
f 608/694/864 628/696/891 629/699/892 609/697/866
f 609/697/866 629/699/892 630/702/893 610/700/868
f 610/700/868 630/702/893 631/705/894 611/703/870
f 611/703/870 631/705/894 632/708/895 612/706/872
s 1
f 377/831/581 571/654/662 613/657/896 623/385/897
f 623/385/897 613/657/896 614/659/898 624/389/899
f 624/389/899 614/659/898 615/661/900 625/392/901
f 625/392/901 615/661/900 616/663/902 626/690/903
f 626/690/903 616/663/902 617/665/904 627/693/905
f 627/693/905 617/665/904 618/667/906 628/696/907
f 628/696/907 618/667/906 619/671/908 629/699/909
f 629/699/909 619/671/908 620/674/910 630/702/911
f 630/702/911 620/674/910 621/677/912 631/705/913
f 631/705/913 621/677/912 622/680/914 632/708/915
s off
f 359/711/916 355/712/917 633/713/918 634/714/919
f 355/712/920 362/715/921 635/500/922 633/713/923
f 362/715/924 369/718/925 636/494/926 635/500/927
f 371/716/928 359/711/929 634/714/930 637/717/931
f 369/568/932 372/567/933 638/495/934 636/569/935
f 373/719/936 371/716/937 637/717/938 639/498/939
f 372/567/940 373/719/941 639/498/942 638/495/943
f 634/714/944 633/713/945 640/863/946 641/864/947
f 633/713/948 635/500/949 642/501/950 640/863/951
f 635/500/952 636/494/953 643/497/954 642/501/955
f 637/717/956 634/714/957 641/864/958 644/865/959
f 636/494/960 638/495/961 645/496/962 643/497/963
f 639/498/964 637/717/965 644/865/966 646/499/967
f 638/495/968 639/498/969 646/499/970 645/496/971
g default
v -1.362705 5.521438 0.583062
v -1.371884 5.530560 0.557666
v -1.386260 5.544686 0.537512
v -1.404428 5.562432 0.524572
v -1.424607 5.582061 0.520113
v -1.444824 5.601653 0.524572
v -1.463099 5.619288 0.537512
v -1.477643 5.633242 0.557666
v -1.487032 5.642147 0.583062
v -1.490348 5.645133 0.611214
v -1.487266 5.641907 0.639365
v -1.478087 5.632784 0.664761
v -1.463710 5.618658 0.684915
v -1.445543 5.600912 0.697855
v -1.425363 5.581283 0.702314
v -1.405147 5.561691 0.697855
v -1.386872 5.544055 0.684915
v -1.372328 5.530102 0.664761
v -1.362939 5.521196 0.639365
v -1.359623 5.518210 0.611214
v -1.322106 5.563253 0.583409
v -1.331284 5.572376 0.558013
v -1.345661 5.586501 0.537859
v -1.363829 5.604248 0.524919
v -1.384008 5.623877 0.520460
v -1.404225 5.643468 0.524919
v -1.422500 5.661104 0.537859
v -1.437044 5.675057 0.558013
v -1.446433 5.683962 0.583409
v -1.449749 5.686949 0.611560
v -1.446667 5.683722 0.639712
v -1.437488 5.674600 0.665108
v -1.423112 5.660474 0.685263
v -1.404944 5.642728 0.698202
v -1.384764 5.623098 0.702661
v -1.364548 5.603507 0.698202
v -1.346273 5.585871 0.685263
v -1.331729 5.571918 0.665108
v -1.322340 5.563012 0.639712
v -1.319024 5.560027 0.611560
v -1.320056 5.599069 0.591199
v -1.326747 5.605720 0.572685
v -1.337228 5.616017 0.557992
v -1.350473 5.628955 0.548559
v -1.365185 5.643265 0.545308
v -1.379923 5.657548 0.548559
v -1.393245 5.670405 0.557992
v -1.403848 5.680577 0.572685
v -1.410693 5.687069 0.591199
v -1.413110 5.689245 0.611723
v -1.410863 5.686893 0.632246
v -1.404172 5.680243 0.650760
v -1.393691 5.669945 0.665453
v -1.380447 5.657008 0.674886
v -1.365735 5.642697 0.678137
v -1.350997 5.628415 0.674886
v -1.337675 5.615558 0.665453
v -1.327072 5.605385 0.650760
v -1.320227 5.598893 0.632246
v -1.317809 5.596716 0.611723
v -1.369620 5.528125 0.586188
v -1.377779 5.536235 0.563611
v -1.390560 5.548792 0.545694
v -1.406710 5.564568 0.534191
v -1.424650 5.582017 0.530228
v -1.442621 5.599434 0.534191
v -1.458867 5.615112 0.545695
v -1.471797 5.627516 0.563611
v -1.480143 5.635432 0.586188
v -1.483091 5.638087 0.611214
v -1.480351 5.635219 0.636239
v -1.472191 5.627109 0.658816
v -1.459411 5.614552 0.676732
v -1.443260 5.598776 0.688235
v -1.425321 5.581326 0.692199
v -1.407349 5.563910 0.688235
v -1.391104 5.548232 0.676732
v -1.378175 5.535828 0.658816
v -1.369827 5.527911 0.636239
v -1.366880 5.525257 0.611214
v -1.465545 5.417699 0.583073
v -1.509086 5.263450 0.583399
v -1.507368 4.917947 0.583399
v -1.483702 4.418489 0.583399
v -1.441092 3.865001 0.583399
v -1.370271 3.327629 0.583399
v -1.322956 3.010692 0.583399
v -1.242564 2.561626 0.583399
v -1.194224 2.071047 0.583400
v -1.193855 1.541001 0.583399
v -1.338878 1.213802 0.583399
v -1.496878 1.021189 0.583399
v -2.085936 1.055887 0.602040
v -2.215094 1.278116 0.588867
v -2.272239 1.576652 0.572010
v -2.274200 1.931849 0.551890
v -2.172479 2.376393 0.526876
v -2.077387 2.788918 0.503664
v -1.982754 3.265609 0.476833
v -1.933079 3.584239 0.458659
v -1.895734 3.932292 0.439211
v -1.886046 4.280681 0.419588
v -1.903138 4.614364 0.400971
v -1.916800 4.808876 0.389766
v -1.473898 5.425598 0.560493
v -1.519923 5.266957 0.560765
v -1.518758 4.918011 0.560765
v -1.495079 4.417953 0.560765
v -1.452448 3.864128 0.560765
v -1.381563 3.326143 0.560765
v -1.334221 3.009011 0.560765
v -1.253775 2.559620 0.560765
v -1.205559 2.069936 0.560765
v -1.205247 1.541000 0.560765
v -1.349195 1.218629 0.560765
v -1.505610 1.028501 0.560765
v -2.078714 1.063362 0.578932
v -2.205154 1.282414 0.565960
v -2.261035 1.577493 0.549299
v -2.262816 1.929930 0.529335
v -2.161370 2.372559 0.504429
v -2.066274 2.785094 0.481217
v -1.971568 3.262123 0.454366
v -1.921670 3.581989 0.436147
v -1.884400 3.929776 0.416689
v -1.874644 4.279253 0.397005
v -1.891790 4.612720 0.378375
v -1.905470 4.808129 0.367136
v -1.487157 5.437635 0.542567
v -1.536883 5.272447 0.542758
v -1.536584 4.918108 0.542758
v -1.512886 4.417112 0.542758
v -1.470222 3.862761 0.542758
v -1.399237 3.323818 0.542758
v -1.351851 3.006379 0.542758
v -1.271322 2.556480 0.542758
v -1.223300 2.068196 0.542758
v -1.223072 1.541000 0.542758
v -1.365342 1.226182 0.542758
v -1.519273 1.039950 0.542758
v -2.067328 1.076008 0.560157
v -2.189603 1.290123 0.547499
v -2.243509 1.579791 0.531144
v -2.245007 1.927913 0.511424
v -2.143990 2.367540 0.486687
v -2.048891 2.780088 0.463473
v -1.954071 3.257648 0.436593
v -1.903859 3.579454 0.418303
v -1.866668 3.926820 0.398831
v -1.856809 4.277997 0.379051
v -1.874001 4.611115 0.360402
v -1.887704 4.807627 0.349121
v -1.504022 5.452633 0.531049
v -1.558307 5.279381 0.531141
v -1.559101 4.918232 0.531141
v -1.535379 4.416051 0.531141
v -1.492674 3.861033 0.531141
v -1.421563 3.320880 0.531141
v -1.374123 3.003055 0.531141
v -1.293489 2.552513 0.531141
v -1.245711 2.065999 0.531141
v -1.245590 1.540999 0.531141
v -1.385740 1.235722 0.531141
v -1.536533 1.054413 0.531141
v -2.052895 1.092585 0.547554
v -2.169967 1.300486 0.535291
v -2.221379 1.583321 0.519322
v -2.222518 1.925989 0.499910
v -2.122044 2.361824 0.475387
v -2.026939 2.774392 0.452172
v -1.931976 3.252622 0.425254
v -1.881392 3.576881 0.406874
v -1.844278 3.923711 0.387384
v -1.834286 4.277039 0.367483
v -1.851513 4.609708 0.348811
v -1.865241 4.807417 0.337484
v -1.522844 5.469123 0.527068
v -1.582098 5.287081 0.527051
v -1.584107 4.918370 0.527051
v -1.560357 4.414873 0.527051
v -1.517606 3.859115 0.527051
v -1.446356 3.317618 0.527051
v -1.398855 2.999364 0.527051
v -1.318104 2.548109 0.527051
v -1.270598 2.063559 0.527051
v -1.270596 1.541000 0.527051
v -1.408390 1.246318 0.527051
v -1.555702 1.070471 0.527051
v -2.036822 1.111472 0.542356
v -2.148167 1.312491 0.530530
v -2.196806 1.587738 0.514991
v -2.197548 1.924349 0.495921
v -2.097676 2.355976 0.471635
v -2.002569 2.768563 0.448419
v -1.907446 3.247536 0.421459
v -1.856467 3.574524 0.402979
v -1.819419 3.920756 0.383469
v -1.809280 4.276469 0.363433
v -1.826529 4.608637 0.344736
v -1.840281 4.807521 0.333365
v -1.541780 5.485490 0.531013
v -1.605927 5.294795 0.530889
v -1.609154 4.918507 0.530889
v -1.585375 4.413693 0.530889
v -1.542578 3.857195 0.530889
v -1.471188 3.314350 0.530889
v -1.423627 2.995666 0.530889
v -1.342758 2.543697 0.530889
v -1.295524 2.061116 0.530889
v -1.295642 1.541000 0.530889
v -1.431077 1.256929 0.530889
v -1.574901 1.086556 0.530889
v -2.020686 1.130819 0.545072
v -2.126336 1.324962 0.533683
v -2.172199 1.592608 0.518575
v -2.172545 1.923153 0.499847
v -2.073275 2.350563 0.475798
v -1.978162 2.763172 0.452582
v -1.882880 3.242890 0.425580
v -1.831522 3.572613 0.406999
v -1.794525 3.918242 0.387469
v -1.784238 4.276347 0.367299
v -1.801490 4.608006 0.348576
v -1.815265 4.807928 0.337165
v -1.558977 5.500134 0.542497
v -1.627461 5.301764 0.542279
v -1.631787 4.918632 0.542278
v -1.607985 4.412626 0.542278
v -1.565146 3.855458 0.542278
v -1.493629 3.311398 0.542278
v -1.446014 2.992325 0.542278
v -1.365039 2.539710 0.542279
v -1.318051 2.058907 0.542279
v -1.318277 1.541000 0.542278
v -1.451579 1.266519 0.542278
v -1.592251 1.101093 0.542278
v -2.006070 1.148734 0.555436
v -2.106614 1.336678 0.544442
v -2.149967 1.597455 0.529722
v -2.149954 1.922518 0.511304
v -2.051229 2.346119 0.487470
v -1.956112 2.758745 0.464252
v -1.860685 3.239137 0.437212
v -1.809002 3.571334 0.418540
v -1.772033 3.916417 0.398993
v -1.761613 4.276682 0.378701
v -1.778852 4.607878 0.359956
v -1.792643 4.808598 0.348514
v -1.572750 5.511620 0.560396
v -1.644593 5.307310 0.560105
v -1.649794 4.918732 0.560105
v -1.625971 4.411778 0.560105
v -1.583100 3.854078 0.560105
v -1.511482 3.309049 0.560105
v -1.463823 2.989667 0.560105
v -1.382765 2.536538 0.560105
v -1.335972 2.057150 0.560105
v -1.336283 1.541001 0.560105
v -1.467890 1.274149 0.560105
v -1.606052 1.112658 0.560105
v -1.994397 1.163461 0.572433
v -2.090927 1.346494 0.561752
v -2.132285 1.601807 0.547342
v -2.131985 1.922507 0.529170
v -2.033694 2.343076 0.505507
v -1.938573 2.755717 0.482288
v -1.843032 3.236644 0.455218
v -1.791108 3.570813 0.436474
v -1.754144 3.915458 0.416913
v -1.743618 4.277442 0.396523
v -1.760827 4.608263 0.377761
v -1.774630 4.809465 0.366301
v -1.581752 5.518824 0.582960
v -1.655645 5.310887 0.582623
v -1.661411 4.918795 0.582623
v -1.637576 4.411231 0.582623
v -1.594683 3.853187 0.582623
v -1.523000 3.307533 0.582623
v -1.475313 2.987952 0.582623
v -1.394200 2.534492 0.582623
v -1.347534 2.056016 0.582623
v -1.347900 1.541001 0.582623
v -1.478413 1.279070 0.582623
v -1.614957 1.120119 0.582623
v -1.986816 1.173560 0.594400
v -2.080812 1.353446 0.583920
v -2.120885 1.605232 0.569710
v -2.120401 1.923120 0.551697
v -2.022388 2.341733 0.528143
v -1.927265 2.754384 0.504924
v -1.831650 3.235657 0.477834
v -1.779594 3.571101 0.459044
v -1.742610 3.915461 0.439473
v -1.732015 4.278553 0.419022
v -1.749182 4.609126 0.400248
v -1.762987 4.810445 0.388784
v -1.585102 5.521040 0.607978
v -1.659536 5.312147 0.607629
v -1.665500 4.918818 0.607629
v -1.641661 4.411038 0.607629
v -1.598760 3.852873 0.607629
v -1.527054 3.307000 0.607629
v -1.479357 2.987348 0.607630
v -1.398225 2.533772 0.607629
v -1.351603 2.055617 0.607629
v -1.351992 1.541000 0.607629
v -1.482118 1.280802 0.607629
v -1.618093 1.122745 0.607629
v -1.984066 1.178041 0.619187
v -2.077264 1.356856 0.608776
v -2.116881 1.607400 0.594636
v -2.116333 1.924299 0.576678
v -2.018418 2.342224 0.553164
v -1.923295 2.754878 0.529944
v -1.827654 3.236272 0.502848
v -1.775588 3.572171 0.484040
v -1.738560 3.916424 0.464467
v -1.727941 4.279907 0.443994
v -1.745056 4.610382 0.425217
v -1.758857 4.811443 0.413762
v -1.582472 5.518054 0.633002
v -1.655885 5.310965 0.632676
v -1.661663 4.918797 0.632675
v -1.637827 4.411220 0.632675
v -1.594934 3.853167 0.632675
v -1.523249 3.307500 0.632675
v -1.475562 2.987915 0.632675
v -1.394448 2.534447 0.632675
v -1.347784 2.055992 0.632675
v -1.348153 1.540999 0.632676
v -1.478641 1.279177 0.632676
v -1.615150 1.120281 0.632675
v -1.986416 1.176469 0.644367
v -2.080624 1.356388 0.633886
v -2.120666 1.608098 0.619680
v -2.120179 1.925925 0.601670
v -2.022172 2.344496 0.578119
v -1.927049 2.757147 0.554900
v -1.831432 3.238427 0.527810
v -1.779478 3.573916 0.509017
v -1.742389 3.918252 0.489448
v -1.731793 4.281369 0.468995
v -1.748852 4.611907 0.450222
v -1.762641 4.812359 0.438792
v -1.574119 5.510154 0.655581
v -1.645049 5.307458 0.655310
v -1.650274 4.918734 0.655310
v -1.626451 4.411756 0.655310
v -1.583578 3.854041 0.655310
v -1.511957 3.308986 0.655310
v -1.464297 2.989596 0.655310
v -1.383237 2.536453 0.655310
v -1.336449 2.057104 0.655310
v -1.336765 1.541001 0.655310
v -1.468324 1.274351 0.655310
v -1.606421 1.112966 0.655310
v -1.993638 1.168993 0.667475
v -2.090565 1.352089 0.656793
v -2.131870 1.607255 0.642392
v -2.131564 1.927840 0.624226
v -2.033283 2.348330 0.600567
v -1.938163 2.760971 0.577348
v -1.842618 3.241912 0.550278
v -1.790888 3.576166 0.531529
v -1.753724 3.920767 0.511970
v -1.743195 4.282797 0.491578
v -1.760201 4.613551 0.472818
v -1.773971 4.813106 0.461421
v -1.560861 5.498116 0.673508
v -1.628089 5.301968 0.673317
v -1.632447 4.918636 0.673317
v -1.608644 4.412595 0.673317
v -1.565804 3.855408 0.673317
v -1.494284 3.311311 0.673317
v -1.446666 2.992228 0.673317
v -1.365690 2.539593 0.673317
v -1.318708 2.058842 0.673317
v -1.318937 1.541001 0.673317
v -1.452177 1.266798 0.673316
v -1.592756 1.101518 0.673317
v -2.005023 1.156348 0.686250
v -2.106115 1.344381 0.675254
v -2.149395 1.604958 0.660546
v -2.149372 1.929861 0.642137
v -2.050662 2.353349 0.618309
v -1.955545 2.765976 0.595091
v -1.860115 3.246387 0.568050
v -1.808698 3.578701 0.549373
v -1.771453 3.923724 0.529828
v -1.761030 4.284052 0.509532
v -1.777990 4.615156 0.490791
v -1.791737 4.813608 0.479436
v -1.543995 5.483119 0.685025
v -1.606665 5.295033 0.684934
v -1.609929 4.918512 0.684934
v -1.586150 4.413657 0.684934
v -1.543352 3.857135 0.684934
v -1.471957 3.314250 0.684934
v -1.424395 2.995552 0.684934
v -1.343523 2.543561 0.684934
v -1.296298 2.061040 0.684933
v -1.296418 1.541000 0.684934
v -1.431779 1.257257 0.684934
v -1.575495 1.087055 0.684934
v -2.019459 1.139770 0.698853
v -2.125752 1.334017 0.687463
v -2.171527 1.601429 0.672368
v -2.171862 1.931784 0.653651
v -2.072611 2.359063 0.629609
v -1.977498 2.771673 0.606392
v -1.882210 3.251414 0.579389
v -1.831166 3.581274 0.560802
v -1.793845 3.926833 0.541275
v -1.783553 4.285011 0.521100
v -1.800477 4.616562 0.502382
v -1.814200 4.813818 0.491073
v -1.525172 5.466629 0.689007
v -1.582874 5.287333 0.689023
v -1.584923 4.918374 0.689023
v -1.561172 4.414835 0.689023
v -1.518419 3.859054 0.689023
v -1.447165 3.317511 0.689023
v -1.399662 2.999243 0.689023
v -1.318907 2.547965 0.689023
v -1.271410 2.063480 0.689023
v -1.271412 1.541001 0.689023
v -1.409129 1.246663 0.689023
v -1.556327 1.070995 0.689023
v -2.035531 1.120883 0.704051
v -2.147552 1.322013 0.692223
v -2.196100 1.597012 0.676698
v -2.196830 1.933426 0.657640
v -2.096976 2.364914 0.633360
v -2.001868 2.777502 0.610145
v -1.906740 3.256500 0.583184
v -1.856091 3.583632 0.564697
v -1.818704 3.929789 0.545190
v -1.808559 4.285581 0.525150
v -1.825463 4.617634 0.506457
v -1.839161 4.813715 0.495193
v -1.506237 5.450262 0.685062
v -1.559045 5.279621 0.685186
v -1.559878 4.918236 0.685186
v -1.536154 4.416015 0.685186
v -1.493448 3.860974 0.685186
v -1.422333 3.320779 0.685186
v -1.374891 3.002941 0.685186
v -1.294253 2.552377 0.685186
v -1.246484 2.065924 0.685186
v -1.246366 1.541003 0.685186
v -1.386441 1.236052 0.685186
v -1.537129 1.054911 0.685186
v -2.051667 1.101536 0.701335
v -2.169381 1.309543 0.689070
v -2.220705 1.592141 0.673115
v -2.221833 1.934621 0.653714
v -2.121378 2.370325 0.629197
v -2.026274 2.782893 0.605983
v -1.931306 3.261146 0.579064
v -1.881035 3.585542 0.560677
v -1.843598 3.932302 0.541189
v -1.833600 4.285702 0.521284
v -1.850500 4.618265 0.502617
v -1.864176 4.813308 0.491392
v -1.489040 5.435618 0.673578
v -1.537511 5.272650 0.673796
v -1.537244 4.918112 0.673796
v -1.513545 4.417082 0.673796
v -1.470880 3.862710 0.673796
v -1.399892 3.323732 0.673796
v -1.352504 3.006281 0.673796
v -1.271972 2.556365 0.673796
v -1.223957 2.068132 0.673796
v -1.223732 1.541001 0.673797
v -1.365941 1.226460 0.673797
v -1.519780 1.040374 0.673796
v -2.066285 1.083622 0.690972
v -2.189105 1.297826 0.678312
v -2.242939 1.587294 0.661968
v -2.244425 1.935255 0.642257
v -2.143424 2.374770 0.617526
v -2.048325 2.787320 0.594313
v -1.953501 3.264899 0.567431
v -1.903556 3.586821 0.549135
v -1.866089 3.934127 0.529665
v -1.856225 4.285367 0.509882
v -1.873139 4.618393 0.491238
v -1.886797 4.812638 0.480043
v -1.475267 5.424132 0.655678
v -1.520379 5.267105 0.655970
v -1.519237 4.918013 0.655970
v -1.495558 4.417930 0.655970
v -1.452926 3.864091 0.655970
v -1.382039 3.326081 0.655970
v -1.334694 3.008940 0.655970
v -1.254248 2.559536 0.655970
v -1.206036 2.069890 0.655970
v -1.205726 1.541002 0.655970
v -1.349629 1.218832 0.655970
v -1.505976 1.028809 0.655970
v -2.077957 1.068896 0.673975
v -2.204792 1.288012 0.661001
v -2.260621 1.582943 0.644348
v -2.262393 1.935266 0.624391
v -2.160958 2.377814 0.599489
v -2.065863 2.790349 0.576277
v -1.971155 3.267392 0.549425
v -1.921451 3.587342 0.531202
v -1.883979 3.935086 0.511746
v -1.874222 4.284607 0.492059
v -1.891164 4.618009 0.473433
v -1.904812 4.811770 0.462256
v -1.466264 5.416928 0.633115
v -1.509326 5.263528 0.633451
v -1.507620 4.917949 0.633451
v -1.483954 4.418477 0.633451
v -1.441343 3.864982 0.633451
v -1.370521 3.327596 0.633451
v -1.323205 3.010654 0.633451
v -1.242812 2.561581 0.633451
v -1.194475 2.071022 0.633451
v -1.194108 1.541000 0.633451
v -1.339107 1.213909 0.633451
v -1.497073 1.021350 0.633451
v -2.085536 1.058795 0.652007
v -2.214905 1.281058 0.638833
v -2.272021 1.579515 0.621980
v -2.273977 1.934655 0.601864
v -2.172264 2.379155 0.576852
v -2.077170 2.791681 0.553640
v -1.982536 3.268379 0.526809
v -1.932964 3.587054 0.508632
v -1.895513 3.935084 0.489185
v -1.885824 4.283496 0.469561
v -1.902809 4.617145 0.450945
v -1.916453 4.810789 0.439773
v -1.462915 5.414711 0.608097
v -1.505435 5.262268 0.608445
v -1.503530 4.917926 0.608445
v -1.479869 4.418670 0.608445
v -1.437266 3.865295 0.608445
v -1.366466 3.328130 0.608445
v -1.319160 3.011258 0.608445
v -1.238787 2.562302 0.608445
v -1.190406 2.071421 0.608445
v -1.190018 1.541000 0.608446
v -1.335401 1.212178 0.608446
v -1.493937 1.018723 0.608445
v -2.088286 1.054315 0.627220
v -2.218456 1.277649 0.613977
v -2.276024 1.577350 0.597054
v -2.278047 1.933476 0.576882
v -2.176234 2.378666 0.551832
v -2.081141 2.791188 0.528620
v -1.986533 3.267764 0.501795
v -1.936970 3.585984 0.483636
v -1.899563 3.934121 0.464191
v -1.889899 4.282143 0.444589
v -1.906934 4.615889 0.425977
v -1.920584 4.809792 0.414795
v -1.917285 4.855217 0.388289
v -1.905970 4.855749 0.365683
v -1.888214 4.856266 0.347686
v -1.865759 4.856717 0.336061
v -1.840801 4.857059 0.331946
v -1.815783 4.857257 0.335743
v -1.793154 4.857293 0.347081
v -1.775130 4.857162 0.364849
v -1.763474 4.856879 0.387309
v -1.759329 4.856470 0.412262
v -1.763098 4.855976 0.437265
v -1.774414 4.855444 0.459872
v -1.792168 4.854927 0.477868
v -1.814625 4.854475 0.489493
v -1.839582 4.854134 0.493608
v -1.864600 4.853936 0.489811
v -1.887228 4.853900 0.478474
v -1.905254 4.854030 0.460706
v -1.916909 4.854313 0.438246
v -1.921054 4.854723 0.413293
v -1.920772 0.942505 0.607516
v -1.716271 0.929536 0.608290
v -1.717074 0.939334 0.585078
v -1.918722 0.952785 0.584288
v -1.718275 0.955612 0.566141
v -1.915374 0.969801 0.565326
v -1.719736 0.976723 0.553335
v -1.911042 0.991901 0.552485
v -1.721303 1.000537 0.547915
v -1.906128 1.016936 0.547022
v -1.722833 1.024664 0.550415
v -1.901098 1.042453 0.549470
v -1.724188 1.046719 0.560590
v -1.896427 1.065942 0.559591
v -1.725249 1.064593 0.577444
v -1.892590 1.085089 0.576396
v -1.725902 1.076660 0.599319
v -1.890013 1.098019 0.598238
v -1.726063 1.081869 0.624073
v -1.889008 1.103483 0.622983
v -1.725719 1.079770 0.649276
v -1.889683 1.100943 0.648205
v -1.724937 1.070496 0.672467
v -1.891930 1.090627 0.671438
v -1.723814 1.054815 0.691381
v -1.895471 1.073533 0.690408
v -1.722444 1.034146 0.704171
v -1.899926 1.051345 0.703256
v -1.720930 1.010482 0.709585
v -1.904868 1.026268 0.708722
v -1.719396 0.986161 0.707093
v -1.909828 1.000772 0.706272
v -1.717989 0.963631 0.696936
v -1.914340 0.977346 0.696145
v -1.716866 0.945156 0.680107
v -1.917971 0.958267 0.679333
v -1.716156 0.932597 0.658249
v -1.920381 0.945392 0.657484
v -1.715944 0.927214 0.633503
v -1.921340 0.939958 0.632737
v -1.905447 4.872111 0.461034
v -1.917102 4.872394 0.438574
v -1.887422 4.871981 0.478803
v -1.864794 4.872016 0.490140
v -1.839776 4.872215 0.493937
v -1.814818 4.872557 0.489822
v -1.792362 4.873008 0.478197
v -1.774608 4.873525 0.460201
v -1.763291 4.874056 0.437594
v -1.759523 4.874550 0.412591
v -1.763667 4.874960 0.387637
v -1.775323 4.875243 0.365178
v -1.793348 4.875374 0.347409
v -1.815976 4.875338 0.336071
v -1.840995 4.875139 0.332275
v -1.865952 4.874798 0.336390
v -1.888408 4.874346 0.348015
v -1.906163 4.873830 0.366012
v -1.917478 4.873298 0.388618
v -1.921248 4.872803 0.413621
v -1.916800 4.808876 0.389766
v -1.905470 4.808129 0.367136
v -1.917285 4.855217 0.388289
v -1.905970 4.855749 0.365683
v -1.887704 4.807627 0.349121
v -1.888214 4.856266 0.347686
v -1.865241 4.807417 0.337484
v -1.865759 4.856717 0.336061
v -1.840281 4.807521 0.333365
v -1.840801 4.857059 0.331946
v -1.815265 4.807928 0.337165
v -1.815783 4.857257 0.335743
v -1.792643 4.808598 0.348514
v -1.793154 4.857293 0.347081
v -1.774630 4.809465 0.366301
v -1.775130 4.857162 0.364849
v -1.762987 4.810445 0.388784
v -1.763474 4.856879 0.387309
v -1.758857 4.811443 0.413762
v -1.759329 4.856470 0.412262
v -1.762641 4.812359 0.438792
v -1.763098 4.855976 0.437265
v -1.773971 4.813106 0.461421
v -1.774414 4.855444 0.459872
v -1.791737 4.813608 0.479436
v -1.792168 4.854927 0.477868
v -1.814200 4.813818 0.491073
v -1.814625 4.854475 0.489493
v -1.839161 4.813715 0.495193
v -1.839582 4.854134 0.493608
v -1.864176 4.813308 0.491392
v -1.864600 4.853936 0.489811
v -1.886797 4.812638 0.480043
v -1.887228 4.853900 0.478474
v -1.904812 4.811770 0.462256
v -1.905254 4.854030 0.460706
v -1.916453 4.810789 0.439773
v -1.916909 4.854313 0.438246
v -1.920584 4.809792 0.414795
v -1.921054 4.854723 0.413293
v -1.913111 4.810003 0.390908
v -1.902325 4.809292 0.369365
v -1.913572 4.854120 0.389503
v -1.902800 4.854626 0.367982
v -1.885412 4.808814 0.352215
v -1.885897 4.855117 0.350849
v -1.864027 4.808614 0.341137
v -1.864520 4.855547 0.339783
v -1.840265 4.808713 0.337215
v -1.840760 4.855873 0.335865
v -1.816451 4.809100 0.340833
v -1.816943 4.856061 0.339479
v -1.794915 4.809738 0.351637
v -1.795401 4.856095 0.350273
v -1.777766 4.810565 0.368570
v -1.778242 4.855971 0.367188
v -1.766683 4.811497 0.389974
v -1.767146 4.855702 0.388570
v -1.762751 4.812447 0.413753
v -1.763200 4.855312 0.412325
v -1.766353 4.813319 0.437581
v -1.766788 4.854842 0.436128
v -1.777139 4.814030 0.459124
v -1.777561 4.854335 0.457649
v -1.794052 4.814508 0.476274
v -1.794463 4.853843 0.474781
v -1.815436 4.814708 0.487352
v -1.815841 4.853414 0.485848
v -1.839199 4.814609 0.491274
v -1.839601 4.853088 0.489766
v -1.863013 4.814222 0.487656
v -1.863417 4.852900 0.486151
v -1.884548 4.813584 0.476852
v -1.884959 4.852865 0.475358
v -1.901698 4.812758 0.459919
v -1.902119 4.852990 0.458443
v -1.912780 4.811825 0.438515
v -1.913215 4.853259 0.437061
v -1.916713 4.810875 0.414736
v -1.917161 4.853649 0.413306
vt 0.076127 0.692937
vt 0.077537 0.695706
vt 0.073930 0.690740
vt 0.071162 0.689330
vt 0.068093 0.688844
vt 0.065024 0.689330
vt 0.062256 0.690740
vt 0.060059 0.692937
vt 0.058648 0.695706
vt 0.058162 0.698774
vt 0.058648 0.701843
vt 0.060059 0.704611
vt 0.062256 0.706808
vt 0.065024 0.708219
vt 0.068093 0.708705
vt 0.071162 0.708219
vt 0.073930 0.706808
vt 0.076127 0.704611
vt 0.077537 0.701843
vt 0.078023 0.698774
vt 0.069885 0.670431
vt 0.071295 0.673199
vt 0.067688 0.668234
vt 0.064920 0.666824
vt 0.061851 0.666338
vt 0.058782 0.666824
vt 0.056014 0.668234
vt 0.053817 0.670431
vt 0.052406 0.673199
vt 0.051920 0.676268
vt 0.052406 0.679337
vt 0.053817 0.682105
vt 0.056014 0.684302
vt 0.058782 0.685713
vt 0.061851 0.686199
vt 0.064920 0.685713
vt 0.067688 0.684302
vt 0.069885 0.682105
vt 0.071295 0.679337
vt 0.071781 0.676268
vt 0.076127 0.692937
vt 0.077537 0.695706
vt 0.071295 0.673199
vt 0.069885 0.670431
vt 0.073930 0.690740
vt 0.067688 0.668234
vt 0.071162 0.689330
vt 0.064920 0.666824
vt 0.068093 0.688844
vt 0.061851 0.666338
vt 0.065024 0.689330
vt 0.058782 0.666824
vt 0.062256 0.690740
vt 0.056014 0.668234
vt 0.060059 0.692937
vt 0.053817 0.670431
vt 0.058648 0.695706
vt 0.052406 0.673199
vt 0.058162 0.698774
vt 0.051920 0.676268
vt 0.058648 0.701843
vt 0.052406 0.679337
vt 0.060059 0.704611
vt 0.053817 0.682105
vt 0.062256 0.706808
vt 0.056014 0.684302
vt 0.065024 0.708219
vt 0.058782 0.685713
vt 0.068093 0.708705
vt 0.061851 0.686199
vt 0.071162 0.708219
vt 0.064920 0.685713
vt 0.073930 0.706808
vt 0.067688 0.684302
vt 0.076127 0.704611
vt 0.069885 0.682105
vt 0.077537 0.701843
vt 0.071295 0.679337
vt 0.078023 0.698774
vt 0.071781 0.676268
vt 0.092177 0.779571
vt 0.092177 0.781451
vt 0.087165 0.781425
vt 0.087149 0.779125
vt 0.091922 0.784134
vt 0.087040 0.783700
vt 0.083857 0.781515
vt 0.083710 0.779488
vt 0.092409 0.776967
vt 0.087067 0.776544
vt 0.091474 0.786709
vt 0.086746 0.785905
vt 0.083861 0.783531
vt 0.083363 0.777378
vt 0.090886 0.789062
vt 0.086305 0.788031
vt 0.083724 0.785457
vt 0.090235 0.791347
vt 0.085698 0.790185
vt 0.083438 0.787252
vt 0.082907 0.788923
vt 0.068164 0.787500
vt 0.068164 0.785619
vt 0.073176 0.785645
vt 0.073192 0.787946
vt 0.068419 0.782936
vt 0.073300 0.783371
vt 0.076484 0.785555
vt 0.076631 0.787582
vt 0.067932 0.790103
vt 0.073274 0.790527
vt 0.068867 0.780361
vt 0.073595 0.781166
vt 0.076480 0.783540
vt 0.076978 0.789692
vt 0.069455 0.778008
vt 0.074036 0.779040
vt 0.076617 0.781614
vt 0.070106 0.775724
vt 0.074643 0.776885
vt 0.076903 0.779818
vt 0.077433 0.778147
vt 0.247454 0.542529
vt 0.248961 0.542635
vt 0.247612 0.575398
vt 0.246102 0.575347
vt 0.249064 0.510021
vt 0.250520 0.510111
vt 0.250471 0.542728
vt 0.249121 0.575448
vt 0.247168 0.594332
vt 0.245702 0.594300
vt 0.245947 0.542430
vt 0.244595 0.575285
vt 0.250532 0.481676
vt 0.251940 0.481781
vt 0.251978 0.510192
vt 0.247609 0.509925
vt 0.248633 0.594363
vt 0.247115 0.619886
vt 0.245755 0.619938
vt 0.244236 0.594268
vt 0.244443 0.542325
vt 0.243087 0.575224
vt 0.251398 0.462194
vt 0.252786 0.462470
vt 0.253352 0.481873
vt 0.249128 0.481562
vt 0.246157 0.509824
vt 0.248472 0.619854
vt 0.247552 0.645489
vt 0.246290 0.645572
vt 0.244390 0.620004
vt 0.242770 0.594238
vt 0.242943 0.542219
vt 0.241578 0.575165
vt 0.252119 0.453019
vt 0.253372 0.453410
vt 0.254213 0.462672
vt 0.250053 0.461868
vt 0.247730 0.481442
vt 0.244706 0.509721
vt 0.248812 0.645427
vt 0.248723 0.670326
vt 0.247645 0.670521
vt 0.245022 0.645674
vt 0.243018 0.620081
vt 0.241304 0.594213
vt 0.241444 0.542114
vt 0.240068 0.575108
vt 0.253583 0.446503
vt 0.254541 0.446781
vt 0.250938 0.452558
vt 0.248748 0.461519
vt 0.246336 0.481321
vt 0.243258 0.509617
vt 0.249801 0.670186
vt 0.249753 0.685042
vt 0.248710 0.685203
vt 0.246561 0.670762
vt 0.243748 0.645790
vt 0.241640 0.620164
vt 0.239839 0.594194
vt 0.239947 0.542014
vt 0.238557 0.575054
vt 0.252620 0.446158
vt 0.249817 0.452066
vt 0.247474 0.461170
vt 0.244947 0.481201
vt 0.241810 0.509516
vt 0.250803 0.694404
vt 0.249910 0.694636
vt 0.247655 0.685399
vt 0.245462 0.671035
vt 0.242467 0.645912
vt 0.240255 0.620247
vt 0.238372 0.594184
vt 0.238451 0.541922
vt 0.237043 0.575004
vt 0.251650 0.445766
vt 0.248739 0.451577
vt 0.246219 0.460844
vt 0.243561 0.481085
vt 0.240364 0.509418
vt 0.252081 0.702471
vt 0.251160 0.702520
vt 0.249009 0.694934
vt 0.246579 0.685625
vt 0.244336 0.671320
vt 0.241176 0.646035
vt 0.238862 0.620324
vt 0.236905 0.594183
vt 0.250669 0.445348
vt 0.247681 0.451118
vt 0.244971 0.460557
vt 0.242178 0.480975
vt 0.253307 0.709484
vt 0.252431 0.709753
vt 0.250207 0.702562
vt 0.248089 0.695289
vt 0.245476 0.685874
vt 0.243172 0.671596
vt 0.239877 0.646152
vt 0.237463 0.620392
vt 0.249674 0.444920
vt 0.246626 0.450706
vt 0.243722 0.460320
vt 0.254562 0.716301
vt 0.253593 0.716604
vt 0.251513 0.710066
vt 0.249207 0.702611
vt 0.247128 0.695687
vt 0.244339 0.686131
vt 0.241965 0.671843
vt 0.238570 0.646259
vt 0.248662 0.444498
vt 0.254158 0.709257
vt 0.255514 0.716030
vt 0.256867 0.726966
vt 0.255744 0.727388
vt 0.252592 0.716939
vt 0.250534 0.710419
vt 0.248144 0.702687
vt 0.246105 0.696106
vt 0.243162 0.686380
vt 0.240720 0.672044
vt 0.257983 0.726591
vt 0.260693 0.741901
vt 0.259363 0.742372
vt 0.254604 0.727851
vt 0.251544 0.717304
vt 0.249475 0.710798
vt 0.247002 0.702802
vt 0.245001 0.696518
vt 0.262019 0.741460
vt 0.266444 0.761551
vt 0.264991 0.762065
vt 0.258020 0.742867
vt 0.253432 0.728345
vt 0.250428 0.717686
vt 0.248322 0.711180
vt 0.245773 0.702960
vt 0.267892 0.761058
vt 0.275141 0.789968
vt 0.273466 0.790489
vt 0.263526 0.762597
vt 0.256656 0.743378
vt 0.252212 0.728851
vt 0.249230 0.718069
vt 0.247073 0.711526
vt 0.284484 0.819023
vt 0.282693 0.819581
vt 0.271785 0.791002
vt 0.262042 0.763138
vt 0.255264 0.743891
vt 0.250930 0.729343
vt 0.247944 0.718435
vt 0.245745 0.711824
vt 0.244471 0.703155
vt 0.296037 0.854053
vt 0.294178 0.854642
vt 0.280902 0.820129
vt 0.270099 0.791508
vt 0.260532 0.763681
vt 0.253835 0.744392
vt 0.249578 0.729794
vt 0.246574 0.718740
vt 0.304073 0.878237
vt 0.302188 0.878931
vt 0.292318 0.855219
vt 0.279109 0.820668
vt 0.268409 0.792008
vt 0.258990 0.764213
vt 0.252367 0.744863
vt 0.248161 0.730174
vt 0.297896 0.853451
vt 0.305968 0.877558
vt 0.313082 0.905011
vt 0.311110 0.905612
vt 0.300312 0.879636
vt 0.290460 0.855787
vt 0.277317 0.821201
vt 0.266714 0.792502
vt 0.257414 0.764724
vt 0.250860 0.745287
vt 0.315052 0.904385
vt 0.322315 0.932164
vt 0.320340 0.932803
vt 0.309142 0.906192
vt 0.298444 0.880343
vt 0.288606 0.856351
vt 0.275525 0.821733
vt 0.265014 0.792991
vt 0.255808 0.765203
vt 0.324292 0.931512
vt 0.331199 0.957920
vt 0.329229 0.958463
vt 0.318372 0.933431
vt 0.307180 0.906759
vt 0.296581 0.881044
vt 0.286756 0.856912
vt 0.273735 0.822265
vt 0.333159 0.957334
vt 0.336353 0.972818
vt 0.334431 0.973428
vt 0.327253 0.958973
vt 0.316412 0.934052
vt 0.305228 0.907321
vt 0.294719 0.881733
vt 0.284910 0.857476
vt 0.338263 0.972177
vt 0.332500 0.974011
vt 0.325275 0.959466
vt 0.314462 0.934671
vt 0.303286 0.907887
vt 0.292855 0.882402
vt 0.330563 0.974576
vt 0.323300 0.959960
vt 0.312522 0.935291
vt 0.301355 0.908463
vt 0.328621 0.975131
vt 0.321332 0.960470
vt 0.310592 0.935917
vt 0.326676 0.975688
vt 0.319376 0.961013
vt 0.299435 0.909058
vt 0.308670 0.936553
vt 0.324734 0.976257
vt 0.317434 0.961601
vt 0.322796 0.976848
vt 0.262517 0.543057
vt 0.264011 0.543086
vt 0.262639 0.575897
vt 0.261143 0.575839
vt 0.263626 0.510558
vt 0.265074 0.510590
vt 0.265503 0.543123
vt 0.264135 0.575960
vt 0.261715 0.594629
vt 0.260275 0.594584
vt 0.261021 0.543033
vt 0.259646 0.575785
vt 0.264613 0.482130
vt 0.266003 0.482146
vt 0.266522 0.510626
vt 0.262176 0.510527
vt 0.263153 0.594683
vt 0.260704 0.620326
vt 0.259332 0.620250
vt 0.258831 0.594548
vt 0.259521 0.543012
vt 0.258148 0.575734
vt 0.265261 0.461662
vt 0.266535 0.461485
vt 0.267391 0.482168
vt 0.263219 0.482117
vt 0.260724 0.510496
vt 0.262078 0.620393
vt 0.260206 0.645734
vt 0.258923 0.645671
vt 0.257965 0.620168
vt 0.257384 0.594517
vt 0.258019 0.542989
vt 0.256648 0.575686
vt 0.264624 0.451999
vt 0.265692 0.451658
vt 0.267808 0.461358
vt 0.263976 0.461878
vt 0.261819 0.482106
vt 0.259270 0.510463
vt 0.261493 0.645786
vt 0.259827 0.670990
vt 0.258629 0.670861
vt 0.257645 0.645602
vt 0.256601 0.620085
vt 0.255933 0.594491
vt 0.256513 0.542961
vt 0.255146 0.575639
vt 0.263199 0.445802
vt 0.264186 0.445519
vt 0.263544 0.452376
vt 0.262672 0.462116
vt 0.260416 0.482094
vt 0.257814 0.510425
vt 0.261050 0.671072
vt 0.260500 0.685062
vt 0.259332 0.685003
vt 0.257465 0.670699
vt 0.256373 0.645533
vt 0.255242 0.620008
vt 0.254479 0.594467
vt 0.255005 0.542923
vt 0.253642 0.575592
vt 0.262220 0.446091
vt 0.262434 0.452770
vt 0.261338 0.462353
vt 0.259007 0.482076
vt 0.256356 0.510380
vt 0.260641 0.694930
vt 0.259472 0.694862
vt 0.258193 0.684927
vt 0.256332 0.670523
vt 0.255107 0.645470
vt 0.253886 0.619940
vt 0.253021 0.594443
vt 0.253494 0.542872
vt 0.252137 0.575545
vt 0.261251 0.446372
vt 0.261274 0.453151
vt 0.259967 0.462563
vt 0.257596 0.482048
vt 0.254897 0.510327
vt 0.261229 0.700761
vt 0.260175 0.701005
vt 0.258354 0.694736
vt 0.257084 0.684851
vt 0.255223 0.670357
vt 0.253845 0.645420
vt 0.252532 0.619888
vt 0.251561 0.594419
vt 0.260289 0.446630
vt 0.260050 0.453484
vt 0.258558 0.462719
vt 0.256181 0.482006
vt 0.262922 0.708250
vt 0.261739 0.708416
vt 0.259188 0.701240
vt 0.257298 0.694574
vt 0.256001 0.684789
vt 0.254130 0.670220
vt 0.252585 0.645387
vt 0.251179 0.619856
vt 0.259329 0.446846
vt 0.258760 0.453731
vt 0.257119 0.462798
vt 0.265014 0.714355
vt 0.263773 0.714603
vt 0.260609 0.708526
vt 0.258255 0.701465
vt 0.256301 0.694406
vt 0.254937 0.684751
vt 0.253043 0.670126
vt 0.251327 0.645376
vt 0.258370 0.447004
vt 0.242992 0.712190
vt 0.266286 0.714020
vt 0.268920 0.724473
vt 0.267580 0.724776
vt 0.262584 0.714785
vt 0.259541 0.708589
vt 0.257357 0.701678
vt 0.255345 0.694260
vt 0.253889 0.684743
vt 0.251961 0.670086
vt 0.270267 0.724076
vt 0.274509 0.738223
vt 0.273052 0.738637
vt 0.266267 0.725007
vt 0.261458 0.714942
vt 0.258541 0.708645
vt 0.256479 0.701873
vt 0.254416 0.694160
vt 0.275968 0.737749
vt 0.281417 0.757144
vt 0.279852 0.757627
vt 0.271607 0.739003
vt 0.264990 0.725193
vt 0.260388 0.715085
vt 0.257599 0.708711
vt 0.255609 0.702046
vt 0.282984 0.756616
vt 0.291709 0.784254
vt 0.290060 0.784862
vt 0.278299 0.758075
vt 0.270179 0.739337
vt 0.263753 0.725363
vt 0.259364 0.715232
vt 0.256704 0.708800
vt 0.302131 0.812814
vt 0.300384 0.813459
vt 0.288409 0.785464
vt 0.276763 0.758496
vt 0.268773 0.739657
vt 0.262552 0.725541
vt 0.258376 0.715395
vt 0.255842 0.708919
vt 0.254739 0.702193
vt 0.314356 0.847581
vt 0.312550 0.848244
vt 0.298635 0.814105
vt 0.286758 0.786058
vt 0.275246 0.758902
vt 0.267389 0.739978
vt 0.261381 0.725744
vt 0.257412 0.715580
vt 0.323117 0.872139
vt 0.321236 0.872742
vt 0.310741 0.848911
vt 0.296885 0.814751
vt 0.285106 0.786644
vt 0.273747 0.759306
vt 0.266025 0.740312
vt 0.260233 0.725982
vt 0.316161 0.846924
vt 0.324987 0.871513
vt 0.332299 0.897912
vt 0.330419 0.898634
vt 0.319344 0.873328
vt 0.308927 0.849580
vt 0.295130 0.815392
vt 0.283452 0.787223
vt 0.272266 0.759717
vt 0.264679 0.740667
vt 0.334180 0.897210
vt 0.341778 0.925280
vt 0.339867 0.925963
vt 0.328539 0.899372
vt 0.317442 0.873903
vt 0.307107 0.850247
vt 0.293370 0.816027
vt 0.281797 0.787792
vt 0.270799 0.760143
vt 0.343688 0.924609
vt 0.350167 0.950490
vt 0.348288 0.951251
vt 0.337953 0.926657
vt 0.326651 0.900119
vt 0.315532 0.874477
vt 0.305279 0.850909
vt 0.291604 0.816652
vt 0.352062 0.949775
vt 0.355197 0.965670
vt 0.353299 0.966355
vt 0.346420 0.952046
vt 0.336031 0.927359
vt 0.324754 0.900868
vt 0.313617 0.875058
vt 0.303444 0.851563
vt 0.357109 0.965017
vt 0.351414 0.967071
vt 0.344558 0.952861
vt 0.334100 0.928065
vt 0.322842 0.901611
vt 0.311700 0.875652
vt 0.349539 0.967810
vt 0.342694 0.953680
vt 0.332158 0.928771
vt 0.320915 0.902340
vt 0.347669 0.968562
vt 0.340822 0.954486
vt 0.330204 0.929472
vt 0.345801 0.969317
vt 0.338934 0.955266
vt 0.318973 0.903048
vt 0.328241 0.930165
vt 0.343929 0.970065
vt 0.337028 0.956005
vt 0.342051 0.970797
vt 0.080397 0.855672
vt 0.078035 0.855657
vt 0.078036 0.849172
vt 0.080397 0.849098
vt 0.075671 0.855634
vt 0.075676 0.849286
vt 0.082760 0.855677
vt 0.082759 0.849072
vt 0.073308 0.855608
vt 0.073318 0.849429
vt 0.085123 0.855672
vt 0.085122 0.849095
vt 0.087486 0.855658
vt 0.087485 0.849165
vt 0.089852 0.855637
vt 0.089847 0.849275
vt 0.092218 0.855611
vt 0.092209 0.849417
vt 0.056754 0.855416
vt 0.054391 0.855386
vt 0.054425 0.849875
vt 0.056786 0.849991
vt 0.052028 0.855357
vt 0.052067 0.849711
vt 0.059118 0.855444
vt 0.059149 0.850051
vt 0.049664 0.855329
vt 0.049709 0.849514
vt 0.061483 0.855471
vt 0.061514 0.850050
vt 0.063847 0.855497
vt 0.063877 0.849994
vt 0.066212 0.855523
vt 0.066239 0.849888
vt 0.068577 0.855551
vt 0.068599 0.849747
vt 0.150075 0.670764
vt 0.130430 0.673655
vt 0.132872 0.663592
vt 0.144838 0.661831
vt 0.118163 0.669142
vt 0.121890 0.661354
vt 0.160523 0.662909
vt 0.154721 0.656515
vt 0.107057 0.662434
vt 0.112379 0.656005
vt 0.169237 0.653287
vt 0.162293 0.648656
vt 0.098073 0.652761
vt 0.105002 0.648107
vt 0.092354 0.640749
vt 0.100374 0.638346
vt 0.090503 0.627488
vt 0.098936 0.627626
vt 0.121111 0.587013
vt 0.134397 0.585160
vt 0.134267 0.593557
vt 0.123547 0.595097
vt 0.147588 0.587383
vt 0.144929 0.595355
vt 0.108949 0.592907
vt 0.113797 0.599858
vt 0.159492 0.593535
vt 0.154516 0.600317
vt 0.099227 0.602283
vt 0.105981 0.607390
vt 0.168939 0.603052
vt 0.162131 0.607987
vt 0.175010 0.615010
vt 0.167017 0.617609
vt 0.177116 0.628238
vt 0.168728 0.628274
vt 0.062455 0.778079
vt 0.065838 0.778237
vt 0.065427 0.785211
vt 0.062455 0.784962
vt 0.064021 0.788748
vt 0.061838 0.788261
vt 0.059348 0.778631
vt 0.059856 0.784559
vt 0.059753 0.787853
vt 0.056678 0.779247
vt 0.057413 0.784607
vt 0.057730 0.787743
vt 0.054092 0.779778
vt 0.055014 0.784983
vt 0.055994 0.787949
vt 0.044648 0.778078
vt 0.046528 0.778078
vt 0.046279 0.783452
vt 0.043663 0.783337
vt 0.049319 0.778413
vt 0.048778 0.783673
vt 0.046390 0.787094
vt 0.044154 0.787277
vt 0.051950 0.778899
vt 0.051211 0.783975
vt 0.048556 0.787163
vt 0.054425 0.779375
vt 0.053660 0.784442
vt 0.050640 0.787295
vt 0.052609 0.787738
vt 0.255497 0.446976
vt 0.254690 0.453696
vt 0.256453 0.447078
vt 0.256049 0.453848
vt 0.257411 0.447085
vt 0.257417 0.453859
vt 0.255664 0.462784
vt 0.254767 0.481948
vt 0.253438 0.510264
vt 0.251982 0.542808
vt 0.250630 0.575497
vt 0.250098 0.594392
vt 0.249826 0.619844
vt 0.250070 0.645389
vt 0.250880 0.670106
vt 0.251818 0.684825
vt 0.250787 0.684916
vt 0.252851 0.684767
vt 0.252596 0.694146
vt 0.251697 0.694241
vt 0.253501 0.694120
vt 0.253865 0.702312
vt 0.252980 0.702404
vt 0.254998 0.709070
vt 0.276811 0.789439
vt 0.269343 0.760589
vt 0.278477 0.788900
vt 0.286271 0.818451
vt 0.263345 0.741049
vt 0.280138 0.788351
vt 0.288054 0.817866
vt 0.259103 0.726264
vt 0.289832 0.817266
vt 0.299751 0.852835
vt 0.301601 0.852206
vt 0.307872 0.876901
vt 0.309784 0.876265
vt 0.317018 0.903731
vt 0.326269 0.930845
vt 0.335103 0.956696
vt 0.340163 0.971503
vt 0.247632 0.444091
vt 0.245560 0.450350
vt 0.246588 0.443706
vt 0.244470 0.450056
vt 0.242463 0.460140
vt 0.245534 0.443344
vt 0.266762 0.451366
vt 0.240795 0.480872
vt 0.238917 0.509325
vt 0.236954 0.541840
vt 0.235526 0.574958
vt 0.235436 0.594194
vt 0.236060 0.620448
vt 0.237256 0.646352
vt 0.239451 0.672186
vt 0.241945 0.686603
vt 0.240697 0.686785
vt 0.243814 0.696890
vt 0.242561 0.697191
vt 0.261693 0.685089
vt 0.243132 0.703373
vt 0.241277 0.697409
vt 0.244370 0.712051
vt 0.262349 0.700507
vt 0.263310 0.793474
vt 0.271945 0.822800
vt 0.254177 0.765642
vt 0.261602 0.793952
vt 0.283067 0.858043
vt 0.270156 0.823340
vt 0.249318 0.745652
vt 0.293357 0.783638
vt 0.290985 0.883046
vt 0.281228 0.858617
vt 0.303878 0.812172
vt 0.246694 0.730460
vt 0.289108 0.883662
vt 0.279391 0.859199
vt 0.297523 0.909674
vt 0.287220 0.884249
vt 0.306753 0.937200
vt 0.295618 0.910315
vt 0.315510 0.962241
vt 0.304840 0.937862
vt 0.320867 0.977469
vt 0.313604 0.962936
vt 0.318949 0.978122
vt 0.047536 0.797708
vt 0.049213 0.796913
vt 0.049300 0.797198
vt 0.047700 0.798067
vt 0.051074 0.796695
vt 0.070943 0.855579
vt 0.046181 0.799171
vt 0.046441 0.799350
vt 0.052929 0.797135
vt 0.070959 0.849588
vt 0.045307 0.800991
vt 0.045619 0.801087
vt 0.054595 0.798187
vt 0.054385 0.798426
vt 0.044991 0.803046
vt 0.045325 0.803050
vt 0.055910 0.799751
vt 0.055630 0.799923
vt 0.045263 0.805137
vt 0.045586 0.805049
vt 0.056744 0.801672
vt 0.056422 0.801761
vt 0.046097 0.807058
vt 0.046378 0.806886
vt 0.057016 0.803763
vt 0.056683 0.803759
vt 0.047412 0.808622
vt 0.047623 0.808383
vt 0.056700 0.805819
vt 0.056389 0.805723
vt 0.049078 0.809675
vt 0.049198 0.809392
vt 0.055827 0.807638
vt 0.055567 0.807460
vt 0.050933 0.810114
vt 0.050951 0.809816
vt 0.054481 0.809043
vt 0.054299 0.808800
vt 0.052794 0.809896
vt 0.052708 0.809611
vt 0.193631 0.753114
vt 0.191853 0.765140
vt 0.190002 0.764557
vt 0.191642 0.753127
vt 0.186442 0.775720
vt 0.184866 0.774599
vt 0.191665 0.740792
vt 0.189764 0.741412
vt 0.177932 0.784319
vt 0.176765 0.782759
vt 0.185995 0.729907
vt 0.184391 0.731069
vt 0.167124 0.789833
vt 0.166501 0.787989
vt 0.177287 0.721269
vt 0.176111 0.722855
vt 0.155103 0.791713
vt 0.155080 0.789768
vt 0.166368 0.715711
vt 0.165732 0.717567
vt 0.143042 0.789781
vt 0.143619 0.787923
vt 0.047300 0.855301
vt 0.044936 0.855273
vt 0.154306 0.713778
vt 0.154273 0.715722
vt 0.132121 0.784222
vt 0.133241 0.782635
vt 0.142285 0.715658
vt 0.142850 0.717501
vt 0.123412 0.775583
vt 0.124960 0.774421
vt 0.131478 0.721170
vt 0.132588 0.722730
vt 0.117766 0.764707
vt 0.119590 0.764085
vt 0.122945 0.729773
vt 0.124487 0.730898
vt 0.115737 0.752661
vt 0.117654 0.752639
vt 0.117521 0.740623
vt 0.119339 0.741203
vt 0.079402 0.797927
vt 0.081282 0.796969
vt 0.081514 0.797681
vt 0.079842 0.798533
vt 0.083367 0.796639
vt 0.083367 0.797388
vt 0.077910 0.799419
vt 0.078516 0.799860
vt 0.085451 0.796969
vt 0.085220 0.797681
vt 0.076952 0.801300
vt 0.077664 0.801531
vt 0.087331 0.797927
vt 0.086891 0.798533
vt 0.076622 0.803384
vt 0.077370 0.803384
vt 0.088824 0.799419
vt 0.088218 0.799860
vt 0.076952 0.805468
vt 0.077664 0.805237
vt 0.089782 0.801300
vt 0.089069 0.801531
vt 0.077910 0.807349
vt 0.078516 0.806908
vt 0.090112 0.803384
vt 0.089363 0.803384
vt 0.079402 0.808841
vt 0.079842 0.808235
vt 0.089782 0.805468
vt 0.089069 0.805237
vt 0.081282 0.809799
vt 0.081514 0.809087
vt 0.088824 0.807349
vt 0.088218 0.806908
vt 0.083367 0.810129
vt 0.083367 0.809380
vt 0.087331 0.808841
vt 0.086891 0.808235
vt 0.085451 0.809799
vt 0.085220 0.809087
vt 0.245148 0.718959
vt 0.256461 0.715790
vt 0.100861 0.616958
vt 0.167100 0.638956
vt 0.092854 0.614188
vt 0.175081 0.641430
vt 0.047353 0.849301
vt 0.044998 0.849088
vt 0.051057 0.796994
vt 0.052810 0.797417
vt 0.268366 0.823886
vt 0.259889 0.794424
vt 0.252532 0.766036
vt 0.247752 0.745951
vt 0.243705 0.719078
vt 0.264131 0.708009
vt 0.241811 0.703590
vt 0.261832 0.694927
vt 0.245202 0.730640
vt 0.239428 0.686917
vt 0.238177 0.672265
vt 0.235938 0.646429
vt 0.234655 0.620490
vt 0.233964 0.594217
vt 0.234007 0.574916
vt 0.235455 0.541768
vt 0.237470 0.509236
vt 0.239410 0.480775
vt 0.241188 0.460019
vt 0.243348 0.449825
vt 0.265181 0.445250
vn 0.683635 -0.661179 -0.309008
vn 0.582881 -0.561044 -0.587776
vn 0.582881 -0.561044 -0.587775
vn 0.683635 -0.661178 -0.309009
vn 0.425074 -0.405992 -0.809001
vn 0.425075 -0.405992 -0.809001
vn 0.225654 -0.211193 -0.951040
vn 0.225654 -0.211194 -0.951040
vn 0.004148 0.004273 -0.999982
vn 0.004148 0.004273 -0.999982
vn -0.217762 0.219322 -0.951040
vn -0.217762 0.219322 -0.951040
vn -0.418360 0.412904 -0.809003
vn -0.418360 0.412904 -0.809002
vn -0.578002 0.566066 -0.587778
vn -0.578002 0.566066 -0.587778
vn -0.681068 0.663820 -0.309013
vn -0.681068 0.663820 -0.309013
vn -0.717467 0.696592 -0.000005
vn -0.717467 0.696592 -0.000004
vn -0.683636 0.661181 0.309001
vn -0.683636 0.661182 0.309000
vn -0.582882 0.561048 0.587771
vn -0.582883 0.561049 0.587769
vn -0.425071 0.405989 0.809004
vn -0.425072 0.405990 0.809003
vn -0.225654 0.211192 0.951041
vn -0.225653 0.211191 0.951041
vn -0.004151 -0.004274 0.999982
vn -0.004150 -0.004275 0.999982
vn 0.217760 -0.219323 0.951040
vn 0.217760 -0.219323 0.951041
vn 0.418360 -0.412907 0.809001
vn 0.418361 -0.412908 0.809000
vn 0.578003 -0.566066 0.587777
vn 0.578004 -0.566066 0.587776
vn 0.681072 -0.663821 0.309004
vn 0.681072 -0.663821 0.309005
vn 0.717468 -0.696592 -0.000003
vn 0.717468 -0.696592 -0.000006
vn -0.010687 0.999778 0.018162
vn -0.010687 0.999778 0.018162
vn -0.010687 0.999778 0.018162
vn -0.010687 0.999778 0.018162
vn -0.010687 0.999778 0.018162
vn -0.010687 0.999778 0.018162
vn -0.010687 0.999778 0.018162
vn -0.010687 0.999778 0.018162
vn -0.010687 0.999778 0.018162
vn -0.010687 0.999778 0.018162
vn -0.010687 0.999778 0.018162
vn -0.010687 0.999778 0.018162
vn -0.010687 0.999778 0.018162
vn -0.010687 0.999778 0.018162
vn -0.010687 0.999778 0.018162
vn -0.010687 0.999778 0.018162
vn -0.010687 0.999778 0.018162
vn -0.010687 0.999778 0.018162
vn -0.010687 0.999778 0.018162
vn -0.010687 0.999778 0.018162
vn 0.974405 -0.006895 -0.224694
vn 0.899834 0.067215 -0.431023
vn 0.899834 0.067215 -0.431023
vn 0.974405 -0.006895 -0.224695
vn 0.783031 0.181979 -0.594766
vn 0.783031 0.181979 -0.594766
vn 0.635435 0.326158 -0.699889
vn 0.635434 0.326158 -0.699889
vn 0.471497 0.485630 -0.736107
vn 0.471496 0.485631 -0.736107
vn 0.307260 0.644787 -0.699887
vn 0.307259 0.644788 -0.699886
vn 0.158781 0.788058 -0.594771
vn 0.158780 0.788059 -0.594770
vn 0.040615 0.901428 -0.431021
vn 0.040615 0.901427 -0.431021
vn -0.035659 0.973776 -0.224696
vn -0.035659 0.973776 -0.224695
vn -0.062582 0.998032 0.003993
vn -0.062582 0.998032 0.003995
vn -0.037546 0.971821 0.232710
vn -0.037546 0.971821 0.232710
vn 0.037018 0.897701 0.439048
vn 0.037018 0.897701 0.439047
vn 0.153813 0.782949 0.602770
vn 0.153814 0.782948 0.602771
vn 0.301411 0.638772 0.707899
vn 0.301411 0.638772 0.707899
vn 0.465351 0.479292 0.744129
vn 0.465351 0.479292 0.744129
vn 0.629599 0.320136 0.707897
vn 0.629598 0.320136 0.707897
vn 0.778063 0.176863 0.602775
vn 0.778063 0.176864 0.602775
vn 0.896222 0.063508 0.439036
vn 0.896222 0.063508 0.439037
vn 0.972506 -0.008850 0.232712
vn 0.972505 -0.008850 0.232712
vn 0.999444 -0.033107 0.004012
vn 0.999444 -0.033107 0.004012
vn -0.696562 -0.717472 -0.005970
vn -0.696562 -0.717472 -0.005970
vn -0.696562 -0.717472 -0.005970
vn -0.696562 -0.717472 -0.005970
vn -0.696573 -0.717461 -0.005942
vn -0.696573 -0.717461 -0.005942
vn -0.696573 -0.717461 -0.005942
vn -0.696573 -0.717461 -0.005942
vn -0.696581 -0.717453 -0.005963
vn -0.696581 -0.717453 -0.005963
vn -0.696581 -0.717453 -0.005963
vn -0.696581 -0.717453 -0.005963
vn -0.696557 -0.717477 -0.005992
vn -0.696557 -0.717477 -0.005992
vn -0.696557 -0.717477 -0.005992
vn -0.696557 -0.717477 -0.005992
vn -0.696597 -0.717437 -0.005977
vn -0.696597 -0.717437 -0.005977
vn -0.696597 -0.717437 -0.005977
vn -0.696597 -0.717437 -0.005977
vn -0.696563 -0.717471 -0.005963
vn -0.696563 -0.717471 -0.005963
vn -0.696563 -0.717471 -0.005963
vn -0.696563 -0.717471 -0.005963
vn -0.696569 -0.717466 -0.005915
vn -0.696569 -0.717466 -0.005915
vn -0.696569 -0.717466 -0.005915
vn -0.696569 -0.717466 -0.005915
vn -0.696590 -0.717444 -0.005984
vn -0.696590 -0.717445 -0.005984
vn -0.696590 -0.717445 -0.005984
vn -0.696590 -0.717444 -0.005984
vn -0.696589 -0.717446 -0.005942
vn -0.696589 -0.717446 -0.005942
vn -0.696589 -0.717446 -0.005942
vn -0.696589 -0.717446 -0.005942
vn -0.696597 -0.717438 -0.005956
vn -0.696597 -0.717438 -0.005956
vn -0.696597 -0.717438 -0.005956
vn -0.696597 -0.717438 -0.005956
vn -0.696592 -0.717443 -0.005956
vn -0.696592 -0.717443 -0.005956
vn -0.696592 -0.717443 -0.005956
vn -0.696592 -0.717443 -0.005956
vn -0.696593 -0.717442 -0.005991
vn -0.696593 -0.717442 -0.005991
vn -0.696593 -0.717442 -0.005991
vn -0.696593 -0.717442 -0.005991
vn -0.696576 -0.717458 -0.005956
vn -0.696576 -0.717458 -0.005956
vn -0.696576 -0.717458 -0.005956
vn -0.696576 -0.717458 -0.005956
vn -0.696579 -0.717456 -0.005892
vn -0.696579 -0.717456 -0.005892
vn -0.696579 -0.717456 -0.005892
vn -0.696579 -0.717456 -0.005892
vn -0.696580 -0.717455 -0.005894
vn -0.696580 -0.717455 -0.005894
vn -0.696580 -0.717455 -0.005894
vn -0.696580 -0.717455 -0.005894
vn -0.696580 -0.717455 -0.005887
vn -0.696580 -0.717455 -0.005887
vn -0.696580 -0.717455 -0.005887
vn -0.696580 -0.717455 -0.005887
vn -0.696571 -0.717463 -0.005956
vn -0.696571 -0.717463 -0.005956
vn -0.696571 -0.717463 -0.005956
vn -0.696571 -0.717463 -0.005956
vn -0.696585 -0.717450 -0.005942
vn -0.696585 -0.717450 -0.005942
vn -0.696585 -0.717450 -0.005942
vn -0.696585 -0.717450 -0.005942
vn -0.696593 -0.717442 -0.005942
vn -0.696593 -0.717442 -0.005942
vn -0.696593 -0.717442 -0.005942
vn -0.696593 -0.717442 -0.005942
vn -0.696572 -0.717462 -0.005998
vn -0.696572 -0.717462 -0.005998
vn -0.696572 -0.717462 -0.005998
vn -0.696572 -0.717462 -0.005998
vn 0.618381 -0.520670 -0.588649
vn 0.722395 -0.618861 -0.308475
vn 0.843284 -0.437263 -0.312526
vn 0.713209 -0.369130 -0.595882
vn 0.949607 -0.078460 -0.303464
vn 0.807686 -0.071077 -0.585314
vn 0.952763 0.028566 -0.302368
vn 0.813267 0.023777 -0.581405
vn 0.950592 0.059848 -0.304618
vn 0.809877 0.050963 -0.584382
vn 0.947239 0.098555 -0.305002
vn 0.806688 0.083894 -0.584993
vn 0.943590 0.130484 -0.304323
vn 0.804177 0.111185 -0.583899
vn 0.939471 0.156644 -0.304726
vn 0.800325 0.133430 -0.584530
vn 0.944166 0.129480 -0.302960
vn 0.805898 0.110466 -0.581658
vn 0.952075 0.045617 -0.302444
vn 0.813092 0.038809 -0.580841
vn 0.941248 -0.155354 -0.299862
vn 0.806036 -0.134600 -0.576358
vn 0.826245 -0.480622 -0.293804
vn 0.710304 -0.415871 -0.567908
vn 0.570553 -0.770978 -0.282952
vn 0.482818 -0.676410 -0.556198
vn -0.622202 -0.571382 -0.535151
vn -0.718390 -0.646468 -0.256896
vn -0.899302 -0.339515 -0.275654
vn -0.775137 -0.307481 -0.551923
vn -0.950700 -0.102982 -0.292515
vn -0.815899 -0.105004 -0.568580
vn -0.946508 0.100352 -0.306679
vn -0.810228 0.068542 -0.582093
vn -0.928682 0.195554 -0.315133
vn -0.792193 0.148777 -0.591858
vn -0.931368 0.180920 -0.315946
vn -0.793244 0.135838 -0.593559
vn -0.936937 0.152160 -0.314637
vn -0.797902 0.111271 -0.592428
vn -0.943911 0.105642 -0.312846
vn -0.803485 0.071587 -0.591006
vn -0.949744 0.046629 -0.309535
vn -0.808115 0.021391 -0.588637
vn -0.952269 -0.027453 -0.304022
vn -0.810882 -0.041561 -0.583731
vn -0.951618 -0.072338 -0.298648
vn -0.812386 -0.080001 -0.577607
vn -0.950827 -0.083935 -0.298131
vn -0.812589 -0.090001 -0.575846
vn 0.453208 -0.371050 -0.810509
vn 0.511129 -0.263912 -0.817984
vn 0.582499 -0.055962 -0.810903
vn 0.593210 0.016664 -0.804875
vn 0.589714 0.037077 -0.806761
vn 0.586905 0.060988 -0.807355
vn 0.585940 0.080989 -0.806297
vn 0.582661 0.097124 -0.806891
vn 0.589126 0.080675 -0.804004
vn 0.594993 0.028204 -0.803236
vn 0.593641 -0.101430 -0.798312
vn 0.525047 -0.310776 -0.792303
vn 0.346728 -0.517574 -0.782239
vn -0.467336 -0.442060 -0.765624
vn -0.576598 -0.245868 -0.779155
vn -0.601775 -0.096934 -0.792762
vn -0.595809 0.030125 -0.802561
vn -0.577996 0.087354 -0.811351
vn -0.577314 0.077441 -0.812841
vn -0.580542 0.059465 -0.812056
vn -0.584155 0.030494 -0.811069
vn -0.586986 -0.005921 -0.809575
vn -0.589649 -0.051574 -0.806011
vn -0.593603 -0.079860 -0.800786
vn -0.595411 -0.087378 -0.798655
vn 0.243402 -0.184872 -0.952144
vn 0.259170 -0.131561 -0.956829
vn 0.296426 -0.031758 -0.954528
vn 0.313194 0.008369 -0.949652
vn 0.311754 0.019574 -0.949961
vn 0.309636 0.032122 -0.950312
vn 0.310262 0.042868 -0.949684
vn 0.307939 0.051313 -0.950021
vn 0.314682 0.042995 -0.948223
vn 0.318535 0.014905 -0.947794
vn 0.323738 -0.058219 -0.944354
vn 0.285614 -0.171872 -0.942807
vn 0.172440 -0.306181 -0.936225
vn -0.264286 -0.271264 -0.925510
vn -0.318911 -0.161321 -0.933955
vn -0.326457 -0.080218 -0.941802
vn -0.322957 -0.011790 -0.946340
vn -0.306612 0.017105 -0.951681
vn -0.304864 0.011471 -0.952327
vn -0.306236 0.001857 -0.951954
vn -0.307536 -0.013592 -0.951439
vn -0.308358 -0.032626 -0.950711
vn -0.310420 -0.056585 -0.948914
vn -0.316172 -0.071897 -0.945974
vn -0.319566 -0.076322 -0.944485
vn 0.009929 0.019367 -0.999763
vn -0.015897 0.014863 -0.999763
vn -0.018747 0.000717 -0.999824
vn 0.001221 0.000092 -0.999999
vn 0.003332 0.000191 -0.999994
vn 0.002221 0.000160 -0.999998
vn 0.004199 0.000577 -0.999991
vn 0.003190 0.000512 -0.999995
vn 0.009152 0.001094 -0.999958
vn 0.010428 0.000269 -0.999946
vn 0.021589 -0.008248 -0.999733
vn 0.015290 -0.010656 -0.999826
vn -0.023663 -0.061860 -0.997804
vn -0.028750 -0.076479 -0.996657
vn -0.024853 -0.063235 -0.997689
vn -0.015966 -0.057166 -0.998237
vn -0.017477 -0.053568 -0.998411
vn -0.004679 -0.055135 -0.998468
vn -0.002673 -0.055597 -0.998450
vn -0.001972 -0.055873 -0.998436
vn -0.000869 -0.056340 -0.998411
vn 0.000220 -0.056117 -0.998424
vn -0.000842 -0.056167 -0.998421
vn -0.007199 -0.056873 -0.998356
vn -0.011609 -0.057906 -0.998255
vn -0.224047 0.221480 -0.949078
vn -0.286239 0.160597 -0.944604
vn -0.328047 0.038046 -0.943895
vn -0.310473 -0.007193 -0.950555
vn -0.305256 -0.019163 -0.952077
vn -0.305153 -0.031754 -0.951774
vn -0.302208 -0.041728 -0.952328
vn -0.301710 -0.050296 -0.952072
vn -0.297668 -0.040933 -0.953792
vn -0.299216 -0.014243 -0.954079
vn -0.284050 0.044105 -0.957795
vn -0.256220 0.156315 -0.953896
vn -0.220274 0.188914 -0.956970
vn 0.217778 0.121703 -0.968381
vn 0.275877 0.037407 -0.960465
vn 0.297748 -0.030511 -0.954157
vn 0.290877 -0.091278 -0.952396
vn 0.297706 -0.122192 -0.946805
vn 0.299616 -0.117196 -0.946835
vn 0.302298 -0.108046 -0.947070
vn 0.305650 -0.093549 -0.947537
vn 0.308391 -0.074106 -0.948369
vn 0.308437 -0.050401 -0.949909
vn 0.302627 -0.036265 -0.952419
vn 0.298044 -0.033934 -0.953949
vn -0.435529 0.401637 -0.805606
vn -0.526123 0.291011 -0.799066
vn -0.600110 0.075050 -0.796389
vn -0.589987 -0.012904 -0.807310
vn -0.583814 -0.036600 -0.811062
vn -0.582466 -0.060508 -0.810600
vn -0.578921 -0.079906 -0.811459
vn -0.576956 -0.096147 -0.811097
vn -0.575610 -0.078961 -0.813903
vn -0.579823 -0.027220 -0.814288
vn -0.563241 0.093508 -0.820984
vn -0.498113 0.309806 -0.809879
vn -0.395024 0.417748 -0.818194
vn 0.449029 0.302333 -0.840813
vn 0.550266 0.129965 -0.824813
vn 0.581201 -0.002869 -0.813755
vn 0.571284 -0.120982 -0.811787
vn 0.570375 -0.177354 -0.802009
vn 0.572465 -0.167313 -0.802677
vn 0.576760 -0.149568 -0.803105
vn 0.581989 -0.121587 -0.804055
vn 0.586068 -0.084853 -0.805806
vn 0.587032 -0.039852 -0.808582
vn 0.582454 -0.012122 -0.812773
vn 0.578484 -0.006753 -0.815666
vn -0.604045 0.542371 -0.583921
vn -0.714195 0.393356 -0.578962
vn -0.810926 0.106191 -0.575433
vn -0.810018 -0.016859 -0.586162
vn -0.805160 -0.050433 -0.590909
vn -0.802750 -0.083323 -0.590466
vn -0.798887 -0.110234 -0.591293
vn -0.795725 -0.132579 -0.590969
vn -0.797174 -0.109247 -0.593783
vn -0.803524 -0.037449 -0.594094
vn -0.787671 0.134240 -0.601294
vn -0.685369 0.432090 -0.586146
vn -0.529004 0.600998 -0.599130
vn 0.637615 0.447773 -0.626855
vn 0.768108 0.206161 -0.606224
vn 0.804998 0.023665 -0.592805
vn 0.795323 -0.139230 -0.589980
vn 0.786527 -0.215136 -0.578872
vn 0.789276 -0.201068 -0.580185
vn 0.794672 -0.176426 -0.580836
vn 0.801267 -0.137744 -0.582235
vn 0.806363 -0.087325 -0.584938
vn 0.807917 -0.025517 -0.588744
vn 0.804677 0.013165 -0.593566
vn 0.801815 0.020999 -0.597203
vn -0.713563 0.630239 -0.305985
vn -0.834658 0.457992 -0.305923
vn -0.944316 0.126791 -0.303631
vn -0.950591 -0.019137 -0.309856
vn -0.947830 -0.059339 -0.313205
vn -0.944704 -0.098014 -0.312933
vn -0.940702 -0.129779 -0.313427
vn -0.936763 -0.156063 -0.313240
vn -0.940315 -0.128798 -0.314990
vn -0.948016 -0.043999 -0.315165
vn -0.933653 0.161180 -0.319863
vn -0.802604 0.510395 -0.308744
vn -0.721620 0.619533 -0.308939
vn 0.841302 0.420598 -0.339570
vn 0.907466 0.261046 -0.329181
vn 0.947866 0.047604 -0.315093
vn 0.940169 -0.143595 -0.308972
vn 0.925444 -0.231850 -0.299664
vn 0.928996 -0.215186 -0.301101
vn 0.934954 -0.186057 -0.302066
vn 0.942310 -0.140480 -0.303838
vn 0.948109 -0.081292 -0.307377
vn 0.950024 -0.008719 -0.312055
vn 0.947830 0.037136 -0.316607
vn 0.946190 0.046671 -0.320229
vn -0.753891 0.656999 0.001153
vn -0.877807 0.478986 -0.005228
vn -0.990988 0.133833 -0.005664
vn -0.999790 -0.019888 -0.004967
vn -0.998034 -0.062470 -0.005024
vn -0.994650 -0.103180 -0.005022
vn -0.990606 -0.136655 -0.005030
vn -0.986393 -0.164325 -0.005026
vn -0.990739 -0.135685 -0.005058
vn -0.998915 -0.046295 -0.005062
vn -0.985292 0.170800 -0.005139
vn -0.843075 0.537774 -0.004933
vn -0.758294 0.651894 -0.004938
vn 0.886749 0.461152 -0.031850
vn 0.956146 0.292077 -0.021809
vn 0.997673 0.067686 -0.008228
vn 0.991090 -0.133162 0.002991
vn 0.974116 -0.225896 0.008299
vn 0.978038 -0.208299 0.007294
vn 0.984091 -0.177567 0.005990
vn 0.991565 -0.129551 0.003970
vn 0.997730 -0.067341 -0.000136
vn 0.999945 0.008973 -0.005408
vn 0.998306 0.057477 -0.009051
vn 0.997626 0.067819 -0.011977
vn -0.721421 0.620250 0.307964
vn -0.840144 0.454416 0.296082
vn -0.947734 0.126328 0.292988
vn -0.953631 -0.019184 0.300368
vn -0.950928 -0.059532 0.303632
vn -0.947784 -0.098333 0.303373
vn -0.943778 -0.130203 0.303858
vn -0.939823 -0.156572 0.303675
vn -0.943423 -0.129223 0.305377
vn -0.951155 -0.044140 0.305542
vn -0.936836 0.161782 0.310106
vn -0.805115 0.512085 0.299262
vn -0.723888 0.621531 0.299475
vn 0.843612 0.458760 0.279030
vn 0.910330 0.297588 0.287646
vn 0.950575 0.082504 0.299334
vn 0.942960 -0.108798 0.314626
vn 0.928091 -0.197859 0.315436
vn 0.931664 -0.181083 0.314979
vn 0.937387 -0.151799 0.313468
vn 0.944345 -0.106028 0.311400
vn 0.950520 -0.046822 0.307116
vn 0.953037 0.025883 0.301747
vn 0.951397 0.072238 0.299376
vn 0.951128 0.082416 0.297596
vn -0.619332 0.523555 0.585079
vn -0.724469 0.386395 0.570827
vn -0.817156 0.105457 0.566688
vn -0.815844 -0.016957 0.578023
vn -0.811052 -0.050801 0.582765
vn -0.808612 -0.083930 0.582324
vn -0.804747 -0.111042 0.583140
vn -0.801554 -0.133550 0.582817
vn -0.803087 -0.110055 0.585610
vn -0.809490 -0.037720 0.585921
vn -0.793680 0.135338 0.593091
vn -0.690273 0.435337 0.577932
vn -0.482145 0.661394 0.574538
vn 0.643119 0.519533 0.562569
vn 0.773392 0.275801 0.570788
vn 0.810218 0.090270 0.579135
vn 0.800632 -0.073107 0.594680
vn 0.791596 -0.150425 0.592240
vn 0.794367 -0.136187 0.591975
vn 0.799314 -0.111237 0.590528
vn 0.805151 -0.072180 0.588661
vn 0.810965 -0.021718 0.584692
vn 0.813671 0.040367 0.579922
vn 0.811486 0.079983 0.578873
vn 0.810938 0.088995 0.578324
vn -0.457290 0.376113 0.805869
vn -0.539949 0.281131 0.793360
vn -0.608145 0.074376 0.790334
vn -0.598081 -0.013058 0.801329
vn -0.591923 -0.037107 0.805140
vn -0.590542 -0.061345 0.804672
vn -0.586987 -0.081018 0.805532
vn -0.584981 -0.097483 0.805168
vn -0.583729 -0.080072 0.807990
vn -0.588021 -0.027597 0.808374
vn -0.571429 0.094975 0.815137
vn -0.505072 0.314292 0.803818
vn -0.330824 0.492560 0.804947
vn 0.456670 0.400771 0.794251
vn 0.557226 0.225843 0.799058
vn 0.588465 0.089091 0.803599
vn 0.578534 -0.030161 0.815100
vn 0.577359 -0.088179 0.811715
vn 0.579462 -0.077977 0.811260
vn 0.583158 -0.059788 0.810156
vn 0.587336 -0.031277 0.808739
vn 0.592404 0.005537 0.805622
vn 0.594973 0.050953 0.802129
vn 0.591840 0.079919 0.802084
vn 0.590399 0.086805 0.802430
vn -0.250630 0.191967 0.948859
vn -0.302053 0.148623 0.941634
vn -0.336843 0.037854 0.940800
vn -0.320096 -0.007403 0.947356
vn -0.314814 -0.019761 0.948948
vn -0.314668 -0.032741 0.948637
vn -0.311693 -0.043037 0.949208
vn -0.311148 -0.051868 0.948945
vn -0.307180 -0.042236 0.950714
vn -0.308818 -0.014690 0.951008
vn -0.293567 0.045766 0.954843
vn -0.264590 0.161549 0.950733
vn -0.147713 0.267134 0.952271
vn 0.226968 0.236646 0.944714
vn 0.283772 0.149821 0.947115
vn 0.306336 0.077752 0.948743
vn 0.299327 0.015189 0.954030
vn 0.305937 -0.017265 0.951895
vn 0.307853 -0.012127 0.951357
vn 0.309840 -0.002431 0.950786
vn 0.311939 0.012708 0.950017
vn 0.315852 0.032281 0.948259
vn 0.317814 0.056512 0.946467
vn 0.313679 0.071999 0.946795
vn 0.311044 0.075934 0.947357
vn -0.019102 -0.011175 0.999755
vn -0.032051 0.001944 0.999484
vn -0.027540 0.001350 0.999620
vn -0.008958 -0.000162 0.999960
vn -0.006728 -0.000440 0.999977
vn -0.007801 -0.000882 0.999969
vn -0.005785 -0.000802 0.999983
vn -0.006749 -0.001144 0.999977
vn -0.000832 -0.000274 1.000000
vn 0.000358 -0.000207 1.000000
vn 0.011681 -0.006581 0.999910
vn 0.006431 -0.005290 0.999965
vn 0.046938 0.012118 0.998824
vn -0.018816 0.043217 0.998888
vn -0.016683 0.054219 0.998390
vn -0.006955 0.056500 0.998378
vn -0.008664 0.057976 0.998280
vn 0.003989 0.055227 0.998466
vn 0.005996 0.054936 0.998472
vn 0.005975 0.055251 0.998455
vn 0.005751 0.055479 0.998443
vn 0.008089 0.055890 0.998404
vn 0.009054 0.056410 0.998367
vn 0.004403 0.056965 0.998366
vn 0.000782 0.057384 0.998352
vn 0.214874 -0.213550 0.953009
vn 0.244253 -0.144086 0.958947
vn 0.288059 -0.030226 0.957136
vn 0.303516 0.008098 0.952792
vn 0.302178 0.018972 0.953063
vn 0.300090 0.031129 0.953403
vn 0.300764 0.041555 0.952793
vn 0.298475 0.049735 0.953121
vn 0.305210 0.041696 0.951372
vn 0.308988 0.014449 0.950956
vn 0.314397 -0.056694 0.947597
vn 0.277279 -0.166968 0.946170
vn 0.232810 -0.241011 0.942185
vn -0.254566 -0.158655 0.953952
vn -0.311089 -0.050610 0.949032
vn -0.317991 0.027409 0.947698
vn -0.314654 0.093881 0.944553
vn -0.298375 0.122024 0.946616
vn -0.296603 0.116647 0.947850
vn -0.298653 0.107597 0.948277
vn -0.301231 0.092829 0.949022
vn -0.300857 0.074033 0.950791
vn -0.300989 0.050606 0.952284
vn -0.305189 0.036301 0.951600
vn -0.309092 0.033008 0.950459
vn 0.428299 -0.395221 0.812626
vn 0.498793 -0.274712 0.822034
vn 0.574948 -0.053853 0.816416
vn 0.585021 0.016410 0.810852
vn 0.581559 0.036563 0.812682
vn 0.578768 0.060140 0.813272
vn 0.577852 0.079870 0.812224
vn 0.574596 0.095779 0.812813
vn 0.581084 0.079571 0.809944
vn 0.586894 0.027813 0.809186
vn 0.585746 -0.100191 0.804278
vn 0.518098 -0.306799 0.798404
vn 0.392393 -0.464427 0.793937
vn -0.458899 -0.347271 0.817811
vn -0.569822 -0.152608 0.807474
vn -0.594701 -0.005946 0.803925
vn -0.588800 0.119669 0.799371
vn -0.571010 0.176518 0.801741
vn -0.570279 0.166950 0.804307
vn -0.574078 0.149447 0.805047
vn -0.578790 0.121072 0.806439
vn -0.580594 0.084911 0.809754
vn -0.581619 0.039680 0.812493
vn -0.584326 0.012077 0.811429
vn -0.587564 0.005309 0.809160
vn 0.599956 -0.538142 0.591993
vn 0.704480 -0.377066 0.601273
vn 0.801700 -0.069040 0.593726
vn 0.807376 0.023580 0.589566
vn 0.803956 0.050589 0.592534
vn 0.800772 0.083277 0.593152
vn 0.798302 0.110373 0.592057
vn 0.794464 0.132451 0.592692
vn 0.800071 0.109664 0.589797
vn 0.807233 0.038523 0.588974
vn 0.800339 -0.133712 0.584447
vn 0.705384 -0.413102 0.576003
vn 0.512657 -0.638424 0.574106
vn -0.616005 -0.503096 0.606162
vn -0.770114 -0.240303 0.590914
vn -0.810870 -0.039312 0.583904
vn -0.805171 0.133401 0.577844
vn -0.787133 0.213483 0.578659
vn -0.788130 0.200893 0.581801
vn -0.793203 0.176663 0.582768
vn -0.799592 0.137422 0.584610
vn -0.803463 0.087442 0.588898
vn -0.805047 0.024770 0.592694
vn -0.805697 -0.013290 0.592179
vn -0.807534 -0.022876 0.589378
vn 0.712610 -0.628028 0.312678
vn 0.838783 -0.441472 0.318663
vn 0.946217 -0.077214 0.314185
vn 0.949687 0.028457 0.311904
vn 0.947478 0.059652 0.314209
vn 0.944126 0.098230 0.314606
vn 0.940504 0.130057 0.313908
vn 0.936390 0.156129 0.314320
vn 0.941107 0.129058 0.312508
vn 0.949002 0.045466 0.311973
vn 0.938259 -0.154906 0.309313
vn 0.823700 -0.479212 0.303108
vn 0.585093 -0.751096 0.305813
vn -0.715096 -0.610768 0.340001
vn -0.896612 -0.304406 0.321597
vn -0.948091 -0.068607 0.310511
vn -0.943860 0.134375 0.301782
vn -0.926029 0.229540 0.299635
vn -0.928680 0.215129 0.302115
vn -0.934470 0.186542 0.303263
vn -0.941870 0.140259 0.305302
vn -0.947300 0.081372 0.309840
vn -0.949207 0.007424 0.314564
vn -0.948127 -0.037301 0.315696
vn -0.948397 -0.048729 0.313319
vn 0.754868 -0.655872 0.002249
vn 0.886809 -0.462124 0.003182
vn 0.996766 -0.080148 0.005812
vn 0.999531 0.030221 0.005005
vn 0.998011 0.062844 0.005044
vn 0.994617 0.103499 0.005048
vn 0.990560 0.136988 0.005032
vn 0.986370 0.164468 0.005042
vn 0.990712 0.135883 0.005016
vn 0.998839 0.047917 0.005011
vn 0.986731 -0.162287 0.004972
vn 0.864856 -0.501997 0.004865
vn 0.773294 -0.634029 0.004959
vn -0.864563 -0.501307 0.034964
vn -0.940647 -0.338526 0.024164
vn -0.995848 -0.090540 0.009451
vn -0.992411 0.122938 -0.002563
vn -0.974707 0.223338 -0.008152
vn -0.978049 0.208247 -0.007270
vn -0.983994 0.178101 -0.005977
vn -0.991597 0.129307 -0.003970
vn -0.997733 0.067304 0.000163
vn -0.999929 -0.010580 0.005552
vn -0.998298 -0.057632 0.008962
vn -0.997534 -0.069739 0.007871
vn -0.811376 -0.026288 -0.583934
vn -0.952228 -0.019587 -0.304760
vn -0.950951 -0.019694 -0.308715
vn -0.809420 -0.026343 -0.586640
vn -0.591359 -0.030005 -0.805850
vn -0.589482 -0.030021 -0.807223
vn -0.313863 -0.030765 -0.948970
vn -0.312721 -0.030762 -0.949347
vn -0.006040 -0.028789 -0.999567
vn -0.006001 -0.028789 -0.999568
vn 0.302200 -0.024389 -0.952932
vn 0.301129 -0.024409 -0.953271
vn 0.581043 -0.017897 -0.813676
vn 0.579214 -0.017950 -0.814978
vn 0.803514 -0.009658 -0.595208
vn 0.801564 -0.009751 -0.597830
vn 0.947925 -0.000085 -0.318494
vn 0.946610 -0.000216 -0.322381
vn 0.999894 0.010257 -0.010289
vn 0.999838 0.010102 -0.014922
vn 0.953918 0.020572 0.299363
vn 0.955328 0.020421 0.294840
vn 0.814107 0.029788 0.579951
vn 0.816597 0.029674 0.576445
vn 0.594046 0.036660 0.803595
vn 0.596699 0.036604 0.801630
vn 0.315479 0.040011 0.948089
vn 0.317208 0.040004 0.947512
vn 0.005986 0.039066 0.999219
vn 0.006049 0.039066 0.999218
vn -0.303914 0.033733 0.952102
vn -0.305539 0.033693 0.951583
vn -0.583800 0.024705 0.811522
vn -0.586401 0.024598 0.809647
vn -0.806316 0.013308 0.591335
vn -0.808817 0.013144 0.587914
vn -0.949697 0.001158 0.313169
vn -0.951163 0.000978 0.308687
vn -0.999938 -0.010199 0.004377
vn -0.999946 -0.010355 -0.000280
vn -0.306615 -0.918625 -0.249231
vn 0.161734 -0.955956 -0.244929
vn 0.180140 -0.982421 0.048967
vn -0.319773 -0.945736 0.057690
vn -0.265750 -0.804095 -0.531797
vn 0.126722 -0.845687 -0.518416
vn -0.200409 -0.614217 -0.763265
vn 0.078142 -0.657676 -0.749237
vn -0.115484 -0.367357 -0.922883
vn 0.021745 -0.403222 -0.914844
vn -0.016994 -0.085628 -0.996182
vn -0.034122 -0.101487 -0.994252
vn 0.087661 0.206353 -0.974543
vn -0.079336 0.218971 -0.972501
vn 0.188884 0.481268 -0.855982
vn -0.105119 0.521775 -0.846582
vn 0.274628 0.709917 -0.648535
vn -0.108581 0.768908 -0.630073
vn 0.332504 0.866292 -0.372798
vn -0.095214 0.931263 -0.351686
vn 0.353627 0.933562 -0.058392
vn -0.075196 0.996139 -0.045309
vn 0.334677 0.905036 0.262491
vn -0.056000 0.963856 0.260474
vn 0.278541 0.782789 0.556467
vn -0.038156 0.839469 0.542066
vn 0.194118 0.580009 0.791144
vn -0.017134 0.631703 0.775021
vn 0.093860 0.320633 0.942542
vn 0.011764 0.357605 0.933799
vn -0.010268 0.032968 0.999404
vn 0.049434 0.044810 0.997772
vn -0.108829 -0.255518 0.960660
vn 0.091940 -0.271253 0.958107
vn -0.194536 -0.519440 0.832069
vn 0.132376 -0.554801 0.821385
vn -0.261325 -0.735272 0.625368
vn 0.163639 -0.777626 0.607059
vn -0.304265 -0.882370 0.358952
vn 0.180480 -0.922608 0.340912
vn -0.386817 0.859990 -0.332851
vn 0.584176 0.732408 -0.349738
vn -0.360016 0.931950 -0.043099
vn 0.616683 0.785587 -0.050547
vn -0.301546 0.920765 0.247512
vn 0.588310 0.767945 0.253280
vn 0.382821 -0.923612 0.019729
vn -0.565967 -0.822780 0.052095
vn -0.887555 -0.017847 0.460357
vn -0.887555 -0.017847 0.460357
vn -0.887555 -0.017847 0.460357
vn -0.887555 -0.017847 0.460357
vn -0.701947 -0.020441 0.711936
vn -0.701947 -0.020441 0.711936
vn -0.701947 -0.020441 0.711936
vn -0.701947 -0.020441 0.711936
vn -0.447824 -0.021031 0.893874
vn -0.447824 -0.021031 0.893874
vn -0.447824 -0.021031 0.893874
vn -0.447824 -0.021031 0.893874
vn -0.149873 -0.019566 0.988512
vn -0.149873 -0.019566 0.988512
vn -0.149873 -0.019566 0.988512
vn -0.149873 -0.019566 0.988512
vn 0.162884 -0.016179 0.986512
vn 0.162884 -0.016179 0.986513
vn 0.162884 -0.016179 0.986513
vn 0.162884 -0.016179 0.986513
vn 0.459870 -0.011210 0.887915
vn 0.459870 -0.011210 0.887915
vn 0.459870 -0.011210 0.887916
vn 0.459870 -0.011210 0.887915
vn 0.711947 -0.005136 0.702214
vn 0.711947 -0.005136 0.702214
vn 0.711947 -0.005136 0.702214
vn 0.711947 -0.005136 0.702214
vn 0.894208 0.001446 0.447649
vn 0.894208 0.001446 0.447649
vn 0.894208 0.001446 0.447649
vn 0.894208 0.001446 0.447649
vn 0.988777 0.007871 0.149192
vn 0.988777 0.007871 0.149192
vn 0.988777 0.007871 0.149192
vn 0.988777 0.007871 0.149192
vn 0.986429 0.013525 -0.163628
vn 0.986429 0.013525 -0.163628
vn 0.986429 0.013525 -0.163628
vn 0.986429 0.013525 -0.163628
vn 0.887546 0.017853 -0.460374
vn 0.887546 0.017853 -0.460373
vn 0.887546 0.017853 -0.460374
vn 0.887546 0.017852 -0.460373
vn 0.701959 0.020450 -0.711924
vn 0.701959 0.020450 -0.711924
vn 0.701959 0.020450 -0.711924
vn 0.701959 0.020450 -0.711924
vn 0.447831 0.021036 -0.893871
vn 0.447831 0.021036 -0.893871
vn 0.447831 0.021036 -0.893871
vn 0.447831 0.021036 -0.893871
vn 0.149858 0.019560 -0.988514
vn 0.149858 0.019560 -0.988514
vn 0.149858 0.019560 -0.988514
vn 0.149858 0.019560 -0.988514
vn -0.162890 0.016182 -0.986512
vn -0.162890 0.016182 -0.986512
vn -0.162890 0.016182 -0.986512
vn -0.162890 0.016182 -0.986512
vn -0.459884 0.011220 -0.887908
vn -0.459884 0.011220 -0.887908
vn -0.459884 0.011220 -0.887908
vn -0.459884 0.011220 -0.887908
vn -0.711929 0.005157 -0.702233
vn -0.711929 0.005157 -0.702233
vn -0.711929 0.005157 -0.702233
vn -0.711929 0.005157 -0.702233
vn -0.894220 -0.001424 -0.447626
vn -0.894220 -0.001424 -0.447626
vn -0.894220 -0.001424 -0.447626
vn -0.894220 -0.001424 -0.447626
vn -0.988772 -0.007866 -0.149226
vn -0.988772 -0.007866 -0.149226
vn -0.988772 -0.007866 -0.149226
vn -0.988772 -0.007866 -0.149226
vn -0.986425 -0.013506 0.163657
vn -0.986425 -0.013506 0.163657
vn -0.986425 -0.013506 0.163657
vn -0.986425 -0.013506 0.163657
vn 0.000000 0.000000 0.000000
vn 0.000000 0.000000 0.000000
vn 0.000000 0.000000 0.000000
vn 0.000000 0.000000 0.000000
vn 0.000000 0.000000 0.000000
vn 0.000000 0.000000 0.000000
vn 0.000000 0.000000 0.000000
vn 0.000000 0.000000 0.000000
vn 0.000000 0.000000 0.000000
vn 0.000000 0.000000 0.000000
vn 0.000000 0.000000 0.000000
vn 0.000000 0.000000 0.000000
vn 0.000000 0.000000 0.000000
vn 0.000000 0.000000 0.000000
vn 0.000000 0.000000 0.000000
vn 0.000000 0.000000 0.000000
vn 0.000000 0.000000 0.000000
vn 0.000000 0.000000 0.000000
vn 0.000000 0.000000 0.000000
vn 0.000000 0.000000 0.000000
vn 0.000000 0.000000 0.000000
vn 0.000000 0.000000 0.000000
vn 0.000000 0.000000 0.000000
vn 0.000000 0.000000 0.000000
vn 0.000000 0.000000 0.000000
vn 0.000000 0.000000 0.000000
vn 0.000000 0.000000 0.000000
vn 0.000000 0.000000 0.000000
vn 0.000000 0.000000 0.000000
vn 0.000000 0.000000 0.000000
vn 0.000000 0.000000 0.000000
vn 0.000000 0.000000 0.000000
vn 0.000000 0.000000 0.000000
vn 0.000000 0.000000 0.000000
vn 0.000000 0.000000 0.000000
vn 0.000000 0.000000 0.000000
vn 0.000000 0.000000 0.000000
vn 0.000000 0.000000 0.000000
vn 0.000000 0.000000 0.000000
vn 0.000000 0.000000 0.000000
vn 0.000000 0.000000 0.000000
vn 0.000000 0.000000 0.000000
vn 0.000000 0.000000 0.000000
vn 0.000000 0.000000 0.000000
vn 0.000000 0.000000 0.000000
vn 0.000000 0.000000 0.000000
vn 0.000000 0.000000 0.000000
vn 0.000000 0.000000 0.000000
vn 0.000000 0.000000 0.000000
vn 0.000000 0.000000 0.000000
vn 0.000000 0.000000 0.000000
vn 0.000000 0.000000 0.000000
vn 0.000000 0.000000 0.000000
vn 0.000000 0.000000 0.000000
vn 0.000000 0.000000 0.000000
vn 0.000000 0.000000 0.000000
vn 0.000000 0.000000 0.000000
vn 0.000000 0.000000 0.000000
vn 0.000000 0.000000 0.000000
vn 0.000000 0.000000 0.000000
vn 0.000000 0.000000 0.000000
vn 0.000000 0.000000 0.000000
vn 0.000000 0.000000 0.000000
vn 0.000000 0.000000 0.000000
vn 0.000000 0.000000 0.000000
vn 0.000000 0.000000 0.000000
vn 0.000000 0.000000 0.000000
vn 0.000000 0.000000 0.000000
vn 0.000000 0.000000 0.000000
vn 0.000000 0.000000 0.000000
vn 0.000000 0.000000 0.000000
vn 0.000000 0.000000 0.000000
vn 0.000000 0.000000 0.000000
vn 0.000000 0.000000 0.000000
vn 0.000000 0.000000 0.000000
vn 0.000000 0.000000 0.000000
vn 0.000000 0.000000 0.000000
vn 0.000000 0.000000 0.000000
vn 0.000000 0.000000 0.000000
vn 0.000000 0.000000 0.000000
vn 0.000000 0.000000 0.000000
vn 0.000000 0.000000 0.000000
vn 0.000000 0.000000 0.000000
vn 0.000000 0.000000 0.000000
vn 0.000000 0.000000 0.000000
vn 0.000000 0.000000 0.000000
vn 0.000000 0.000000 0.000000
vn 0.000000 0.000000 0.000000
vn 0.000000 0.000000 0.000000
vn 0.000000 0.000000 0.000000
vn 0.000000 0.000000 0.000000
vn 0.000000 0.000000 0.000000
vn 0.000000 0.000000 0.000000
vn 0.000000 0.000000 0.000000
vn 0.000000 0.000000 0.000000
vn 0.000000 0.000000 0.000000
vn 0.000000 0.000000 0.000000
vn 0.000000 0.000000 0.000000
vn 0.000000 0.000000 0.000000
vn 0.000000 0.000000 0.000000
vn 0.000000 0.000000 0.000000
vn 0.000000 0.000000 0.000000
vn 0.000000 0.000000 0.000000
vn 0.000000 0.000000 0.000000
vn 0.000000 0.000000 0.000000
vn 0.000000 0.000000 0.000000
vn 0.000000 0.000000 0.000000
vn 0.000000 0.000000 0.000000
vn 0.000000 0.000000 0.000000
vn 0.000000 0.000000 0.000000
vn 0.000000 0.000000 0.000000
vn 0.000000 0.000000 0.000000
vn 0.000000 0.000000 0.000000
vn 0.000000 0.000000 0.000000
vn 0.000000 0.000000 0.000000
vn 0.000000 0.000000 0.000000
vn 0.000000 0.000000 0.000000
vn 0.000000 0.000000 0.000000
vn 0.000000 0.000000 0.000000
vn 0.000000 0.000000 0.000000
vn 0.000000 0.000000 0.000000
vn 0.000000 0.000000 0.000000
vn 0.000000 0.000000 0.000000
vn 0.000000 0.000000 0.000000
vn 0.000000 0.000000 0.000000
vn 0.000000 0.000000 0.000000
vn 0.000000 0.000000 0.000000
vn 0.000000 0.000000 0.000000
vn 0.000000 0.000000 0.000000
vn 0.000000 0.000000 0.000000
vn 0.000000 0.000000 0.000000
vn 0.000000 0.000000 0.000000
vn 0.000000 0.000000 0.000000
vn 0.000000 0.000000 0.000000
vn 0.000000 0.000000 0.000000
vn 0.000000 0.000000 0.000000
vn 0.000000 0.000000 0.000000
vn 0.000000 0.000000 0.000000
vn 0.000000 0.000000 0.000000
vn 0.000000 0.000000 0.000000
vn 0.000000 0.000000 0.000000
vn 0.000000 0.000000 0.000000
vn 0.000000 0.000000 0.000000
vn 0.000000 0.000000 0.000000
vn 0.000000 0.000000 0.000000
vn 0.000000 0.000000 0.000000
vn 0.000000 0.000000 0.000000
vn 0.000000 0.000000 0.000000
vn 0.000000 0.000000 0.000000
vn 0.000000 0.000000 0.000000
vn 0.000000 0.000000 0.000000
vn 0.000000 0.000000 0.000000
vn 0.000000 0.000000 0.000000
vn 0.000000 0.000000 0.000000
vn 0.000000 0.000000 0.000000
vn 0.000000 0.000000 0.000000
vn 0.000000 0.000000 0.000000
vn 0.000000 0.000000 0.000000
vn 0.000000 0.000000 0.000000
vn 0.000000 0.000000 0.000000
vn -0.244755 0.957261 -0.154101
vn -0.244755 0.957261 -0.154101
vn -0.244755 0.957261 -0.154101
vn -0.244755 0.957261 -0.154101
vn -0.237755 -0.960948 -0.141601
vn -0.237755 -0.960948 -0.141601
vn -0.237755 -0.960948 -0.141601
vn -0.237755 -0.960948 -0.141601
vn -0.196821 0.955269 -0.220733
vn -0.196821 0.955269 -0.220733
vn -0.196821 0.955269 -0.220733
vn -0.196821 0.955269 -0.220733
vn -0.186539 -0.959400 -0.211553
vn -0.186539 -0.959400 -0.211553
vn -0.186539 -0.959400 -0.211553
vn -0.186539 -0.959400 -0.211553
vn -0.130608 0.954167 -0.269272
vn -0.130608 0.954167 -0.269272
vn -0.130608 0.954167 -0.269272
vn -0.130608 0.954167 -0.269272
vn -0.116559 -0.957927 -0.262279
vn -0.116559 -0.957927 -0.262279
vn -0.116559 -0.957927 -0.262279
vn -0.116559 -0.957927 -0.262279
vn -0.052669 0.954028 -0.295052
vn -0.052669 0.954028 -0.295052
vn -0.052669 0.954028 -0.295052
vn -0.052669 0.954028 -0.295052
vn -0.034574 -0.956635 -0.289231
vn -0.034574 -0.956635 -0.289231
vn -0.034574 -0.956635 -0.289231
vn -0.034574 -0.956635 -0.289231
vn 0.029404 0.954796 -0.295803
vn 0.029404 0.954796 -0.295803
vn 0.029404 0.954796 -0.295803
vn 0.029404 0.954796 -0.295803
vn 0.051551 -0.955698 -0.289799
vn 0.051551 -0.955698 -0.289799
vn 0.051551 -0.955698 -0.289799
vn 0.051551 -0.955698 -0.289799
vn 0.107624 0.956593 -0.270828
vn 0.107624 0.956593 -0.270828
vn 0.107624 0.956593 -0.270828
vn 0.107624 0.956593 -0.270828
vn 0.133806 -0.955144 -0.264188
vn 0.133806 -0.955144 -0.264188
vn 0.133806 -0.955144 -0.264188
vn 0.133806 -0.955144 -0.264188
vn 0.174356 0.959001 -0.223422
vn 0.174356 0.959001 -0.223422
vn 0.174356 0.959001 -0.223422
vn 0.174356 0.959001 -0.223422
vn 0.204434 -0.955137 -0.214289
vn 0.204434 -0.955137 -0.214289
vn 0.204434 -0.955137 -0.214289
vn 0.204434 -0.955137 -0.214289
vn 0.223172 0.961977 -0.157461
vn 0.223172 0.961977 -0.157461
vn 0.223172 0.961977 -0.157461
vn 0.223172 0.961977 -0.157461
vn 0.256565 -0.955569 -0.145129
vn 0.256565 -0.955569 -0.145129
vn 0.256565 -0.955569 -0.145129
vn 0.256565 -0.955569 -0.145129
vn 0.249058 0.965201 -0.079737
vn 0.249058 0.965201 -0.079737
vn 0.249058 0.965201 -0.079737
vn 0.249058 0.965201 -0.079737
vn 0.285063 -0.956434 -0.063030
vn 0.285063 -0.956434 -0.063030
vn 0.285063 -0.956434 -0.063030
vn 0.285063 -0.956434 -0.063030
vn 0.249648 0.968334 0.002294
vn 0.249648 0.968334 0.002294
vn 0.249648 0.968334 0.002294
vn 0.249648 0.968334 0.002294
vn 0.286829 -0.957672 0.024345
vn 0.286829 -0.957672 0.024345
vn 0.286829 -0.957672 0.024345
vn 0.286829 -0.957672 0.024345
vn 0.224854 0.971062 0.080501
vn 0.224854 0.971061 0.080501
vn 0.224854 0.971061 0.080501
vn 0.224854 0.971062 0.080501
vn 0.261450 -0.959120 0.108319
vn 0.261450 -0.959120 0.108319
vn 0.261450 -0.959120 0.108319
vn 0.261450 -0.959120 0.108319
vn 0.176969 0.973110 0.147443
vn 0.176969 0.973110 0.147443
vn 0.176969 0.973110 0.147443
vn 0.176969 0.973110 0.147443
vn 0.210974 -0.960666 0.180583
vn 0.210974 -0.960666 0.180583
vn 0.210974 -0.960666 0.180583
vn 0.210974 -0.960666 0.180583
vn 0.110763 0.974276 0.196262
vn 0.110763 0.974275 0.196262
vn 0.110763 0.974275 0.196262
vn 0.110763 0.974275 0.196262
vn 0.140246 -0.962182 0.233532
vn 0.140246 -0.962182 0.233532
vn 0.140246 -0.962182 0.233532
vn 0.140246 -0.962182 0.233532
vn 0.032624 0.974452 0.222213
vn 0.032624 0.974452 0.222213
vn 0.032624 0.974452 0.222213
vn 0.032624 0.974452 0.222213
vn 0.056369 -0.963463 0.261843
vn 0.056369 -0.963463 0.261843
vn 0.056369 -0.963463 0.261843
vn 0.056369 -0.963463 0.261843
vn -0.049672 0.973577 0.222892
vn -0.049672 0.973577 0.222892
vn -0.049672 0.973577 0.222892
vn -0.049672 0.973577 0.222892
vn -0.032208 -0.964359 0.262630
vn -0.032208 -0.964359 0.262630
vn -0.032208 -0.964359 0.262630
vn -0.032208 -0.964359 0.262630
vn -0.128120 0.971798 0.197977
vn -0.128120 0.971798 0.197977
vn -0.128120 0.971797 0.197977
vn -0.128120 0.971797 0.197977
vn -0.116475 -0.964847 0.235595
vn -0.116475 -0.964846 0.235595
vn -0.116475 -0.964847 0.235595
vn -0.116475 -0.964846 0.235595
vn -0.194938 0.969264 0.150087
vn -0.194938 0.969264 0.150087
vn -0.194938 0.969264 0.150087
vn -0.194938 0.969264 0.150087
vn -0.187868 -0.964896 0.183523
vn -0.187868 -0.964896 0.183523
vn -0.187868 -0.964896 0.183523
vn -0.187868 -0.964896 0.183523
vn -0.243684 0.966211 0.083991
vn -0.243684 0.966211 0.083991
vn -0.243684 0.966211 0.083991
vn -0.243684 0.966211 0.083991
vn -0.239288 -0.964470 0.111980
vn -0.239288 -0.964470 0.111980
vn -0.239288 -0.964470 0.111980
vn -0.239288 -0.964470 0.111980
vn -0.269445 0.962997 0.006105
vn -0.269445 0.962997 0.006105
vn -0.269445 0.962997 0.006105
vn -0.269445 0.962997 0.006105
vn -0.265877 -0.963590 0.028333
vn -0.265877 -0.963591 0.028333
vn -0.265877 -0.963591 0.028333
vn -0.265877 -0.963591 0.028333
vn -0.269809 0.959916 -0.075925
vn -0.269809 0.959916 -0.075925
vn -0.269809 0.959916 -0.075925
vn -0.269809 0.959916 -0.075925
vn -0.265196 -0.962389 -0.058987
vn -0.265196 -0.962389 -0.058987
vn -0.265196 -0.962389 -0.058987
vn -0.265196 -0.962389 -0.058987
s 1
g fuel_pump_grp pipe_geo
usemtl aiStandardSurface18SG
f 647/1557/972 648/1558/973 668/1559/974 667/1560/975
f 648/995/973 649/987/976 669/990/977 668/996/974
f 649/987/976 650/988/978 670/989/979 669/990/977
f 650/988/978 651/991/980 671/992/981 670/989/979
f 651/991/980 652/997/982 672/998/983 671/992/981
f 652/997/982 653/1001/984 673/1002/985 672/998/983
f 653/1001/984 654/1004/986 674/1005/987 673/1002/985
f 654/1572/986 655/1573/988 675/1574/989 674/1575/987
f 655/1573/988 656/1576/990 676/1577/991 675/1574/989
f 656/1576/990 657/1580/992 677/1581/993 676/1577/991
f 657/1580/992 658/1583/994 678/1584/995 677/1581/993
f 658/1016/994 659/1008/996 679/1011/997 678/1017/995
f 659/1008/996 660/1009/998 680/1010/999 679/1011/997
f 660/1009/998 661/1012/1000 681/1013/1001 680/1010/999
f 661/1012/1000 662/1018/1002 682/1019/1003 681/1013/1001
f 662/1018/1002 663/1022/1004 683/1023/1005 682/1019/1003
f 663/1022/1004 664/1025/1006 684/1026/1007 683/1023/1005
f 664/1569/1006 665/1566/1008 685/1567/1009 684/1570/1007
f 665/1566/1008 666/1563/1010 686/1564/1011 685/1567/1009
f 666/1563/1010 647/1557/972 667/1560/975 686/1564/1011
s off
f 1268/1532/1012 1267/1528/1013 1269/1524/1014 1270/1523/1015 1271/1526/1016 1272/1530/1017 1273/1534/1018 1274/1536/1019 1275/1538/1020 1276/1799/1021 1277/1550/1022 1278/1546/1023 1279/1542/1024 1280/1541/1025 1281/1544/1026 1282/1548/1027 1283/1552/1028 1284/1554/1029 1285/1556/1030 1286/1800/1031
s 2
f 667/1560/1032 668/1559/1033 688/1561/1034 687/1562/1035
f 668/996/1033 669/990/1036 689/994/1037 688/1000/1034
f 669/990/1036 670/989/1038 690/993/1039 689/994/1037
f 670/989/1038 671/992/1040 691/999/1041 690/993/1039
f 671/992/1040 672/998/1042 692/1003/1043 691/999/1041
f 672/998/1042 673/1002/1044 693/1006/1045 692/1003/1043
f 673/1002/1044 674/1005/1046 694/1007/1047 693/1006/1045
f 674/1575/1046 675/1574/1048 695/1578/1049 694/1579/1047
f 675/1574/1048 676/1577/1050 696/1582/1051 695/1578/1049
f 676/1577/1050 677/1581/1052 697/1585/1053 696/1582/1051
f 677/1581/1052 678/1584/1054 698/1586/1055 697/1585/1053
f 678/1017/1054 679/1011/1056 699/1015/1057 698/1021/1055
f 679/1011/1056 680/1010/1058 700/1014/1059 699/1015/1057
f 680/1010/1058 681/1013/1060 701/1020/1061 700/1014/1059
f 681/1013/1060 682/1019/1062 702/1024/1063 701/1020/1061
f 682/1019/1062 683/1023/1064 703/1027/1065 702/1024/1063
f 683/1023/1064 684/1026/1066 704/1028/1067 703/1027/1065
f 684/1570/1066 685/1567/1068 705/1568/1069 704/1571/1067
f 685/1567/1068 686/1564/1070 706/1565/1071 705/1568/1069
f 686/1564/1070 667/1560/1032 687/1562/1035 706/1565/1071
s off
f 648/1757/1072 647/1758/1073 707/1759/1074 708/1760/1075
f 649/1763/1076 648/1757/1077 708/1760/1078 709/1764/1079
f 650/1767/1080 649/1763/1081 709/1764/1082 710/1768/1083
f 651/1771/1084 650/1767/1085 710/1768/1086 711/1772/1087
f 652/1775/1088 651/1771/1089 711/1772/1090 712/1776/1091
f 653/1779/1092 652/1775/1093 712/1776/1094 713/1780/1095
f 654/1783/1096 653/1779/1097 713/1780/1098 714/1784/1099
f 655/1787/1100 654/1783/1101 714/1784/1102 715/1788/1103
f 656/1791/1104 655/1787/1105 715/1788/1106 716/1792/1107
f 657/1795/1108 656/1791/1109 716/1792/1110 717/1796/1111
f 658/1793/1112 657/1795/1113 717/1796/1114 718/1794/1115
f 659/1789/1116 658/1793/1117 718/1794/1118 719/1790/1119
f 660/1785/1120 659/1789/1121 719/1790/1122 720/1786/1123
f 661/1781/1124 660/1785/1125 720/1786/1126 721/1782/1127
f 662/1777/1128 661/1781/1129 721/1782/1130 722/1778/1131
f 663/1773/1132 662/1777/1133 722/1778/1134 723/1774/1135
f 664/1769/1136 663/1773/1137 723/1774/1138 724/1770/1139
f 665/1765/1140 664/1769/1141 724/1770/1142 725/1766/1143
f 666/1761/1144 665/1765/1145 725/1766/1146 726/1762/1147
f 647/1758/1148 666/1761/1149 726/1762/1150 707/1759/1151
s 3
f 708/1078/1152 707/1587/1153 727/1588/1154 751/1064/1155
f 751/1064/1155 727/1588/1154 728/1065/1156 752/1052/1157
f 752/1052/1157 728/1065/1156 729/1053/1158 753/1042/1159
f 753/1042/1159 729/1053/1158 730/1043/1160 754/1034/1161
f 754/1034/1161 730/1043/1160 731/1035/1162 755/1030/1163
f 755/1030/1163 731/1035/1162 732/1036/1164 756/1031/1165
f 756/1031/1165 732/1036/1164 733/1045/1166 757/1037/1167
f 757/1037/1167 733/1045/1166 734/1056/1168 758/1046/1169
f 758/1046/1169 734/1056/1168 735/1069/1170 759/1057/1171
f 759/1057/1171 735/1069/1170 736/1083/1172 760/1070/1173
f 760/1070/1173 736/1083/1172 737/1603/1174 761/1084/1175
f 761/1084/1175 737/1603/1174 738/1606/1176 762/1097/1177
f 763/1134/1178 739/1144/1179 740/1153/1180 764/1145/1181
f 764/1145/1181 740/1153/1180 741/1161/1182 765/1154/1183
f 765/1154/1183 741/1161/1182 742/1169/1184 766/1162/1185
f 766/1162/1185 742/1169/1184 743/1611/1186 767/1170/1187
f 767/1170/1187 743/1611/1186 744/1614/1188 768/1177/1189
f 768/1177/1189 744/1614/1188 745/1202/1190 769/1186/1191
f 769/1186/1191 745/1202/1190 746/1203/1192 770/1194/1193
f 770/1194/1193 746/1203/1192 747/1212/1194 771/1204/1195
f 771/1204/1195 747/1212/1194 748/1221/1196 772/1213/1197
f 772/1213/1197 748/1221/1196 749/1229/1198 773/1222/1199
f 773/1222/1199 749/1229/1198 750/1237/1200 774/1230/1201
f 709/1077/1202 708/1078/1152 751/1064/1155 775/1063/1203
f 775/1063/1203 751/1064/1155 752/1052/1157 776/1051/1204
f 776/1051/1204 752/1052/1157 753/1042/1159 777/1041/1205
f 777/1041/1205 753/1042/1159 754/1034/1161 778/1033/1206
f 778/1033/1206 754/1034/1161 755/1030/1163 779/1029/1207
f 779/1029/1207 755/1030/1163 756/1031/1165 780/1032/1208
f 780/1032/1208 756/1031/1165 757/1037/1167 781/1038/1209
f 781/1038/1209 757/1037/1167 758/1046/1169 782/1047/1210
f 782/1047/1210 758/1046/1169 759/1057/1171 783/1058/1211
f 783/1058/1211 759/1057/1171 760/1070/1173 784/1071/1212
f 784/1071/1212 760/1070/1173 761/1084/1175 785/1085/1213
f 785/1085/1213 761/1084/1175 762/1097/1177 786/1098/1214
f 787/1135/1215 763/1134/1178 764/1145/1181 788/1146/1216
f 788/1146/1216 764/1145/1181 765/1154/1183 789/1155/1217
f 789/1155/1217 765/1154/1183 766/1162/1185 790/1163/1218
f 790/1163/1218 766/1162/1185 767/1170/1187 791/1171/1219
f 791/1171/1219 767/1170/1187 768/1177/1189 792/1178/1220
f 792/1178/1220 768/1177/1189 769/1186/1191 793/1187/1221
f 793/1187/1221 769/1186/1191 770/1194/1193 794/1195/1222
f 794/1195/1222 770/1194/1193 771/1204/1195 795/1205/1223
f 795/1205/1223 771/1204/1195 772/1213/1197 796/1214/1224
f 796/1214/1224 772/1213/1197 773/1222/1199 797/1223/1225
f 797/1223/1225 773/1222/1199 774/1230/1201 798/1231/1226
f 710/1092/1227 709/1077/1202 775/1063/1203 799/1079/1228
f 799/1079/1228 775/1063/1203 776/1051/1204 800/1066/1229
f 800/1066/1229 776/1051/1204 777/1041/1205 801/1054/1230
f 801/1054/1230 777/1041/1205 778/1033/1206 802/1044/1231
f 802/1044/1231 778/1033/1206 779/1029/1207 803/1039/1232
f 803/1039/1232 779/1029/1207 780/1032/1208 804/1040/1233
f 804/1040/1233 780/1032/1208 781/1038/1209 805/1048/1234
f 805/1048/1234 781/1038/1209 782/1047/1210 806/1059/1235
f 806/1059/1235 782/1047/1210 783/1058/1211 807/1072/1236
f 807/1072/1236 783/1058/1211 784/1071/1212 808/1086/1237
f 808/1086/1237 784/1071/1212 785/1085/1213 809/1099/1238
f 809/1099/1238 785/1085/1213 786/1098/1214 810/1113/1239
f 811/1147/1240 787/1135/1215 788/1146/1216 812/1156/1241
f 812/1156/1241 788/1146/1216 789/1155/1217 813/1164/1242
f 813/1164/1242 789/1155/1217 790/1163/1218 814/1172/1243
f 814/1172/1243 790/1163/1218 791/1171/1219 815/1179/1244
f 815/1179/1244 791/1171/1219 792/1178/1220 816/1188/1245
f 816/1188/1245 792/1178/1220 793/1187/1221 817/1196/1246
f 817/1196/1246 793/1187/1221 794/1195/1222 818/1206/1247
f 818/1206/1247 794/1195/1222 795/1205/1223 819/1215/1248
f 819/1215/1248 795/1205/1223 796/1214/1224 820/1224/1249
f 820/1224/1249 796/1214/1224 797/1223/1225 821/1232/1250
f 821/1232/1250 797/1223/1225 798/1231/1226 822/1238/1251
f 711/1106/1252 710/1092/1227 799/1079/1228 823/1093/1253
f 823/1093/1253 799/1079/1228 800/1066/1229 824/1080/1254
f 824/1080/1254 800/1066/1229 801/1054/1230 825/1067/1255
f 825/1067/1255 801/1054/1230 802/1044/1231 826/1055/1256
f 826/1055/1256 802/1044/1231 803/1039/1232 827/1049/1257
f 827/1049/1257 803/1039/1232 804/1040/1233 828/1050/1258
f 828/1050/1258 804/1040/1233 805/1048/1234 829/1060/1259
f 829/1060/1259 805/1048/1234 806/1059/1235 830/1073/1260
f 830/1073/1260 806/1059/1235 807/1072/1236 831/1087/1261
f 831/1087/1261 807/1072/1236 808/1086/1237 832/1100/1262
f 832/1100/1262 808/1086/1237 809/1099/1238 833/1114/1263
f 833/1114/1263 809/1099/1238 810/1113/1239 834/1126/1264
f 835/1157/1265 811/1147/1240 812/1156/1241 836/1165/1266
f 836/1165/1266 812/1156/1241 813/1164/1242 837/1173/1267
f 837/1173/1267 813/1164/1242 814/1172/1243 838/1180/1268
f 838/1180/1268 814/1172/1243 815/1179/1244 839/1189/1269
f 839/1189/1269 815/1179/1244 816/1188/1245 840/1197/1270
f 840/1197/1270 816/1188/1245 817/1196/1246 841/1207/1271
f 841/1207/1271 817/1196/1246 818/1206/1247 842/1216/1272
f 842/1216/1272 818/1206/1247 819/1215/1248 843/1225/1273
f 843/1225/1273 819/1215/1248 820/1224/1249 844/1233/1274
f 844/1233/1274 820/1224/1249 821/1232/1250 845/1239/1275
f 845/1239/1275 821/1232/1250 822/1238/1251 846/1243/1276
f 712/1119/1277 711/1106/1252 823/1093/1253 847/1107/1278
f 847/1107/1278 823/1093/1253 824/1080/1254 848/1094/1279
f 848/1094/1279 824/1080/1254 825/1067/1255 849/1081/1280
f 849/1081/1280 825/1067/1255 826/1055/1256 850/1068/1281
f 850/1068/1281 826/1055/1256 827/1049/1257 851/1061/1282
f 851/1061/1282 827/1049/1257 828/1050/1258 852/1062/1283
f 852/1062/1283 828/1050/1258 829/1060/1259 853/1074/1284
f 853/1074/1284 829/1060/1259 830/1073/1260 854/1088/1285
f 854/1088/1285 830/1073/1260 831/1087/1261 855/1101/1286
f 855/1101/1286 831/1087/1261 832/1100/1262 856/1115/1287
f 856/1115/1287 832/1100/1262 833/1114/1263 857/1127/1288
f 857/1127/1288 833/1114/1263 834/1126/1264 858/1138/1289
f 859/1166/1290 835/1157/1265 836/1165/1266 860/1174/1291
f 860/1174/1291 836/1165/1266 837/1173/1267 861/1181/1292
f 861/1181/1292 837/1173/1267 838/1180/1268 862/1190/1293
f 862/1190/1293 838/1180/1268 839/1189/1269 863/1198/1294
f 863/1198/1294 839/1189/1269 840/1197/1270 864/1208/1295
f 864/1208/1295 840/1197/1270 841/1207/1271 865/1217/1296
f 865/1217/1296 841/1207/1271 842/1216/1272 866/1226/1297
f 866/1226/1297 842/1216/1272 843/1225/1273 867/1234/1298
f 867/1234/1298 843/1225/1273 844/1233/1274 868/1240/1299
f 868/1240/1299 844/1233/1274 845/1239/1275 869/1244/1300
f 869/1244/1300 845/1239/1275 846/1243/1276 870/1247/1301
f 713/1131/1302 712/1119/1277 847/1107/1278 871/1120/1303
f 871/1120/1303 847/1107/1278 848/1094/1279 872/1108/1304
f 872/1108/1304 848/1094/1279 849/1081/1280 873/1095/1305
f 873/1095/1305 849/1081/1280 850/1068/1281 874/1082/1306
f 874/1082/1306 850/1068/1281 851/1061/1282 875/1075/1307
f 875/1075/1307 851/1061/1282 852/1062/1283 876/1076/1308
f 876/1076/1308 852/1062/1283 853/1074/1284 877/1089/1309
f 877/1089/1309 853/1074/1284 854/1088/1285 878/1102/1310
f 878/1102/1310 854/1088/1285 855/1101/1286 879/1116/1311
f 879/1116/1311 855/1101/1286 856/1115/1287 880/1128/1312
f 880/1128/1312 856/1115/1287 857/1127/1288 881/1139/1313
f 881/1139/1313 857/1127/1288 858/1138/1289 882/1150/1314
f 883/1175/1315 859/1166/1290 860/1174/1291 884/1182/1316
f 884/1182/1316 860/1174/1291 861/1181/1292 885/1191/1317
f 885/1191/1317 861/1181/1292 862/1190/1293 886/1199/1318
f 886/1199/1318 862/1190/1293 863/1198/1294 887/1209/1319
f 887/1209/1319 863/1198/1294 864/1208/1295 888/1218/1320
f 888/1218/1320 864/1208/1295 865/1217/1296 889/1227/1321
f 889/1227/1321 865/1217/1296 866/1226/1297 890/1235/1322
f 890/1235/1322 866/1226/1297 867/1234/1298 891/1241/1323
f 891/1241/1323 867/1234/1298 868/1240/1299 892/1245/1324
f 892/1245/1324 868/1240/1299 869/1244/1300 893/1248/1325
f 893/1248/1325 869/1244/1300 870/1247/1301 894/1250/1326
f 714/1142/1327 713/1131/1302 871/1120/1303 895/1132/1328
f 895/1132/1328 871/1120/1303 872/1108/1304 896/1121/1329
f 896/1121/1329 872/1108/1304 873/1095/1305 897/1109/1330
f 897/1109/1330 873/1095/1305 874/1082/1306 898/1096/1331
f 898/1096/1331 874/1082/1306 875/1075/1307 899/1090/1332
f 899/1090/1332 875/1075/1307 876/1076/1308 900/1091/1333
f 900/1091/1333 876/1076/1308 877/1089/1309 901/1103/1334
f 901/1103/1334 877/1089/1309 878/1102/1310 902/1117/1335
f 902/1117/1335 878/1102/1310 879/1116/1311 903/1129/1336
f 903/1129/1336 879/1116/1311 880/1128/1312 904/1140/1337
f 904/1140/1337 880/1128/1312 881/1139/1313 905/1151/1338
f 905/1151/1338 881/1139/1313 882/1150/1314 906/1160/1339
f 907/1183/1340 883/1175/1315 884/1182/1316 908/1192/1341
f 908/1192/1341 884/1182/1316 885/1191/1317 909/1200/1342
f 909/1200/1342 885/1191/1317 886/1199/1318 910/1210/1343
f 910/1210/1343 886/1199/1318 887/1209/1319 911/1219/1344
f 911/1219/1344 887/1209/1319 888/1218/1320 912/1228/1345
f 912/1228/1345 888/1218/1320 889/1227/1321 913/1236/1346
f 913/1236/1346 889/1227/1321 890/1235/1322 914/1242/1347
f 914/1242/1347 890/1235/1322 891/1241/1323 915/1246/1348
f 915/1246/1348 891/1241/1323 892/1245/1324 916/1249/1349
f 916/1249/1349 892/1245/1324 893/1248/1325 917/1251/1350
f 917/1251/1350 893/1248/1325 894/1250/1326 918/1254/1351
f 715/1628/1352 714/1142/1327 895/1132/1328 919/1629/1353
f 919/1629/1353 895/1132/1328 896/1121/1329 920/1133/1354
f 920/1133/1354 896/1121/1329 897/1109/1330 921/1122/1355
f 921/1122/1355 897/1109/1330 898/1096/1331 922/1110/1356
f 922/1110/1356 898/1096/1331 899/1090/1332 923/1104/1357
f 923/1104/1357 899/1090/1332 900/1091/1333 924/1105/1358
f 924/1105/1358 900/1091/1333 901/1103/1334 925/1118/1359
f 925/1118/1359 901/1103/1334 902/1117/1335 926/1130/1360
f 926/1130/1360 902/1117/1335 903/1129/1336 927/1141/1361
f 927/1141/1361 903/1129/1336 904/1140/1337 928/1152/1362
f 928/1152/1362 904/1140/1337 905/1151/1338 929/1643/1363
f 929/1643/1363 905/1151/1338 906/1160/1339 930/1645/1364
f 931/1193/1365 907/1183/1340 908/1192/1341 932/1201/1366
f 932/1201/1366 908/1192/1341 909/1200/1342 933/1211/1367
f 933/1211/1367 909/1200/1342 910/1210/1343 934/1220/1368
f 934/1220/1368 910/1210/1343 911/1219/1344 935/1652/1369
f 935/1652/1369 911/1219/1344 912/1228/1345 936/1653/1370
f 936/1653/1370 912/1228/1345 913/1236/1346 937/1656/1371
f 937/1656/1371 913/1236/1346 914/1242/1347 938/1660/1372
f 938/1660/1372 914/1242/1347 915/1246/1348 939/1252/1373
f 939/1252/1373 915/1246/1348 916/1249/1349 940/1253/1374
f 940/1253/1374 916/1249/1349 917/1251/1350 941/1255/1375
f 941/1255/1375 917/1251/1350 918/1254/1351 942/1256/1376
f 716/1630/1377 715/1628/1352 919/1629/1353 943/1631/1378
f 943/1631/1378 919/1629/1353 920/1133/1354 944/1632/1379
f 944/1632/1379 920/1133/1354 921/1122/1355 945/1635/1380
f 945/1635/1380 921/1122/1355 922/1110/1356 946/1636/1381
f 946/1636/1381 922/1110/1356 923/1104/1357 947/1637/1382
f 947/1637/1382 923/1104/1357 924/1105/1358 948/1638/1383
f 948/1638/1383 924/1105/1358 925/1118/1359 949/1639/1384
f 949/1639/1384 925/1118/1359 926/1130/1360 950/1640/1385
f 950/1640/1385 926/1130/1360 927/1141/1361 951/1641/1386
f 951/1641/1386 927/1141/1361 928/1152/1362 952/1642/1387
f 952/1642/1387 928/1152/1362 929/1643/1363 953/1644/1388
f 953/1644/1388 929/1643/1363 930/1645/1364 954/1646/1389
f 955/1797/1390 931/1193/1365 932/1201/1366 956/1663/1391
f 956/1663/1391 932/1201/1366 933/1211/1367 957/1658/1392
f 957/1658/1392 933/1211/1367 934/1220/1368 958/1654/1393
f 958/1654/1393 934/1220/1368 935/1652/1369 959/1655/1394
f 959/1655/1394 935/1652/1369 936/1653/1370 960/1657/1395
f 960/1657/1395 936/1653/1370 937/1656/1371 961/1661/1396
f 961/1661/1396 937/1656/1371 938/1660/1372 962/1664/1397
f 962/1664/1397 938/1660/1372 939/1252/1373 963/1666/1398
f 963/1666/1398 939/1252/1373 940/1253/1374 964/1668/1399
f 964/1668/1399 940/1253/1374 941/1255/1375 965/1670/1400
f 965/1670/1400 941/1255/1375 942/1256/1376 966/1672/1401
f 717/1633/1402 716/1630/1377 943/1631/1378 967/1826/1403
f 967/1826/1403 943/1631/1378 944/1632/1379 968/1825/1404
f 968/1825/1404 944/1632/1379 945/1635/1380 969/1824/1405
f 969/1824/1405 945/1635/1380 946/1636/1381 970/1823/1406
f 970/1823/1406 946/1636/1381 947/1637/1382 971/1822/1407
f 971/1822/1407 947/1637/1382 948/1638/1383 972/1821/1408
f 972/1821/1408 948/1638/1383 949/1639/1384 973/1820/1409
f 973/1820/1409 949/1639/1384 950/1640/1385 974/1819/1410
f 974/1819/1410 950/1640/1385 951/1641/1386 975/1818/1411
f 975/1818/1411 951/1641/1386 952/1642/1387 976/1817/1412
f 976/1817/1412 952/1642/1387 953/1644/1388 977/1816/1413
f 977/1816/1413 953/1644/1388 954/1646/1389 978/1649/1414
f 979/1811/1415 955/1797/1390 956/1663/1391 980/1815/1416
f 980/1815/1416 956/1663/1391 957/1658/1392 981/1810/1417
f 981/1810/1417 957/1658/1392 958/1654/1393 982/1809/1418
f 982/1809/1418 958/1654/1393 959/1655/1394 983/1808/1419
f 983/1808/1419 959/1655/1394 960/1657/1395 984/1807/1420
f 984/1807/1420 960/1657/1395 961/1661/1396 985/1665/1421
f 985/1665/1421 961/1661/1396 962/1664/1397 986/1667/1422
f 986/1667/1422 962/1664/1397 963/1666/1398 987/1669/1423
f 987/1669/1423 963/1666/1398 964/1668/1399 988/1671/1424
f 988/1671/1424 964/1668/1399 965/1670/1400 989/1673/1425
f 989/1673/1425 965/1670/1400 966/1672/1401 990/1674/1426
f 718/1306/1427 717/1827/1402 967/1634/1403 991/1292/1428
f 991/1292/1428 967/1634/1403 968/1293/1404 992/1280/1429
f 992/1280/1429 968/1293/1404 969/1281/1405 993/1270/1430
f 993/1270/1430 969/1281/1405 970/1271/1406 994/1262/1431
f 994/1262/1431 970/1271/1406 971/1263/1407 995/1258/1432
f 995/1258/1432 971/1263/1407 972/1264/1408 996/1259/1433
f 996/1259/1433 972/1264/1408 973/1273/1409 997/1265/1434
f 997/1265/1434 973/1273/1409 974/1284/1410 998/1274/1435
f 998/1274/1435 974/1284/1410 975/1297/1411 999/1285/1436
f 999/1285/1436 975/1297/1411 976/1311/1412 1000/1298/1437
f 1000/1298/1437 976/1311/1412 977/1647/1413 1001/1312/1438
f 1001/1312/1438 977/1647/1413 978/1814/1414 1002/1325/1439
f 1003/1362/1440 979/1372/1415 980/1381/1416 1004/1373/1441
f 1004/1373/1441 980/1381/1416 981/1389/1417 1005/1382/1442
f 1005/1382/1442 981/1389/1417 982/1397/1418 1006/1390/1443
f 1006/1390/1443 982/1397/1418 983/1659/1419 1007/1398/1444
f 1007/1398/1444 983/1659/1419 984/1662/1420 1008/1405/1445
f 1008/1405/1445 984/1662/1420 985/1430/1421 1009/1414/1446
f 1009/1414/1446 985/1430/1421 986/1431/1422 1010/1422/1447
f 1010/1422/1447 986/1431/1422 987/1440/1423 1011/1432/1448
f 1011/1432/1448 987/1440/1423 988/1449/1424 1012/1441/1449
f 1012/1441/1449 988/1449/1424 989/1457/1425 1013/1450/1450
f 1013/1450/1450 989/1457/1425 990/1465/1426 1014/1458/1451
f 719/1305/1452 718/1306/1427 991/1292/1428 1015/1291/1453
f 1015/1291/1453 991/1292/1428 992/1280/1429 1016/1279/1454
f 1016/1279/1454 992/1280/1429 993/1270/1430 1017/1269/1455
f 1017/1269/1455 993/1270/1430 994/1262/1431 1018/1261/1456
f 1018/1261/1456 994/1262/1431 995/1258/1432 1019/1257/1457
f 1019/1257/1457 995/1258/1432 996/1259/1433 1020/1260/1458
f 1020/1260/1458 996/1259/1433 997/1265/1434 1021/1266/1459
f 1021/1266/1459 997/1265/1434 998/1274/1435 1022/1275/1460
f 1022/1275/1460 998/1274/1435 999/1285/1436 1023/1286/1461
f 1023/1286/1461 999/1285/1436 1000/1298/1437 1024/1299/1462
f 1024/1299/1462 1000/1298/1437 1001/1312/1438 1025/1313/1463
f 1025/1313/1463 1001/1312/1438 1002/1325/1439 1026/1326/1464
f 1027/1363/1465 1003/1362/1440 1004/1373/1441 1028/1374/1466
f 1028/1374/1466 1004/1373/1441 1005/1382/1442 1029/1383/1467
f 1029/1383/1467 1005/1382/1442 1006/1390/1443 1030/1391/1468
f 1030/1391/1468 1006/1390/1443 1007/1398/1444 1031/1399/1469
f 1031/1399/1469 1007/1398/1444 1008/1405/1445 1032/1406/1470
f 1032/1406/1470 1008/1405/1445 1009/1414/1446 1033/1415/1471
f 1033/1415/1471 1009/1414/1446 1010/1422/1447 1034/1423/1472
f 1034/1423/1472 1010/1422/1447 1011/1432/1448 1035/1433/1473
f 1035/1433/1473 1011/1432/1448 1012/1441/1449 1036/1442/1474
f 1036/1442/1474 1012/1441/1449 1013/1450/1450 1037/1451/1475
f 1037/1451/1475 1013/1450/1450 1014/1458/1451 1038/1459/1476
f 720/1320/1477 719/1305/1452 1015/1291/1453 1039/1307/1478
f 1039/1307/1478 1015/1291/1453 1016/1279/1454 1040/1294/1479
f 1040/1294/1479 1016/1279/1454 1017/1269/1455 1041/1282/1480
f 1041/1282/1480 1017/1269/1455 1018/1261/1456 1042/1272/1481
f 1042/1272/1481 1018/1261/1456 1019/1257/1457 1043/1267/1482
f 1043/1267/1482 1019/1257/1457 1020/1260/1458 1044/1268/1483
f 1044/1268/1483 1020/1260/1458 1021/1266/1459 1045/1276/1484
f 1045/1276/1484 1021/1266/1459 1022/1275/1460 1046/1287/1485
f 1046/1287/1485 1022/1275/1460 1023/1286/1461 1047/1300/1486
f 1047/1300/1486 1023/1286/1461 1024/1299/1462 1048/1314/1487
f 1048/1314/1487 1024/1299/1462 1025/1313/1463 1049/1327/1488
f 1049/1327/1488 1025/1313/1463 1026/1326/1464 1050/1341/1489
f 1051/1375/1490 1027/1363/1465 1028/1374/1466 1052/1384/1491
f 1052/1384/1491 1028/1374/1466 1029/1383/1467 1053/1392/1492
f 1053/1392/1492 1029/1383/1467 1030/1391/1468 1054/1400/1493
f 1054/1400/1493 1030/1391/1468 1031/1399/1469 1055/1407/1494
f 1055/1407/1494 1031/1399/1469 1032/1406/1470 1056/1416/1495
f 1056/1416/1495 1032/1406/1470 1033/1415/1471 1057/1424/1496
f 1057/1424/1496 1033/1415/1471 1034/1423/1472 1058/1434/1497
f 1058/1434/1497 1034/1423/1472 1035/1433/1473 1059/1443/1498
f 1059/1443/1498 1035/1433/1473 1036/1442/1474 1060/1452/1499
f 1060/1452/1499 1036/1442/1474 1037/1451/1475 1061/1460/1500
f 1061/1460/1500 1037/1451/1475 1038/1459/1476 1062/1466/1501
f 721/1334/1502 720/1320/1477 1039/1307/1478 1063/1321/1503
f 1063/1321/1503 1039/1307/1478 1040/1294/1479 1064/1308/1504
f 1064/1308/1504 1040/1294/1479 1041/1282/1480 1065/1295/1505
f 1065/1295/1505 1041/1282/1480 1042/1272/1481 1066/1283/1506
f 1066/1283/1506 1042/1272/1481 1043/1267/1482 1067/1277/1507
f 1067/1277/1507 1043/1267/1482 1044/1268/1483 1068/1278/1508
f 1068/1278/1508 1044/1268/1483 1045/1276/1484 1069/1288/1509
f 1069/1288/1509 1045/1276/1484 1046/1287/1485 1070/1301/1510
f 1070/1301/1510 1046/1287/1485 1047/1300/1486 1071/1315/1511
f 1071/1315/1511 1047/1300/1486 1048/1314/1487 1072/1328/1512
f 1072/1328/1512 1048/1314/1487 1049/1327/1488 1073/1342/1513
f 1073/1342/1513 1049/1327/1488 1050/1341/1489 1074/1354/1514
f 1075/1385/1515 1051/1375/1490 1052/1384/1491 1076/1393/1516
f 1076/1393/1516 1052/1384/1491 1053/1392/1492 1077/1401/1517
f 1077/1401/1517 1053/1392/1492 1054/1400/1493 1078/1408/1518
f 1078/1408/1518 1054/1400/1493 1055/1407/1494 1079/1417/1519
f 1079/1417/1519 1055/1407/1494 1056/1416/1495 1080/1425/1520
f 1080/1425/1520 1056/1416/1495 1057/1424/1496 1081/1435/1521
f 1081/1435/1521 1057/1424/1496 1058/1434/1497 1082/1444/1522
f 1082/1444/1522 1058/1434/1497 1059/1443/1498 1083/1453/1523
f 1083/1453/1523 1059/1443/1498 1060/1452/1499 1084/1461/1524
f 1084/1461/1524 1060/1452/1499 1061/1460/1500 1085/1467/1525
f 1085/1467/1525 1061/1460/1500 1062/1466/1501 1086/1471/1526
f 722/1347/1527 721/1334/1502 1063/1321/1503 1087/1335/1528
f 1087/1335/1528 1063/1321/1503 1064/1308/1504 1088/1322/1529
f 1088/1322/1529 1064/1308/1504 1065/1295/1505 1089/1309/1530
f 1089/1309/1530 1065/1295/1505 1066/1283/1506 1090/1296/1531
f 1090/1296/1531 1066/1283/1506 1067/1277/1507 1091/1289/1532
f 1091/1289/1532 1067/1277/1507 1068/1278/1508 1092/1290/1533
f 1092/1290/1533 1068/1278/1508 1069/1288/1509 1093/1302/1534
f 1093/1302/1534 1069/1288/1509 1070/1301/1510 1094/1316/1535
f 1094/1316/1535 1070/1301/1510 1071/1315/1511 1095/1329/1536
f 1095/1329/1536 1071/1315/1511 1072/1328/1512 1096/1343/1537
f 1096/1343/1537 1072/1328/1512 1073/1342/1513 1097/1355/1538
f 1097/1355/1538 1073/1342/1513 1074/1354/1514 1098/1366/1539
f 1099/1394/1540 1075/1385/1515 1076/1393/1516 1100/1402/1541
f 1100/1402/1541 1076/1393/1516 1077/1401/1517 1101/1409/1542
f 1101/1409/1542 1077/1401/1517 1078/1408/1518 1102/1418/1543
f 1102/1418/1543 1078/1408/1518 1079/1417/1519 1103/1426/1544
f 1103/1426/1544 1079/1417/1519 1080/1425/1520 1104/1436/1545
f 1104/1436/1545 1080/1425/1520 1081/1435/1521 1105/1445/1546
f 1105/1445/1546 1081/1435/1521 1082/1444/1522 1106/1454/1547
f 1106/1454/1547 1082/1444/1522 1083/1453/1523 1107/1462/1548
f 1107/1462/1548 1083/1453/1523 1084/1461/1524 1108/1468/1549
f 1108/1468/1549 1084/1461/1524 1085/1467/1525 1109/1472/1550
f 1109/1472/1550 1085/1467/1525 1086/1471/1526 1110/1475/1551
f 723/1359/1552 722/1347/1527 1087/1335/1528 1111/1348/1553
f 1111/1348/1553 1087/1335/1528 1088/1322/1529 1112/1336/1554
f 1112/1336/1554 1088/1322/1529 1089/1309/1530 1113/1323/1555
f 1113/1323/1555 1089/1309/1530 1090/1296/1531 1114/1310/1556
f 1114/1310/1556 1090/1296/1531 1091/1289/1532 1115/1303/1557
f 1115/1303/1557 1091/1289/1532 1092/1290/1533 1116/1304/1558
f 1116/1304/1558 1092/1290/1533 1093/1302/1534 1117/1317/1559
f 1117/1317/1559 1093/1302/1534 1094/1316/1535 1118/1330/1560
f 1118/1330/1560 1094/1316/1535 1095/1329/1536 1119/1344/1561
f 1119/1344/1561 1095/1329/1536 1096/1343/1537 1120/1356/1562
f 1120/1356/1562 1096/1343/1537 1097/1355/1538 1121/1367/1563
f 1121/1367/1563 1097/1355/1538 1098/1366/1539 1122/1378/1564
f 1123/1403/1565 1099/1394/1540 1100/1402/1541 1124/1410/1566
f 1124/1410/1566 1100/1402/1541 1101/1409/1542 1125/1419/1567
f 1125/1419/1567 1101/1409/1542 1102/1418/1543 1126/1427/1568
f 1126/1427/1568 1102/1418/1543 1103/1426/1544 1127/1437/1569
f 1127/1437/1569 1103/1426/1544 1104/1436/1545 1128/1446/1570
f 1128/1446/1570 1104/1436/1545 1105/1445/1546 1129/1455/1571
f 1129/1455/1571 1105/1445/1546 1106/1454/1547 1130/1463/1572
f 1130/1463/1572 1106/1454/1547 1107/1462/1548 1131/1469/1573
f 1131/1469/1573 1107/1462/1548 1108/1468/1549 1132/1473/1574
f 1132/1473/1574 1108/1468/1549 1109/1472/1550 1133/1476/1575
f 1133/1476/1575 1109/1472/1550 1110/1475/1551 1134/1478/1576
f 724/1370/1577 723/1359/1552 1111/1348/1553 1135/1360/1578
f 1135/1360/1578 1111/1348/1553 1112/1336/1554 1136/1349/1579
f 1136/1349/1579 1112/1336/1554 1113/1323/1555 1137/1337/1580
f 1137/1337/1580 1113/1323/1555 1114/1310/1556 1138/1324/1581
f 1138/1324/1581 1114/1310/1556 1115/1303/1557 1139/1318/1582
f 1139/1318/1582 1115/1303/1557 1116/1304/1558 1140/1319/1583
f 1140/1319/1583 1116/1304/1558 1117/1317/1559 1141/1331/1584
f 1141/1331/1584 1117/1317/1559 1118/1330/1560 1142/1345/1585
f 1142/1345/1585 1118/1330/1560 1119/1344/1561 1143/1357/1586
f 1143/1357/1586 1119/1344/1561 1120/1356/1562 1144/1368/1587
f 1144/1368/1587 1120/1356/1562 1121/1367/1563 1145/1379/1588
f 1145/1379/1588 1121/1367/1563 1122/1378/1564 1146/1388/1589
f 1147/1411/1590 1123/1403/1565 1124/1410/1566 1148/1420/1591
f 1148/1420/1591 1124/1410/1566 1125/1419/1567 1149/1428/1592
f 1149/1428/1592 1125/1419/1567 1126/1427/1568 1150/1438/1593
f 1150/1438/1593 1126/1427/1568 1127/1437/1569 1151/1447/1594
f 1151/1447/1594 1127/1437/1569 1128/1446/1570 1152/1456/1595
f 1152/1456/1595 1128/1446/1570 1129/1455/1571 1153/1464/1596
f 1153/1464/1596 1129/1455/1571 1130/1463/1572 1154/1470/1597
f 1154/1470/1597 1130/1463/1572 1131/1469/1573 1155/1474/1598
f 1155/1474/1598 1131/1469/1573 1132/1473/1574 1156/1477/1599
f 1156/1477/1599 1132/1473/1574 1133/1476/1575 1157/1479/1600
f 1157/1479/1600 1133/1476/1575 1134/1478/1576 1158/1482/1601
f 725/1591/1602 724/1370/1577 1135/1360/1578 1159/1592/1603
f 1159/1592/1603 1135/1360/1578 1136/1349/1579 1160/1361/1604
f 1160/1361/1604 1136/1349/1579 1137/1337/1580 1161/1350/1605
f 1161/1350/1605 1137/1337/1580 1138/1324/1581 1162/1338/1606
f 1162/1338/1606 1138/1324/1581 1139/1318/1582 1163/1332/1607
f 1163/1332/1607 1139/1318/1582 1140/1319/1583 1164/1333/1608
f 1164/1333/1608 1140/1319/1583 1141/1331/1584 1165/1346/1609
f 1165/1346/1609 1141/1331/1584 1142/1345/1585 1166/1358/1610
f 1166/1358/1610 1142/1345/1585 1143/1357/1586 1167/1369/1611
f 1167/1369/1611 1143/1357/1586 1144/1368/1587 1168/1380/1612
f 1168/1380/1612 1144/1368/1587 1145/1379/1588 1169/1604/1613
f 1169/1604/1613 1145/1379/1588 1146/1388/1589 1170/1607/1614
f 1171/1421/1615 1147/1411/1590 1148/1420/1591 1172/1429/1616
f 1172/1429/1616 1148/1420/1591 1149/1428/1592 1173/1439/1617
f 1173/1439/1617 1149/1428/1592 1150/1438/1593 1174/1448/1618
f 1174/1448/1618 1150/1438/1593 1151/1447/1594 1175/1616/1619
f 1175/1616/1619 1151/1447/1594 1152/1456/1595 1176/1619/1620
f 1176/1619/1620 1152/1456/1595 1153/1464/1596 1177/1621/1621
f 1177/1621/1621 1153/1464/1596 1154/1470/1597 1178/1623/1622
f 1178/1623/1622 1154/1470/1597 1155/1474/1598 1179/1480/1623
f 1179/1480/1623 1155/1474/1598 1156/1477/1599 1180/1481/1624
f 1180/1481/1624 1156/1477/1599 1157/1479/1600 1181/1483/1625
f 1181/1483/1625 1157/1479/1600 1158/1482/1601 1182/1484/1626
f 726/1589/1627 725/1591/1602 1159/1592/1603 1183/1590/1628
f 1183/1590/1628 1159/1592/1603 1160/1361/1604 1184/1593/1629
f 1184/1593/1629 1160/1361/1604 1161/1350/1605 1185/1594/1630
f 1185/1594/1630 1161/1350/1605 1162/1338/1606 1186/1595/1631
f 1186/1595/1631 1162/1338/1606 1163/1332/1607 1187/1596/1632
f 1187/1596/1632 1163/1332/1607 1164/1333/1608 1188/1597/1633
f 1188/1597/1633 1164/1333/1608 1165/1346/1609 1189/1598/1634
f 1189/1598/1634 1165/1346/1609 1166/1358/1610 1190/1599/1635
f 1190/1599/1635 1166/1358/1610 1167/1369/1611 1191/1600/1636
f 1191/1600/1636 1167/1369/1611 1168/1380/1612 1192/1601/1637
f 1192/1601/1637 1168/1380/1612 1169/1604/1613 1193/1602/1638
f 1193/1602/1638 1169/1604/1613 1170/1607/1614 1194/1605/1639
f 1195/1798/1640 1171/1421/1615 1172/1429/1616 1196/1618/1641
f 1196/1618/1641 1172/1429/1616 1173/1439/1617 1197/1615/1642
f 1197/1615/1642 1173/1439/1617 1174/1448/1618 1198/1612/1643
f 1198/1612/1643 1174/1448/1618 1175/1616/1619 1199/1613/1644
f 1199/1613/1644 1175/1616/1619 1176/1619/1620 1200/1617/1645
f 1200/1617/1645 1176/1619/1620 1177/1621/1621 1201/1620/1646
f 1201/1620/1646 1177/1621/1621 1178/1623/1622 1202/1622/1647
f 1202/1622/1647 1178/1623/1622 1179/1480/1623 1203/1624/1648
f 1203/1624/1648 1179/1480/1623 1180/1481/1624 1204/1625/1649
f 1204/1625/1649 1180/1481/1624 1181/1483/1625 1205/1626/1650
f 1205/1626/1650 1181/1483/1625 1182/1484/1626 1206/1627/1651
f 707/1587/1153 726/1589/1627 1183/1590/1628 727/1588/1154
f 727/1588/1154 1183/1590/1628 1184/1593/1629 728/1065/1156
f 728/1065/1156 1184/1593/1629 1185/1594/1630 729/1053/1158
f 729/1053/1158 1185/1594/1630 1186/1595/1631 730/1043/1160
f 730/1043/1160 1186/1595/1631 1187/1596/1632 731/1035/1162
f 731/1035/1162 1187/1596/1632 1188/1597/1633 732/1036/1164
f 732/1036/1164 1188/1597/1633 1189/1598/1634 733/1045/1166
f 733/1045/1166 1189/1598/1634 1190/1599/1635 734/1056/1168
f 734/1056/1168 1190/1599/1635 1191/1600/1636 735/1069/1170
f 735/1069/1170 1191/1600/1636 1192/1601/1637 736/1083/1172
f 736/1083/1172 1192/1601/1637 1193/1602/1638 737/1603/1174
f 737/1603/1174 1193/1602/1638 1194/1605/1639 738/1606/1176
f 739/1144/1179 1195/1798/1640 1196/1618/1641 740/1153/1180
f 740/1153/1180 1196/1618/1641 1197/1615/1642 741/1161/1182
f 741/1161/1182 1197/1615/1642 1198/1612/1643 742/1169/1184
f 742/1169/1184 1198/1612/1643 1199/1613/1644 743/1611/1186
f 743/1611/1186 1199/1613/1644 1200/1617/1645 744/1614/1188
f 744/1614/1188 1200/1617/1645 1201/1620/1646 745/1202/1190
f 745/1202/1190 1201/1620/1646 1202/1622/1647 746/1203/1192
f 746/1203/1192 1202/1622/1647 1203/1624/1648 747/1212/1194
f 747/1212/1194 1203/1624/1648 1204/1625/1649 748/1221/1196
f 748/1221/1196 1204/1625/1649 1205/1626/1650 749/1229/1198
f 749/1229/1198 1205/1626/1650 1206/1627/1651 750/1237/1200
s 5
f 1328/1489/1652 1327/1493/1653 1329/1494/1654 1330/1490/1655
f 1331/1486/1656 1328/1489/1652 1330/1490/1655 1332/1487/1657
f 1333/1485/1658 1331/1486/1656 1332/1487/1657 1334/1488/1659
f 1335/1491/1660 1333/1485/1658 1334/1488/1659 1336/1492/1661
f 1337/1495/1662 1335/1491/1660 1336/1492/1661 1338/1496/1663
f 1339/1497/1664 1337/1495/1662 1338/1496/1663 1340/1498/1665
f 1341/1499/1666 1339/1497/1664 1340/1498/1665 1342/1500/1667
f 1343/1501/1668 1341/1499/1666 1342/1500/1667 1344/1502/1669
f 1345/1737/1670 1343/1738/1668 1344/1804/1669 1346/1803/1671
f 1347/1511/1672 1345/1737/1670 1346/1803/1671 1348/1512/1673
f 1349/1507/1674 1347/1511/1672 1348/1512/1673 1350/1508/1675
f 1351/1504/1676 1349/1507/1674 1350/1508/1675 1352/1505/1677
f 1353/1503/1678 1351/1504/1676 1352/1505/1677 1354/1506/1679
f 1355/1509/1680 1353/1503/1678 1354/1506/1679 1356/1510/1681
f 1357/1513/1682 1355/1509/1680 1356/1510/1681 1358/1514/1683
f 1359/1515/1684 1357/1513/1682 1358/1514/1683 1360/1516/1685
f 1361/1517/1686 1359/1515/1684 1360/1516/1685 1362/1518/1687
f 1363/1519/1688 1361/1517/1686 1362/1518/1687 1364/1520/1689
f 1365/1680/1690 1363/1519/1688 1364/1520/1689 1366/1684/1691
f 1327/1493/1653 1365/1680/1690 1366/1684/1691 1329/1494/1654
s 3
f 1227/1143/1692 1228/1609/1693 1265/1608/1694 1266/1610/1695
f 1228/1609/1693 1227/1143/1692 1230/1123/1696 1229/1111/1697
f 1229/1111/1697 1230/1123/1696 1232/1124/1698 1231/1112/1699
f 1231/1112/1699 1232/1124/1698 1234/1136/1700 1233/1125/1701
f 1233/1125/1701 1234/1136/1700 1236/1148/1702 1235/1137/1703
f 1235/1137/1703 1236/1148/1702 1238/1158/1704 1237/1149/1705
f 1237/1149/1705 1238/1158/1704 1240/1167/1706 1239/1159/1707
f 1239/1159/1707 1240/1167/1706 1242/1176/1708 1241/1168/1709
f 1241/1168/1709 1242/1176/1708 1244/1184/1710 1243/1185/1711
f 1243/1185/1711 1244/1184/1710 1246/1650/1712 1245/1648/1713
f 1245/1648/1713 1246/1650/1712 1248/1371/1714 1247/1813/1715
f 1247/1651/1715 1248/1812/1714 1250/1351/1716 1249/1339/1717
f 1249/1339/1717 1250/1351/1716 1252/1352/1718 1251/1340/1719
f 1251/1340/1719 1252/1352/1718 1254/1364/1720 1253/1353/1721
f 1253/1353/1721 1254/1364/1720 1256/1376/1722 1255/1365/1723
f 1255/1365/1723 1256/1376/1722 1258/1386/1724 1257/1377/1725
f 1257/1377/1725 1258/1386/1724 1260/1395/1726 1259/1387/1727
f 1259/1387/1727 1260/1395/1726 1262/1404/1728 1261/1396/1729
f 1261/1396/1729 1262/1404/1728 1264/1412/1730 1263/1413/1731
f 1263/1413/1731 1264/1412/1730 1266/1610/1695 1265/1608/1694
f 762/1097/1177 738/1606/1176 1228/1609/1693 1229/1111/1697
f 1230/1123/1696 1227/1143/1692 739/1144/1179 763/1134/1178
f 786/1098/1214 762/1097/1177 1229/1111/1697 1231/1112/1699
f 1232/1124/1698 1230/1123/1696 763/1134/1178 787/1135/1215
f 810/1113/1239 786/1098/1214 1231/1112/1699 1233/1125/1701
f 1234/1136/1700 1232/1124/1698 787/1135/1215 811/1147/1240
f 834/1126/1264 810/1113/1239 1233/1125/1701 1235/1137/1703
f 1236/1148/1702 1234/1136/1700 811/1147/1240 835/1157/1265
f 858/1138/1289 834/1126/1264 1235/1137/1703 1237/1149/1705
f 1238/1158/1704 1236/1148/1702 835/1157/1265 859/1166/1290
f 882/1150/1314 858/1138/1289 1237/1149/1705 1239/1159/1707
f 1240/1167/1706 1238/1158/1704 859/1166/1290 883/1175/1315
f 906/1160/1339 882/1150/1314 1239/1159/1707 1241/1168/1709
f 1242/1176/1708 1240/1167/1706 883/1175/1315 907/1183/1340
f 930/1645/1732 906/1160/1339 1241/1168/1709 1243/1185/1711
f 1244/1184/1710 1242/1176/1708 907/1183/1340 931/1193/1733
f 954/1646/1734 930/1645/1732 1243/1185/1711 1245/1648/1713
f 1246/1650/1712 1244/1184/1710 931/1193/1733 955/1797/1735
f 978/1649/1736 954/1646/1734 1245/1648/1713 1247/1813/1715
f 1248/1371/1714 1246/1650/1712 955/1797/1735 979/1811/1737
f 1002/1325/1439 978/1814/1736 1247/1651/1715 1249/1339/1717
f 1250/1351/1716 1248/1812/1714 979/1372/1737 1003/1362/1440
f 1026/1326/1464 1002/1325/1439 1249/1339/1717 1251/1340/1719
f 1252/1352/1718 1250/1351/1716 1003/1362/1440 1027/1363/1465
f 1050/1341/1489 1026/1326/1464 1251/1340/1719 1253/1353/1721
f 1254/1364/1720 1252/1352/1718 1027/1363/1465 1051/1375/1490
f 1074/1354/1514 1050/1341/1489 1253/1353/1721 1255/1365/1723
f 1256/1376/1722 1254/1364/1720 1051/1375/1490 1075/1385/1515
f 1098/1366/1539 1074/1354/1514 1255/1365/1723 1257/1377/1725
f 1258/1386/1724 1256/1376/1722 1075/1385/1515 1099/1394/1540
f 1122/1378/1564 1098/1366/1539 1257/1377/1725 1259/1387/1727
f 1260/1395/1726 1258/1386/1724 1099/1394/1540 1123/1403/1565
f 1146/1388/1589 1122/1378/1564 1259/1387/1727 1261/1396/1729
f 1262/1404/1728 1260/1395/1726 1123/1403/1565 1147/1411/1590
f 1170/1607/1614 1146/1388/1589 1261/1396/1729 1263/1413/1731
f 1264/1412/1730 1262/1404/1728 1147/1411/1590 1171/1421/1615
f 1194/1605/1738 1170/1607/1614 1263/1413/1731 1265/1608/1694
f 1266/1610/1695 1264/1412/1730 1171/1421/1615 1195/1798/1739
f 738/1606/1176 1194/1605/1738 1265/1608/1694 1228/1609/1693
f 1227/1143/1692 1266/1610/1695 1195/1798/1739 739/1144/1179
s off
f 1225/1531/1740 1224/1527/1741 1267/1528/1742 1268/1532/1743
f 1224/1527/1744 1223/1521/1745 1269/1524/1746 1267/1528/1747
f 1223/1521/1748 1222/1522/1749 1270/1523/1750 1269/1524/1751
f 1222/1522/1752 1221/1525/1753 1271/1526/1754 1270/1523/1755
f 1221/1525/1756 1220/1529/1757 1272/1530/1758 1271/1526/1759
f 1220/1529/1760 1219/1533/1761 1273/1534/1762 1272/1530/1763
f 1219/1533/1764 1218/1535/1765 1274/1536/1766 1273/1534/1767
f 1218/1535/1768 1217/1537/1769 1275/1538/1770 1274/1536/1771
f 1217/1537/1772 1216/1801/1773 1276/1799/1774 1275/1538/1775
f 1216/1801/1776 1215/1549/1777 1277/1550/1778 1276/1799/1779
f 1215/1549/1780 1214/1545/1781 1278/1546/1782 1277/1550/1783
f 1214/1545/1784 1213/1539/1785 1279/1542/1786 1278/1546/1787
f 1213/1539/1788 1212/1540/1789 1280/1541/1790 1279/1542/1791
f 1212/1540/1792 1211/1543/1793 1281/1544/1794 1280/1541/1795
f 1211/1543/1796 1210/1547/1797 1282/1548/1798 1281/1544/1799
f 1210/1547/1800 1209/1551/1801 1283/1552/1802 1282/1548/1803
f 1209/1551/1804 1208/1553/1805 1284/1554/1806 1283/1552/1807
f 1208/1553/1808 1207/1555/1809 1285/1556/1810 1284/1554/1811
f 1207/1555/1812 1226/1802/1813 1286/1800/1814 1285/1556/1815
f 1226/1802/1816 1225/1531/1817 1268/1532/1818 1286/1800/1819
f 774/907/1820 750/908/1821 1287/948/1822 1288/947/1823
f 1207/928/1824 1208/927/1825 1290/950/1826 1289/949/1827
f 798/909/1828 774/907/1829 1288/947/1830 1291/951/1831
f 1208/927/1832 1209/929/1833 1292/952/1834 1290/950/1835
f 822/910/1836 798/909/1837 1291/951/1838 1293/953/1839
f 1209/929/1840 1210/930/1841 1294/954/1842 1292/952/1843
f 846/911/1844 822/910/1845 1293/953/1846 1295/955/1847
f 1210/930/1848 1211/931/1849 1296/956/1850 1294/954/1851
f 870/912/1852 846/911/1853 1295/955/1854 1297/957/1855
f 1211/931/1856 1212/932/1857 1298/958/1858 1296/956/1859
f 894/913/1860 870/912/1861 1297/957/1862 1299/959/1863
f 1212/932/1864 1213/933/1865 1300/960/1866 1298/958/1867
f 918/914/1868 894/913/1869 1299/959/1870 1301/961/1871
f 1213/933/1872 1214/934/1873 1302/962/1874 1300/960/1875
f 942/915/1876 918/914/1877 1301/961/1878 1303/963/1879
f 1214/934/1880 1215/935/1881 1304/964/1882 1302/962/1883
f 966/916/1884 942/915/1885 1303/963/1886 1305/965/1887
f 1215/935/1888 1216/936/1889 1306/966/1890 1304/964/1891
f 990/917/1892 966/916/1893 1305/965/1894 1307/967/1895
f 1216/936/1896 1217/937/1897 1308/968/1898 1306/966/1899
f 1014/918/1900 990/917/1901 1307/967/1902 1309/969/1903
f 1217/937/1904 1218/938/1905 1310/970/1906 1308/968/1907
f 1038/919/1908 1014/918/1909 1309/969/1910 1311/971/1911
f 1218/938/1912 1219/939/1913 1312/972/1914 1310/970/1915
f 1062/920/1916 1038/919/1917 1311/971/1918 1313/973/1919
f 1219/939/1920 1220/940/1921 1314/974/1922 1312/972/1923
f 1086/921/1924 1062/920/1925 1313/973/1926 1315/975/1927
f 1220/940/1928 1221/941/1929 1316/976/1930 1314/974/1931
f 1110/922/1932 1086/921/1933 1315/975/1934 1317/977/1935
f 1221/941/1936 1222/942/1937 1318/978/1938 1316/976/1939
f 1134/923/1940 1110/922/1941 1317/977/1942 1319/979/1943
f 1222/942/1944 1223/943/1945 1320/980/1946 1318/978/1947
f 1158/924/1948 1134/923/1949 1319/979/1950 1321/981/1951
f 1223/943/1952 1224/944/1953 1322/982/1954 1320/980/1955
f 1182/925/1956 1158/924/1957 1321/981/1958 1323/983/1959
f 1224/944/1960 1225/945/1961 1324/984/1962 1322/982/1963
f 1206/926/1964 1182/925/1965 1323/983/1966 1325/985/1967
f 1225/945/1968 1226/946/1969 1326/986/1970 1324/984/1971
f 750/908/1972 1206/926/1973 1325/985/1974 1287/948/1975
f 1226/946/1976 1207/928/1977 1289/949/1978 1326/986/1979
f 1288/1675/1980 1287/1676/1981 1327/1677/1982 1328/1678/1983
f 1289/1733/1984 1290/1729/1985 1330/1730/1986 1329/1734/1987
f 1291/1681/1988 1288/1675/1989 1328/1678/1990 1331/1682/1991
f 1290/1729/1992 1292/1725/1993 1332/1726/1994 1330/1730/1995
f 1293/1685/1996 1291/1681/1997 1331/1682/1998 1333/1686/1999
f 1292/1725/2000 1294/1721/2001 1334/1722/2002 1332/1726/2003
f 1295/1689/2004 1293/1685/2005 1333/1686/2006 1335/1690/2007
f 1294/1721/2008 1296/1715/2009 1336/1718/2010 1334/1722/2011
f 1297/1693/2012 1295/1689/2013 1335/1690/2014 1337/1694/2015
f 1296/1715/2016 1298/1716/2017 1338/1717/2018 1336/1718/2019
f 1299/1697/2020 1297/1693/2021 1337/1694/2022 1339/1698/2023
f 1298/1716/2024 1300/1719/2025 1340/1720/2026 1338/1717/2027
f 1301/1701/2028 1299/1697/2029 1339/1698/2030 1341/1702/2031
f 1300/1719/2032 1302/1723/2033 1342/1724/2034 1340/1720/2035
f 1303/1705/2036 1301/1701/2037 1341/1702/2038 1343/1706/2039
f 1302/1723/2040 1304/1727/2041 1344/1728/2042 1342/1724/2043
f 1305/1709/2044 1303/1705/2045 1343/1706/2046 1345/1710/2047
f 1304/1727/2048 1306/1731/2049 1346/1732/2050 1344/1728/2051
f 1307/1713/2052 1305/1709/2053 1345/1710/2054 1347/1714/2055
f 1306/1731/2056 1308/1735/2057 1348/1736/2058 1346/1732/2059
f 1309/1711/2060 1307/1713/2061 1347/1714/2062 1349/1712/2063
f 1308/1735/2064 1310/1741/2065 1350/1742/2066 1348/1736/2067
f 1311/1707/2068 1309/1711/2069 1349/1712/2070 1351/1708/2071
f 1310/1741/2072 1312/1745/2073 1352/1746/2074 1350/1742/2075
f 1313/1703/2076 1311/1707/2077 1351/1708/2078 1353/1704/2079
f 1312/1745/2080 1314/1749/2081 1354/1750/2082 1352/1746/2083
f 1315/1699/2084 1313/1703/2085 1353/1704/2086 1355/1700/2087
f 1314/1749/2088 1316/1753/2089 1356/1754/2090 1354/1750/2091
f 1317/1695/2092 1315/1699/2093 1355/1700/2094 1357/1696/2095
f 1316/1753/2096 1318/1755/2097 1358/1756/2098 1356/1754/2099
f 1319/1691/2100 1317/1695/2101 1357/1696/2102 1359/1692/2103
f 1318/1755/2104 1320/1751/2105 1360/1752/2106 1358/1756/2107
f 1321/1687/2108 1319/1691/2109 1359/1692/2110 1361/1688/2111
f 1320/1751/2112 1322/1747/2113 1362/1748/2114 1360/1752/2115
f 1323/1683/2116 1321/1687/2117 1361/1688/2118 1363/1806/2119
f 1322/1747/2120 1324/1743/2121 1364/1744/2122 1362/1748/2123
f 1325/1679/2124 1323/1683/2125 1363/1806/2126 1365/1805/2127
f 1324/1743/2128 1326/1739/2129 1366/1740/2130 1364/1744/2131
f 1287/1676/2132 1325/1679/2133 1365/1805/2134 1327/1677/2135
f 1326/1739/2136 1289/1733/2137 1329/1734/2138 1366/1740/2139
g default
v -1.646968 0.441738 -0.216973
v 1.908073 0.429798 -0.216973
v -1.646968 0.441738 1.378828
v 1.908073 0.429798 1.378828
v -1.440601 0.669613 1.378828
v 1.684358 0.661708 1.378828
v -1.440601 0.669613 -0.216973
v 1.684358 0.661708 -0.216973
v -1.560819 0.626873 1.378828
v -1.560819 0.626873 -0.216973
v 1.823770 0.616532 -0.216973
v 1.823770 0.616532 1.378828
v -1.606546 0.581308 1.378828
v -1.606546 0.581308 -0.216973
v 1.861867 0.570180 -0.216973
v 1.861867 0.570180 1.378828
v -1.636019 0.525643 1.378828
v -1.636019 0.525643 -0.216973
v 1.893547 0.513941 -0.216973
v 1.893547 0.513941 1.378828
vt 0.703286 0.959015
vt 0.703286 0.705730
vt 0.816981 0.705730
vt 0.816981 0.959015
vt 0.857566 0.941020
vt 0.857566 0.718377
vt 0.971261 0.718377
vt 0.971261 0.941020
vt 0.857566 0.708445
vt 0.971261 0.708445
vt 0.971261 0.949585
vt 0.857566 0.949585
vt 0.857566 0.705730
vt 0.971261 0.705730
vt 0.971261 0.952843
vt 0.857566 0.952843
vt 0.973234 0.705730
vt 0.979229 0.705730
vt 0.979229 0.819426
vt 0.973234 0.819426
vt 0.983236 0.705730
vt 0.983236 0.819426
vt 0.978797 0.820554
vt 0.984774 0.820554
vt 0.984774 0.934249
vt 0.978797 0.934249
vt 0.974831 0.820554
vt 0.974831 0.934249
vt 0.819860 0.959015
vt 0.819009 0.705730
vt 0.825004 0.706765
vt 0.825838 0.958235
vt 0.829011 0.709022
vt 0.829804 0.956135
vt 0.832314 0.711737
vt 0.833050 0.952877
vt 0.835532 0.721669
vt 0.836096 0.944312
vt 0.848545 0.958235
vt 0.849378 0.706765
vt 0.855374 0.705730
vt 0.854523 0.959015
vt 0.844579 0.956135
vt 0.845372 0.709022
vt 0.841333 0.952877
vt 0.842069 0.711737
vt 0.838287 0.944312
vt 0.838851 0.721669
vn -0.003359 -0.999994 0.000000
vn -0.003359 -0.999994 0.000000
vn -0.003359 -0.999994 0.000000
vn -0.003359 -0.999994 0.000000
vn -0.000000 0.000000 1.000000
vn -0.000000 0.000000 1.000000
vn -0.000000 0.000000 1.000000
vn -0.000000 0.000000 1.000000
vn 0.002530 0.999997 0.000000
vn 0.002530 0.999997 0.000000
vn 0.002530 0.999997 0.000000
vn 0.002530 0.999997 0.000000
vn 0.000000 0.000000 -1.000000
vn 0.000000 0.000000 -1.000000
vn 0.000000 0.000000 -1.000000
vn 0.000000 0.000000 -1.000000
vn 0.985425 0.170113 0.000000
vn 0.949871 0.312642 0.000000
vn 0.949871 0.312642 0.000000
vn 0.985425 0.170113 0.000000
vn -0.960528 0.278185 0.000000
vn -0.991593 0.129395 0.000000
vn -0.991593 0.129395 0.000000
vn -0.960528 0.278185 0.000000
vn -0.334982 0.942225 0.000000
vn -0.469764 0.882792 0.000000
vn -0.469764 0.882792 0.000000
vn -0.334982 0.942225 0.000000
vn 0.000000 0.000000 -1.000000
vn 0.000000 0.000000 -1.000000
vn 0.000000 0.000000 -1.000000
vn 0.000000 0.000000 -1.000000
vn 0.458286 0.888805 0.000000
vn 0.458286 0.888805 0.000000
vn 0.308267 0.951300 0.000000
vn 0.308267 0.951300 0.000000
vn 0.000000 0.000000 1.000000
vn 0.000000 0.000000 1.000000
vn 0.000000 0.000000 1.000000
vn 0.000000 0.000000 1.000000
vn -0.802742 0.596326 0.000000
vn -0.802742 0.596326 0.000000
vn 0.000000 0.000000 -1.000000
vn 0.000000 0.000000 -1.000000
vn 0.826866 0.562399 0.000000
vn 0.826866 0.562399 0.000000
vn 0.000000 0.000000 1.000000
vn 0.000000 0.000000 1.000000
s off
g fuel_pump_grp pCube12
usemtl aiStandardSurface20SG
f 1367/1828/2140 1368/1829/2141 1370/1830/2142 1369/1831/2143
s 1
f 1369/1856/2144 1370/1857/2145 1386/1858/2146 1383/1859/2147
s off
f 1371/1832/2148 1372/1833/2149 1374/1834/2150 1373/1835/2151
s 2
f 1384/1866/2152 1385/1867/2153 1368/1868/2154 1367/1869/2155
s 3
f 1368/1844/2156 1385/1845/2157 1386/1846/2158 1370/1847/2159
s 4
f 1384/1850/2160 1367/1851/2161 1369/1852/2162 1383/1853/2163
f 1373/1835/2164 1376/1838/2165 1375/1839/2166 1371/1832/2167
s 2
f 1373/1874/2168 1374/1875/2169 1377/1873/2170 1376/1872/2171
s 3
f 1378/1836/2172 1377/1837/2173 1374/1834/2174 1372/1833/2175
s 1
f 1375/1863/2176 1378/1862/2177 1372/1864/2178 1371/1865/2179
s 4
f 1376/1838/2165 1380/1842/2180 1379/1843/2181 1375/1839/2166
s 2
f 1376/1872/2171 1377/1873/2170 1381/1871/2182 1380/1870/2183
s 3
f 1382/1840/2184 1381/1841/2185 1377/1837/2173 1378/1836/2172
s 1
f 1379/1861/2186 1382/1860/2187 1378/1862/2177 1375/1863/2176
s 4
f 1380/1854/2180 1384/1850/2160 1383/1853/2163 1379/1855/2181
s 2
f 1380/1870/2183 1381/1871/2182 1385/1867/2153 1384/1866/2152
s 3
f 1386/1846/2158 1385/1845/2157 1381/1848/2185 1382/1849/2184
s 1
f 1383/1859/2147 1386/1858/2146 1382/1860/2187 1379/1861/2186
g default
v -1.271386 5.650921 0.434412
v -1.271386 5.873329 0.387842
v -1.271386 6.036953 0.518329
v -1.271386 6.036953 0.727613
v -1.271386 5.873329 0.858099
v -1.271386 5.650921 0.811529
v -1.271386 5.560117 0.622971
v -1.208202 5.658928 0.430896
v -1.208202 5.866769 0.383458
v -1.208202 6.033445 0.516377
v -1.208202 6.033445 0.729564
v -1.208202 5.866769 0.862484
v -1.208202 5.658928 0.815045
v -1.208202 5.566430 0.622971
v -1.442845 5.740022 0.530756
v -1.442845 5.839807 0.507981
v -1.442845 5.919827 0.571795
v -1.442845 5.919827 0.674146
v -1.442845 5.839807 0.737961
v -1.442845 5.740022 0.715185
v -1.442845 5.681194 0.622971
v -1.469531 5.772586 0.575114
v -1.469531 5.824372 0.563294
v -1.469531 5.865901 0.596412
v -1.469531 5.865901 0.649529
v -1.469531 5.824372 0.682648
v -1.469531 5.772586 0.670828
v -1.469531 5.749540 0.622971
v -1.385479 5.995665 0.708432
v -1.385479 5.862032 0.815000
v -1.385479 5.687790 0.776966
v -1.385479 5.620840 0.622971
v -1.385479 5.687790 0.468975
v -1.385479 5.862032 0.430942
v -1.385479 5.995665 0.537510
v -1.330960 6.026140 0.722256
v -1.330960 5.870891 0.846063
v -1.330960 5.663470 0.801877
v -1.330960 5.566498 0.622971
v -1.330960 5.663470 0.444064
v -1.330960 5.870891 0.399878
v -1.330960 6.026140 0.523685
vt 0.246850 0.395329
vt 0.252357 0.415665
vt 0.248773 0.419289
vt 0.241784 0.394211
vt 0.251192 0.396108
vt 0.255612 0.412675
vt 0.271766 0.424254
vt 0.272735 0.429245
vt 0.258743 0.377811
vt 0.256926 0.373103
vt 0.260783 0.381763
vt 0.255394 0.396751
vt 0.258864 0.409812
vt 0.271383 0.419749
vt 0.263006 0.385659
vt 0.261316 0.397640
vt 0.263421 0.405718
vt 0.271208 0.415164
vt 0.291673 0.413321
vt 0.295029 0.392767
vt 0.300086 0.391381
vt 0.295325 0.417008
vt 0.287696 0.411006
vt 0.290890 0.393994
vt 0.281499 0.376882
vt 0.282724 0.371835
vt 0.283742 0.408653
vt 0.285909 0.395299
vt 0.279386 0.380842
vt 0.278373 0.405011
vt 0.280478 0.396711
vt 0.277185 0.384853
vt 0.274432 0.390583
vt 0.274583 0.402038
vt 0.270864 0.403929
vt 0.266953 0.402521
vt 0.265985 0.398440
vt 0.268534 0.395034
vt 0.272660 0.395090
vt 0.275429 0.397981
vt 0.271079 0.408804
vt 0.266171 0.390895
vn -0.084735 -0.624805 -0.776170
vn -0.110151 0.229725 -0.967002
vn -0.029996 0.186007 -0.982091
vn 0.009501 -0.582449 -0.812812
vn -0.073977 0.901694 -0.425999
vn 0.035864 0.894154 -0.446321
vn -0.073976 0.901694 0.425999
vn 0.035864 0.894154 0.446321
vn -0.110151 0.229725 0.967002
vn -0.029996 0.186007 0.982090
vn -0.084734 -0.624804 0.776170
vn 0.009501 -0.582448 0.812812
vn -0.042936 -0.999078 0.000000
vn 0.099421 -0.995045 0.000000
vn -0.981664 -0.115371 0.151741
vn -0.982432 0.039645 0.182360
vn -0.982870 0.165688 0.080706
vn -0.982870 0.165687 -0.080706
vn -0.982432 0.039644 -0.182360
vn -0.981664 -0.115371 -0.151741
vn -0.983722 -0.179697 0.000000
vn -0.377583 -0.554157 -0.741850
vn -0.342694 0.205075 -0.916791
vn -0.345114 0.846406 -0.405578
vn -0.345114 0.846406 0.405578
vn -0.342693 0.205075 0.916791
vn -0.377582 -0.554157 0.741850
vn -0.406277 -0.913750 0.000000
vn -0.832490 0.117882 -0.541354
vn -0.819664 -0.341669 -0.459797
vn -0.841259 0.486368 -0.236070
vn -0.841259 0.486368 0.236070
vn -0.832490 0.117883 0.541354
vn -0.819664 -0.341669 0.459797
vn -0.812614 -0.582802 0.000000
vn -0.657050 0.164604 0.735657
vn -0.669141 0.669761 0.321980
vn -0.671273 -0.446162 0.591889
vn -0.700393 -0.713757 0.000000
vn -0.671273 -0.446162 -0.591889
vn -0.657050 0.164604 -0.735657
vn -0.669141 0.669761 -0.321980
s 1
g fuel_pump_grp feul_pipe_output_geo
usemtl aiStandardSurface10SG
f 1387/1900/2188 1388/1884/2189 1395/1885/2190 1394/1901/2191
f 1388/1884/2189 1389/1876/2192 1396/1879/2193 1395/1885/2190
f 1389/1876/2192 1390/1877/2194 1397/1878/2195 1396/1879/2193
f 1390/1877/2194 1391/1882/2196 1398/1883/2197 1397/1878/2195
f 1391/1882/2196 1392/1894/2198 1399/1897/2199 1398/1883/2197
f 1392/1894/2198 1393/1895/2200 1400/1896/2201 1399/1897/2199
f 1393/1895/2200 1387/1900/2188 1394/1901/2191 1400/1896/2201
f 1413/1909/2202 1412/1910/2203 1411/1911/2204 1410/1912/2205 1409/1913/2206 1408/1914/2207 1414/1915/2208
f 1388/1884/2189 1387/1900/2188 1426/1904/2209 1427/1886/2210
f 1389/1876/2192 1388/1884/2189 1427/1886/2210 1428/1880/2211
f 1390/1877/2194 1389/1876/2192 1428/1880/2211 1422/1881/2212
f 1391/1882/2196 1390/1877/2194 1422/1881/2212 1423/1889/2213
f 1392/1894/2198 1391/1882/2196 1423/1889/2213 1424/1898/2214
f 1393/1895/2200 1392/1894/2198 1424/1898/2214 1425/1899/2215
f 1387/1900/2188 1393/1895/2200 1425/1899/2215 1426/1904/2209
f 1402/1917/2216 1401/1908/2217 1408/1914/2207 1409/1913/2206
f 1403/1891/2218 1402/1917/2216 1409/1913/2206 1410/1912/2205
f 1404/1892/2219 1403/1891/2218 1410/1912/2205 1411/1911/2204
f 1405/1916/2220 1404/1892/2219 1411/1911/2204 1412/1910/2203
f 1406/1905/2221 1405/1916/2220 1412/1910/2203 1413/1909/2202
f 1407/1906/2222 1406/1905/2221 1413/1909/2202 1414/1915/2208
f 1401/1908/2217 1407/1906/2222 1414/1915/2208 1408/1914/2207
f 1416/1893/2223 1415/1888/2224 1404/1892/2219 1405/1916/2220
f 1417/1902/2225 1416/1893/2223 1405/1916/2220 1406/1905/2221
f 1418/1903/2226 1417/1902/2225 1406/1905/2221 1407/1906/2222
f 1419/1907/2227 1418/1903/2226 1407/1906/2222 1401/1908/2217
f 1420/1890/2228 1419/1907/2227 1401/1908/2217 1402/1917/2216
f 1421/1887/2229 1420/1890/2228 1402/1917/2216 1403/1891/2218
f 1415/1888/2224 1421/1887/2229 1403/1891/2218 1404/1892/2219
f 1423/1889/2213 1422/1881/2212 1415/1888/2224 1416/1893/2223
f 1424/1898/2214 1423/1889/2213 1416/1893/2223 1417/1902/2225
f 1425/1899/2215 1424/1898/2214 1417/1902/2225 1418/1903/2226
f 1426/1904/2209 1425/1899/2215 1418/1903/2226 1419/1907/2227
f 1427/1886/2210 1426/1904/2209 1419/1907/2227 1420/1890/2228
f 1428/1880/2211 1427/1886/2210 1420/1890/2228 1421/1887/2229
f 1422/1881/2212 1428/1880/2211 1421/1887/2229 1415/1888/2224
g default
v 1.448960 5.847040 0.532777
v 1.448967 5.852732 0.535752
v 1.448998 5.857227 0.540341
v 1.449051 5.860084 0.546094
v 1.449121 5.861022 0.552448
v 1.449200 5.859952 0.558781
v 1.449280 5.856977 0.564474
v 1.449355 5.852388 0.568968
v 1.449416 5.846634 0.571824
v 1.449457 5.840281 0.572763
v 1.449476 5.833947 0.571692
v 1.449469 5.828254 0.568716
v 1.449437 5.823760 0.564127
v 1.449384 5.820902 0.558374
v 1.449315 5.819964 0.552020
v 1.449236 5.821034 0.545687
v 1.449155 5.824009 0.539995
v 1.449081 5.828598 0.535501
v 1.449020 5.834352 0.532644
v 1.448978 5.840706 0.531706
v 1.524944 5.847407 0.531893
v 1.524951 5.853100 0.534869
v 1.524982 5.857595 0.539458
v 1.525036 5.860451 0.545211
v 1.525105 5.861390 0.551565
v 1.525184 5.860320 0.557898
v 1.525264 5.857345 0.563590
v 1.525339 5.852756 0.568085
v 1.525400 5.847003 0.570941
v 1.525441 5.840648 0.571879
v 1.525460 5.834315 0.570809
v 1.525453 5.828622 0.567833
v 1.525421 5.824127 0.563244
v 1.525368 5.821270 0.557491
v 1.525299 5.820332 0.551137
v 1.525220 5.821402 0.544804
v 1.525139 5.824378 0.539112
v 1.525065 5.828966 0.534617
v 1.525004 5.834720 0.531761
v 1.524962 5.841074 0.530823
v 1.449218 5.840493 0.552234
v 1.525202 5.840861 0.551351
vt 0.123689 0.114345
vt 0.122470 0.111952
vt 0.120571 0.110053
vt 0.118177 0.108833
vt 0.115524 0.108413
vt 0.112871 0.108833
vt 0.110478 0.110053
vt 0.108579 0.111952
vt 0.107359 0.114345
vt 0.106939 0.116998
vt 0.107359 0.119651
vt 0.108579 0.122045
vt 0.110478 0.123944
vt 0.112871 0.125163
vt 0.115524 0.125583
vt 0.118177 0.125163
vt 0.120571 0.123944
vt 0.122470 0.122045
vt 0.123689 0.119651
vt 0.124110 0.116998
vt 0.108656 0.125583
vt 0.109343 0.125583
vt 0.110030 0.125583
vt 0.110717 0.125583
vt 0.111404 0.125583
vt 0.112090 0.125583
vt 0.112777 0.125583
vt 0.113464 0.125583
vt 0.114151 0.125583
vt 0.114838 0.125583
vt 0.115524 0.125583
vt 0.116211 0.125583
vt 0.116898 0.125583
vt 0.117585 0.125583
vt 0.118272 0.125583
vt 0.118958 0.125583
vt 0.119645 0.125583
vt 0.120332 0.125583
vt 0.121019 0.125583
vt 0.121706 0.125583
vt 0.122393 0.125583
vt 0.108656 0.146240
vt 0.109343 0.146240
vt 0.110030 0.146240
vt 0.110717 0.146240
vt 0.111404 0.146240
vt 0.112090 0.146240
vt 0.112777 0.146240
vt 0.113464 0.146240
vt 0.114151 0.146240
vt 0.114838 0.146240
vt 0.115524 0.146240
vt 0.116211 0.146240
vt 0.116898 0.146240
vt 0.117585 0.146240
vt 0.118272 0.146240
vt 0.118958 0.146240
vt 0.119645 0.146240
vt 0.120332 0.146240
vt 0.121019 0.146240
vt 0.121706 0.146240
vt 0.122393 0.146240
vt 0.123689 0.152120
vt 0.122470 0.149727
vt 0.120571 0.147827
vt 0.118177 0.146608
vt 0.115524 0.146188
vt 0.112871 0.146608
vt 0.110478 0.147827
vt 0.108579 0.149727
vt 0.107359 0.152120
vt 0.106939 0.154773
vt 0.107359 0.157426
vt 0.108579 0.159819
vt 0.110478 0.161719
vt 0.112871 0.162938
vt 0.115524 0.163358
vt 0.118177 0.162938
vt 0.120571 0.161719
vt 0.122470 0.159819
vt 0.123689 0.157426
vt 0.124110 0.154773
vt 0.115524 0.116655
vt 0.115524 0.154430
vn -0.012561 0.318858 -0.947719
vn -0.012219 0.596124 -0.802799
vn -0.012219 0.596126 -0.802798
vn -0.012561 0.318857 -0.947720
vn -0.010681 0.815072 -0.579261
vn -0.010681 0.815072 -0.579261
vn -0.008094 0.954216 -0.299010
vn -0.008094 0.954215 -0.299011
vn -0.004719 0.999935 0.010416
vn -0.004719 0.999935 0.010415
vn -0.000883 0.947794 0.318881
vn -0.000883 0.947795 0.318880
vn 0.003040 0.802864 0.596154
vn 0.003040 0.802864 0.596154
vn 0.006668 0.579359 0.815045
vn 0.006668 0.579359 0.815045
vn 0.009643 0.299144 0.954159
vn 0.009643 0.299145 0.954159
vn 0.011673 -0.010361 0.999878
vn 0.011673 -0.010361 0.999878
vn 0.012560 -0.318834 0.947727
vn 0.012560 -0.318835 0.947727
vn 0.012218 -0.596110 0.802810
vn 0.012218 -0.596110 0.802810
vn 0.010680 -0.815044 0.579301
vn 0.010680 -0.815043 0.579303
vn 0.008096 -0.954198 0.299066
vn 0.008096 -0.954198 0.299066
vn 0.004720 -0.999935 -0.010416
vn 0.004720 -0.999935 -0.010416
vn 0.000883 -0.947785 -0.318909
vn 0.000883 -0.947785 -0.318909
vn -0.003040 -0.802866 -0.596152
vn -0.003040 -0.802866 -0.596152
vn -0.006667 -0.579360 -0.815045
vn -0.006667 -0.579360 -0.815045
vn -0.009642 -0.299129 -0.954164
vn -0.009642 -0.299127 -0.954165
vn -0.011674 0.010370 -0.999878
vn -0.011674 0.010369 -0.999878
vn -0.999921 -0.004833 0.011628
vn -0.999921 -0.004833 0.011628
vn -0.999921 -0.004840 0.011623
vn -0.999921 -0.004841 0.011623
vn -0.999921 -0.004841 0.011619
vn -0.999921 -0.004841 0.011618
vn -0.999921 -0.004855 0.011624
vn -0.999921 -0.004862 0.011627
vn -0.999921 -0.004848 0.011625
vn -0.999921 -0.004819 0.011622
vn -0.999921 -0.004805 0.011621
vn -0.999921 -0.004847 0.011618
vn -0.999921 -0.004848 0.011627
vn -0.999921 -0.004833 0.011630
vn -0.999921 -0.004852 0.011619
vn -0.999921 -0.004838 0.011619
vn -0.999921 -0.004848 0.011624
vn -0.999921 -0.004862 0.011627
vn -0.999921 -0.004848 0.011626
vn -0.999921 -0.004819 0.011622
vn -0.999921 -0.004819 0.011620
vn 0.999921 0.004848 -0.011629
vn 0.999921 0.004833 -0.011628
vn 0.999921 0.004843 -0.011623
vn 0.999921 0.004833 -0.011623
vn 0.999921 0.004833 -0.011619
vn 0.999921 0.004839 -0.011619
vn 0.999921 0.004839 -0.011615
vn 0.999921 0.004862 -0.011624
vn 0.999921 0.004876 -0.011632
vn 0.999921 0.004848 -0.011622
vn 0.999921 0.004819 -0.011622
vn 0.999921 0.004848 -0.011619
vn 0.999921 0.004848 -0.011628
vn 0.999921 0.004833 -0.011631
vn 0.999921 0.004848 -0.011619
vn 0.999921 0.004840 -0.011619
vn 0.999921 0.004840 -0.011624
vn 0.999921 0.004848 -0.011627
vn 0.999921 0.004862 -0.011627
vn 0.999921 0.004833 -0.011622
vn 0.999921 0.004833 -0.011622
s 1
g fuel_pump_grp pCylinder8 key_grp
usemtl aiStandardSurface16SG
f 1429/1938/2230 1430/1939/2231 1450/1960/2232 1449/1959/2233
f 1430/1939/2231 1431/1940/2234 1451/1961/2235 1450/1960/2232
f 1431/1940/2234 1432/1941/2236 1452/1962/2237 1451/1961/2235
f 1432/1941/2236 1433/1942/2238 1453/1963/2239 1452/1962/2237
f 1433/1942/2238 1434/1943/2240 1454/1964/2241 1453/1963/2239
f 1434/1943/2240 1435/1944/2242 1455/1965/2243 1454/1964/2241
f 1435/1944/2242 1436/1945/2244 1456/1966/2245 1455/1965/2243
f 1436/1945/2244 1437/1946/2246 1457/1967/2247 1456/1966/2245
f 1437/1946/2246 1438/1947/2248 1458/1968/2249 1457/1967/2247
f 1438/1947/2248 1439/1948/2250 1459/1969/2251 1458/1968/2249
f 1439/1948/2250 1440/1949/2252 1460/1970/2253 1459/1969/2251
f 1440/1949/2252 1441/1950/2254 1461/1971/2255 1460/1970/2253
f 1441/1950/2254 1442/1951/2256 1462/1972/2257 1461/1971/2255
f 1442/1951/2256 1443/1952/2258 1463/1973/2259 1462/1972/2257
f 1443/1952/2258 1444/1953/2260 1464/1974/2261 1463/1973/2259
f 1444/1953/2260 1445/1954/2262 1465/1975/2263 1464/1974/2261
f 1445/1954/2262 1446/1955/2264 1466/1976/2265 1465/1975/2263
f 1446/1955/2264 1447/1956/2266 1467/1977/2267 1466/1976/2265
f 1447/1956/2266 1448/1957/2268 1468/1978/2269 1467/1977/2267
f 1448/1957/2268 1429/1958/2230 1449/1979/2233 1468/1978/2269
s 2
f 1430/1919/2270 1429/1918/2271 1469/2000/2272
f 1431/1920/2273 1430/1919/2270 1469/2000/2272
f 1432/1921/2274 1431/1920/2273 1469/2000/2272
f 1433/1922/2275 1432/1921/2274 1469/2000/2272
f 1434/1923/2276 1433/1922/2275 1469/2000/2272
f 1435/1924/2277 1434/1923/2276 1469/2000/2272
f 1436/1925/2278 1435/1924/2277 1469/2000/2272
f 1437/1926/2279 1436/1925/2278 1469/2000/2272
f 1438/1927/2280 1437/1926/2279 1469/2000/2272
f 1439/1928/2281 1438/1927/2280 1469/2000/2272
f 1440/1929/2282 1439/1928/2281 1469/2000/2272
f 1441/1930/2283 1440/1929/2282 1469/2000/2272
f 1442/1931/2284 1441/1930/2283 1469/2000/2272
f 1443/1932/2285 1442/1931/2284 1469/2000/2272
f 1444/1933/2286 1443/1932/2285 1469/2000/2272
f 1445/1934/2287 1444/1933/2286 1469/2000/2272
f 1446/1935/2288 1445/1934/2287 1469/2000/2272
f 1447/1936/2289 1446/1935/2288 1469/2000/2272
f 1448/1937/2290 1447/1936/2289 1469/2000/2272
f 1429/1918/2271 1448/1937/2290 1469/2000/2272
s 3
f 1449/1998/2291 1450/1997/2292 1470/2001/2293
f 1450/1997/2292 1451/1996/2294 1470/2001/2293
f 1451/1996/2294 1452/1995/2295 1470/2001/2293
f 1452/1995/2295 1453/1994/2296 1470/2001/2293
f 1453/1994/2296 1454/1993/2297 1470/2001/2293
f 1454/1993/2297 1455/1992/2298 1470/2001/2293
f 1455/1992/2298 1456/1991/2299 1470/2001/2293
f 1456/1991/2299 1457/1990/2300 1470/2001/2293
f 1457/1990/2300 1458/1989/2301 1470/2001/2293
f 1458/1989/2301 1459/1988/2302 1470/2001/2293
f 1459/1988/2302 1460/1987/2303 1470/2001/2293
f 1460/1987/2303 1461/1986/2304 1470/2001/2293
f 1461/1986/2304 1462/1985/2305 1470/2001/2293
f 1462/1985/2305 1463/1984/2306 1470/2001/2293
f 1463/1984/2306 1464/1983/2307 1470/2001/2293
f 1464/1983/2307 1465/1982/2308 1470/2001/2293
f 1465/1982/2308 1466/1981/2309 1470/2001/2293
f 1466/1981/2309 1467/1980/2310 1470/2001/2293
f 1467/1980/2310 1468/1999/2311 1470/2001/2293
f 1468/1999/2311 1449/1998/2291 1470/2001/2293
g default
v 1.477107 5.588907 0.505231
v 1.477107 5.583723 0.505858
v 1.477107 5.579231 0.508519
v 1.477107 5.576190 0.512764
v 1.477107 5.575116 0.517873
v 1.502184 5.588907 0.505231
v 1.502184 5.575116 0.517873
v 1.502184 5.576190 0.512764
v 1.502184 5.579231 0.508519
v 1.502184 5.583723 0.505858
v 1.477107 5.588907 0.601537
v 1.477107 5.575116 0.588895
v 1.477107 5.576190 0.594005
v 1.477107 5.579231 0.598250
v 1.477107 5.583723 0.600911
v 1.502184 5.588907 0.601537
v 1.502184 5.583723 0.600911
v 1.502184 5.579231 0.598250
v 1.502184 5.576190 0.594005
v 1.502184 5.575116 0.588895
v 1.477107 5.898935 0.561846
v 1.477107 5.886293 0.575637
v 1.477107 5.891211 0.574264
v 1.477107 5.895296 0.571200
v 1.477107 5.897993 0.566865
v 1.502184 5.898935 0.561846
v 1.502184 5.897993 0.566865
v 1.502184 5.895296 0.571200
v 1.502184 5.891211 0.574264
v 1.502184 5.886293 0.575637
v 1.477107 5.886293 0.531132
v 1.477107 5.898935 0.544922
v 1.477107 5.897993 0.539904
v 1.477107 5.895296 0.535568
v 1.477107 5.891211 0.532505
v 1.502184 5.886293 0.531132
v 1.502184 5.891211 0.532505
v 1.502184 5.895296 0.535568
v 1.502184 5.897993 0.539904
v 1.502184 5.898935 0.544922
vt 0.189872 0.037601
vt 0.187329 0.037601
vt 0.187329 0.030400
vt 0.189872 0.030400
vt 0.189872 0.038120
vt 0.187329 0.038120
vt 0.189872 0.029882
vt 0.187329 0.029882
vt 0.189872 0.038550
vt 0.187329 0.038550
vt 0.189872 0.029451
vt 0.187329 0.029451
vt 0.189872 0.038820
vt 0.187329 0.038820
vt 0.189872 0.029181
vt 0.187329 0.029181
vt 0.190027 0.040202
vt 0.192569 0.040202
vt 0.192569 0.041919
vt 0.190027 0.041919
vt 0.190027 0.039693
vt 0.192569 0.039693
vt 0.190027 0.042427
vt 0.192569 0.042427
vt 0.190027 0.039254
vt 0.192569 0.039254
vt 0.190027 0.042867
vt 0.192569 0.042867
vt 0.190027 0.038943
vt 0.192569 0.038943
vt 0.190027 0.043178
vt 0.192569 0.043178
vt 0.164394 0.060735
vt 0.161768 0.030580
vt 0.161831 0.030054
vt 0.162101 0.029599
vt 0.162532 0.029290
vt 0.163050 0.029181
vt 0.170251 0.029181
vt 0.170770 0.029290
vt 0.171200 0.029599
vt 0.171470 0.030054
vt 0.171533 0.030580
vt 0.168907 0.060735
vt 0.168768 0.061234
vt 0.168457 0.061648
vt 0.168018 0.061922
vt 0.167508 0.062017
vt 0.165792 0.062017
vt 0.165284 0.061922
vt 0.164844 0.061648
vt 0.164533 0.061234
vt 0.175804 0.062017
vt 0.175295 0.061922
vt 0.174855 0.061648
vt 0.174544 0.061234
vt 0.174405 0.060735
vt 0.171779 0.030580
vt 0.171842 0.030054
vt 0.172112 0.029599
vt 0.172543 0.029290
vt 0.173061 0.029181
vt 0.180262 0.029181
vt 0.180781 0.029290
vt 0.181211 0.029599
vt 0.181481 0.030054
vt 0.181544 0.030580
vt 0.178918 0.060735
vt 0.178779 0.061234
vt 0.178468 0.061648
vt 0.178028 0.061922
vt 0.177520 0.062017
vt 0.181784 0.029707
vt 0.184327 0.029707
vt 0.184327 0.059862
vt 0.181784 0.059862
vt 0.181784 0.029181
vt 0.184327 0.029181
vt 0.181784 0.060361
vt 0.184327 0.060361
vt 0.187099 0.059862
vt 0.184556 0.059862
vt 0.184556 0.029707
vt 0.187099 0.029707
vt 0.187099 0.060361
vt 0.184556 0.060361
vt 0.187099 0.029181
vt 0.184556 0.029181
vn 0.000000 -0.999901 -0.014110
vn 0.000000 -0.999901 -0.014110
vn 0.000000 -0.999901 0.014110
vn 0.000000 -0.999901 0.014110
vn 0.000000 0.083239 0.996530
vn 0.000000 0.083239 0.996530
vn 0.000000 0.089855 0.995955
vn 0.000000 0.089855 0.995955
vn 0.000000 0.999081 0.042857
vn 0.000000 0.999081 0.042857
vn 0.000000 0.999081 -0.042857
vn 0.000000 0.999081 -0.042857
vn 0.000000 0.089855 -0.995955
vn 0.000000 0.089855 -0.995955
vn 0.000000 0.083239 -0.996530
vn 0.000000 0.083239 -0.996530
vn 0.000000 -0.915347 -0.402665
vn 0.000000 -0.915347 -0.402665
vn 0.000000 -0.675743 -0.737138
vn 0.000000 -0.675743 -0.737138
vn 0.000000 -0.321728 -0.946832
vn 0.000000 -0.321728 -0.946832
vn 0.000000 -0.321728 0.946832
vn 0.000000 -0.321728 0.946832
vn 0.000000 -0.675743 0.737138
vn 0.000000 -0.675743 0.737138
vn 0.000000 -0.915347 0.402665
vn 0.000000 -0.915347 0.402665
vn 0.000000 0.931983 0.362502
vn 0.000000 0.931983 0.362502
vn 0.000000 0.737113 0.675770
vn 0.000000 0.737113 0.675770
vn 0.000000 0.442035 0.896998
vn 0.000000 0.442035 0.896998
vn 0.000000 0.442035 -0.896998
vn 0.000000 0.442035 -0.896998
vn 0.000000 0.737113 -0.675770
vn 0.000000 0.737113 -0.675770
vn 0.000000 0.931983 -0.362502
vn 0.000000 0.931983 -0.362502
vn -1.000000 -0.000000 0.000000
vn -1.000000 -0.000000 0.000000
vn -1.000000 -0.000000 0.000000
vn -1.000000 -0.000000 0.000000
vn -1.000000 -0.000000 0.000000
vn -1.000000 -0.000000 0.000000
vn -1.000000 -0.000000 0.000000
vn -1.000000 -0.000000 0.000000
vn -1.000000 -0.000000 0.000000
vn -1.000000 -0.000000 0.000000
vn -1.000000 -0.000000 0.000000
vn -1.000000 -0.000000 0.000000
vn -1.000000 -0.000000 0.000000
vn -1.000000 -0.000000 0.000000
vn -1.000000 -0.000000 0.000000
vn -1.000000 -0.000000 0.000000
vn -1.000000 -0.000000 0.000000
vn -1.000000 -0.000000 0.000000
vn -1.000000 -0.000000 0.000000
vn -1.000000 -0.000000 0.000000
vn 1.000000 0.000000 0.000000
vn 1.000000 0.000000 0.000000
vn 1.000000 0.000000 0.000000
vn 1.000000 0.000000 0.000000
vn 1.000000 0.000000 0.000000
vn 1.000000 0.000000 0.000000
vn 1.000000 0.000000 0.000000
vn 1.000000 0.000000 0.000000
vn 1.000000 0.000000 0.000000
vn 1.000000 0.000000 0.000000
vn 1.000000 0.000000 0.000000
vn 1.000000 0.000000 0.000000
vn 1.000000 0.000000 0.000000
vn 1.000000 0.000000 0.000000
vn 1.000000 0.000000 0.000000
vn 1.000000 0.000000 0.000000
vn 1.000000 0.000000 0.000000
vn 1.000000 0.000000 0.000000
vn 1.000000 0.000000 0.000000
vn 1.000000 0.000000 0.000000
s 1
g fuel_pump_grp key_grp pCube15
usemtl aiStandardSurface16SG
f 1475/2002/2312 1477/2003/2313 1490/2004/2314 1482/2005/2315
f 1481/2074/2316 1486/2075/2317 1500/2076/2318 1492/2077/2319
f 1491/2018/2320 1496/2019/2321 1510/2020/2322 1502/2021/2323
f 1501/2082/2324 1506/2083/2325 1476/2084/2326 1471/2085/2327
f 1475/2002/2312 1474/2006/2328 1478/2007/2329 1477/2003/2313
f 1474/2006/2328 1473/2010/2330 1479/2011/2331 1478/2007/2329
f 1473/2010/2330 1472/2014/2332 1480/2015/2333 1479/2011/2331
f 1472/2088/2332 1471/2085/2327 1476/2084/2326 1480/2089/2333
f 1481/2074/2316 1485/2078/2334 1487/2079/2335 1486/2075/2317
f 1485/2016/2334 1484/2012/2336 1488/2013/2337 1487/2017/2335
f 1484/2012/2336 1483/2008/2338 1489/2009/2339 1488/2013/2337
f 1483/2008/2338 1482/2005/2315 1490/2004/2314 1489/2009/2339
f 1491/2018/2320 1495/2022/2340 1497/2023/2341 1496/2019/2321
f 1495/2022/2340 1494/2026/2342 1498/2027/2343 1497/2023/2341
f 1494/2026/2342 1493/2030/2344 1499/2031/2345 1498/2027/2343
f 1493/2080/2344 1492/2077/2319 1500/2076/2318 1499/2081/2345
f 1501/2082/2324 1505/2086/2346 1507/2087/2347 1506/2083/2325
f 1505/2032/2346 1504/2028/2348 1508/2029/2349 1507/2033/2347
f 1504/2028/2348 1503/2024/2350 1509/2025/2351 1508/2029/2349
f 1503/2024/2350 1502/2021/2323 1510/2020/2322 1509/2025/2351
s off
f 1501/2034/2352 1471/2035/2353 1472/2036/2354 1473/2037/2355 1474/2038/2356 1475/2039/2357 1482/2040/2358 1483/2041/2359 1484/2042/2360 1485/2043/2361 1481/2044/2362 1492/2045/2363 1493/2046/2364 1494/2047/2365 1495/2048/2366 1491/2049/2367 1502/2050/2368 1503/2051/2369 1504/2052/2370 1505/2053/2371
f 1496/2054/2372 1497/2055/2373 1498/2056/2374 1499/2057/2375 1500/2058/2376 1486/2059/2377 1487/2060/2378 1488/2061/2379 1489/2062/2380 1490/2063/2381 1477/2064/2382 1478/2065/2383 1479/2066/2384 1480/2067/2385 1476/2068/2386 1506/2069/2387 1507/2070/2388 1508/2071/2389 1509/2072/2390 1510/2073/2391
g default
v 1.489875 5.628507 0.543381
v 1.489876 5.634773 0.546573
v 1.489875 5.639745 0.551546
v 1.489876 5.642938 0.557812
v 1.489875 5.644038 0.564758
v 1.489875 5.642938 0.571703
v 1.489875 5.639745 0.577969
v 1.489876 5.634773 0.582942
v 1.489875 5.628507 0.586135
v 1.489875 5.621561 0.587235
v 1.489875 5.614615 0.586135
v 1.489876 5.608349 0.582942
v 1.489875 5.603377 0.577969
v 1.489875 5.600184 0.571703
v 1.489875 5.599084 0.564758
v 1.489876 5.600184 0.557812
v 1.489875 5.603377 0.551546
v 1.489875 5.608349 0.546573
v 1.489875 5.614615 0.543381
v 1.489876 5.621561 0.542281
v 1.608258 5.628507 0.543381
v 1.608258 5.634773 0.546573
v 1.608258 5.639745 0.551546
v 1.608258 5.642938 0.557812
v 1.608258 5.644038 0.564758
v 1.608258 5.642938 0.571704
v 1.608258 5.639745 0.577969
v 1.608258 5.634773 0.582942
v 1.608258 5.628507 0.586135
v 1.608258 5.621561 0.587235
v 1.608258 5.614615 0.586135
v 1.608258 5.608349 0.582942
v 1.608258 5.603377 0.577969
v 1.608258 5.600184 0.571704
v 1.608258 5.599084 0.564758
v 1.608258 5.600184 0.557812
v 1.608258 5.603377 0.551546
v 1.608258 5.608349 0.546573
v 1.608258 5.614615 0.543381
v 1.608258 5.621561 0.542281
v 1.489875 5.621561 0.564758
v 1.608258 5.621561 0.564758
vt 0.147654 0.114143
vt 0.146434 0.111750
vt 0.144535 0.109850
vt 0.142142 0.108631
vt 0.139489 0.108211
vt 0.136836 0.108631
vt 0.134443 0.109850
vt 0.132543 0.111750
vt 0.131324 0.114143
vt 0.130904 0.116796
vt 0.131324 0.119449
vt 0.132543 0.121842
vt 0.134443 0.123742
vt 0.136836 0.124961
vt 0.139489 0.125381
vt 0.142142 0.124961
vt 0.144535 0.123742
vt 0.146435 0.121842
vt 0.147654 0.119449
vt 0.148074 0.116796
vt 0.132621 0.125381
vt 0.133308 0.125381
vt 0.133994 0.125381
vt 0.134681 0.125381
vt 0.135368 0.125381
vt 0.136055 0.125381
vt 0.136742 0.125381
vt 0.137429 0.125381
vt 0.138115 0.125381
vt 0.138802 0.125381
vt 0.139489 0.125381
vt 0.140176 0.125381
vt 0.140863 0.125381
vt 0.141549 0.125381
vt 0.142236 0.125381
vt 0.142923 0.125381
vt 0.143610 0.125381
vt 0.144297 0.125381
vt 0.144983 0.125381
vt 0.145670 0.125381
vt 0.146357 0.125381
vt 0.132621 0.146037
vt 0.133308 0.146037
vt 0.133994 0.146037
vt 0.134681 0.146037
vt 0.135368 0.146037
vt 0.136055 0.146037
vt 0.136742 0.146037
vt 0.137429 0.146037
vt 0.138115 0.146037
vt 0.138802 0.146037
vt 0.139489 0.146037
vt 0.140176 0.146037
vt 0.140863 0.146037
vt 0.141549 0.146037
vt 0.142236 0.146037
vt 0.142923 0.146037
vt 0.143610 0.146037
vt 0.144297 0.146037
vt 0.144983 0.146037
vt 0.145670 0.146037
vt 0.146357 0.146037
vt 0.147654 0.151918
vt 0.146434 0.149525
vt 0.144535 0.147625
vt 0.142142 0.146406
vt 0.139489 0.145986
vt 0.136836 0.146406
vt 0.134443 0.147626
vt 0.132543 0.149525
vt 0.131324 0.151918
vt 0.130904 0.154571
vt 0.131324 0.157224
vt 0.132543 0.159617
vt 0.134443 0.161516
vt 0.136836 0.162736
vt 0.139489 0.163156
vt 0.142142 0.162736
vt 0.144535 0.161516
vt 0.146435 0.159617
vt 0.147654 0.157224
vt 0.148074 0.154571
vt 0.139489 0.116453
vt 0.139489 0.154227
vn 0.000000 0.309017 -0.951057
vn 0.000000 0.587770 -0.809028
vn 0.000000 0.587770 -0.809028
vn 0.000000 0.309017 -0.951057
vn 0.000000 0.809004 -0.587803
vn 0.000000 0.809004 -0.587803
vn 0.000000 0.951056 -0.309019
vn 0.000000 0.951056 -0.309019
vn 0.000000 1.000000 0.000001
vn 0.000000 1.000000 -0.000000
vn 0.000000 0.951056 0.309019
vn 0.000000 0.951056 0.309019
vn 0.000000 0.809005 0.587802
vn 0.000000 0.809004 0.587803
vn 0.000000 0.587770 0.809028
vn 0.000000 0.587770 0.809028
vn 0.000000 0.309029 0.951053
vn 0.000000 0.309029 0.951052
vn 0.000000 0.000000 1.000000
vn 0.000000 0.000000 1.000000
vn 0.000000 -0.309007 0.951060
vn 0.000000 -0.309008 0.951059
vn 0.000000 -0.587770 0.809028
vn 0.000000 -0.587770 0.809028
vn 0.000000 -0.809022 0.587778
vn 0.000000 -0.809022 0.587779
vn 0.000000 -0.951056 0.309019
vn 0.000000 -0.951056 0.309019
vn 0.000000 -1.000000 0.000001
vn 0.000000 -1.000000 0.000000
vn 0.000000 -0.951056 -0.309019
vn 0.000000 -0.951056 -0.309019
vn 0.000000 -0.809022 -0.587779
vn 0.000000 -0.809022 -0.587778
vn 0.000000 -0.587769 -0.809029
vn 0.000000 -0.587769 -0.809029
vn 0.000000 -0.309018 -0.951056
vn 0.000000 -0.309017 -0.951057
vn 0.000000 -0.000002 -1.000000
vn 0.000000 -0.000002 -1.000000
vn -1.000000 0.000000 -0.000004
vn -1.000000 -0.000012 -0.000000
vn -1.000000 -0.000001 -0.000000
vn -1.000000 -0.000006 0.000000
vn -1.000000 0.000006 -0.000002
vn -1.000000 0.000000 -0.000009
vn -1.000000 -0.000012 0.000000
vn -1.000000 -0.000024 0.000007
vn -1.000000 0.000012 0.000004
vn -1.000000 0.000024 -0.000003
vn -1.000000 0.000000 0.000000
vn -1.000000 -0.000012 -0.000003
vn -1.000000 -0.000000 0.000004
vn -1.000000 0.000018 0.000007
vn -1.000000 0.000006 0.000000
vn -1.000000 0.000000 -0.000009
vn -1.000000 -0.000012 -0.000002
vn -1.000000 -0.000024 0.000007
vn -1.000000 -0.000012 0.000000
vn -1.000000 0.000024 -0.000003
vn -1.000000 -0.000000 -0.000005
vn 1.000000 0.000000 0.000000
vn 1.000000 -0.000012 0.000000
vn 1.000000 0.000000 0.000000
vn 1.000000 -0.000012 0.000000
vn 1.000000 0.000000 0.000000
vn 1.000000 0.000000 0.000000
vn 1.000000 0.000006 0.000000
vn 1.000000 -0.000006 0.000000
vn 1.000000 -0.000024 0.000000
vn 1.000000 -0.000012 0.000000
vn 1.000000 0.000000 0.000000
vn 1.000000 0.000000 0.000000
vn 1.000000 0.000012 0.000000
vn 1.000000 0.000012 0.000000
vn 1.000000 0.000000 0.000000
vn 1.000000 0.000000 0.000000
vn 1.000000 -0.000006 0.000000
vn 1.000000 0.000006 0.000000
vn 1.000000 0.000024 0.000000
vn 1.000000 0.000012 0.000000
vn 1.000000 0.000000 0.000000
s 1
g fuel_pump_grp key_grp pCylinder9
usemtl aiStandardSurface16SG
f 1511/2110/2392 1512/2111/2393 1532/2132/2394 1531/2131/2395
f 1512/2111/2393 1513/2112/2396 1533/2133/2397 1532/2132/2394
f 1513/2112/2396 1514/2113/2398 1534/2134/2399 1533/2133/2397
f 1514/2113/2398 1515/2114/2400 1535/2135/2401 1534/2134/2399
f 1515/2114/2400 1516/2115/2402 1536/2136/2403 1535/2135/2401
f 1516/2115/2402 1517/2116/2404 1537/2137/2405 1536/2136/2403
f 1517/2116/2404 1518/2117/2406 1538/2138/2407 1537/2137/2405
f 1518/2117/2406 1519/2118/2408 1539/2139/2409 1538/2138/2407
f 1519/2118/2408 1520/2119/2410 1540/2140/2411 1539/2139/2409
f 1520/2119/2410 1521/2120/2412 1541/2141/2413 1540/2140/2411
f 1521/2120/2412 1522/2121/2414 1542/2142/2415 1541/2141/2413
f 1522/2121/2414 1523/2122/2416 1543/2143/2417 1542/2142/2415
f 1523/2122/2416 1524/2123/2418 1544/2144/2419 1543/2143/2417
f 1524/2123/2418 1525/2124/2420 1545/2145/2421 1544/2144/2419
f 1525/2124/2420 1526/2125/2422 1546/2146/2423 1545/2145/2421
f 1526/2125/2422 1527/2126/2424 1547/2147/2425 1546/2146/2423
f 1527/2126/2424 1528/2127/2426 1548/2148/2427 1547/2147/2425
f 1528/2127/2426 1529/2128/2428 1549/2149/2429 1548/2148/2427
f 1529/2128/2428 1530/2129/2430 1550/2150/2431 1549/2149/2429
f 1530/2129/2430 1511/2130/2392 1531/2151/2395 1550/2150/2431
s 2
f 1512/2091/2432 1511/2090/2433 1551/2172/2434
f 1513/2092/2435 1512/2091/2432 1551/2172/2434
f 1514/2093/2436 1513/2092/2435 1551/2172/2434
f 1515/2094/2437 1514/2093/2436 1551/2172/2434
f 1516/2095/2438 1515/2094/2437 1551/2172/2434
f 1517/2096/2439 1516/2095/2438 1551/2172/2434
f 1518/2097/2440 1517/2096/2439 1551/2172/2434
f 1519/2098/2441 1518/2097/2440 1551/2172/2434
f 1520/2099/2442 1519/2098/2441 1551/2172/2434
f 1521/2100/2443 1520/2099/2442 1551/2172/2434
f 1522/2101/2444 1521/2100/2443 1551/2172/2434
f 1523/2102/2445 1522/2101/2444 1551/2172/2434
f 1524/2103/2446 1523/2102/2445 1551/2172/2434
f 1525/2104/2447 1524/2103/2446 1551/2172/2434
f 1526/2105/2448 1525/2104/2447 1551/2172/2434
f 1527/2106/2449 1526/2105/2448 1551/2172/2434
f 1528/2107/2450 1527/2106/2449 1551/2172/2434
f 1529/2108/2451 1528/2107/2450 1551/2172/2434
f 1530/2109/2452 1529/2108/2451 1551/2172/2434
f 1511/2090/2433 1530/2109/2452 1551/2172/2434
s 3
f 1531/2170/2453 1532/2169/2454 1552/2173/2455
f 1532/2169/2454 1533/2168/2456 1552/2173/2455
f 1533/2168/2456 1534/2167/2457 1552/2173/2455
f 1534/2167/2457 1535/2166/2458 1552/2173/2455
f 1535/2166/2458 1536/2165/2459 1552/2173/2455
f 1536/2165/2459 1537/2164/2460 1552/2173/2455
f 1537/2164/2460 1538/2163/2461 1552/2173/2455
f 1538/2163/2461 1539/2162/2462 1552/2173/2455
f 1539/2162/2462 1540/2161/2463 1552/2173/2455
f 1540/2161/2463 1541/2160/2464 1552/2173/2455
f 1541/2160/2464 1542/2159/2465 1552/2173/2455
f 1542/2159/2465 1543/2158/2466 1552/2173/2455
f 1543/2158/2466 1544/2157/2467 1552/2173/2455
f 1544/2157/2467 1545/2156/2468 1552/2173/2455
f 1545/2156/2468 1546/2155/2469 1552/2173/2455
f 1546/2155/2469 1547/2154/2470 1552/2173/2455
f 1547/2154/2470 1548/2153/2471 1552/2173/2455
f 1548/2153/2471 1549/2152/2472 1552/2173/2455
f 1549/2152/2472 1550/2171/2473 1552/2173/2455
f 1550/2171/2473 1531/2170/2453 1552/2173/2455
g default
v 1.597779 5.590161 0.533804
v 1.655297 5.590161 0.533804
v 1.597779 5.590161 0.591322
v 1.655297 5.590161 0.591322
v 1.597779 5.647679 0.591322
v 1.655297 5.647679 0.591322
v 1.597779 5.647679 0.533804
v 1.655297 5.647679 0.533804
v 1.590214 5.618920 0.598887
v 1.662862 5.655244 0.562563
v 1.626538 5.655244 0.526239
v 1.590214 5.655244 0.562563
v 1.662862 5.618920 0.526239
v 1.590214 5.618920 0.526239
v 1.626538 5.582596 0.526239
v 1.662862 5.582596 0.562563
v 1.626538 5.582596 0.598887
v 1.590214 5.582596 0.562563
v 1.662862 5.618920 0.598887
v 1.626538 5.655244 0.598887
v 1.626538 5.569311 0.562563
v 1.626538 5.618920 0.612172
v 1.626538 5.668529 0.562563
v 1.626538 5.618920 0.512954
v 1.676147 5.618920 0.562563
v 1.576929 5.618920 0.562563
v 1.608106 5.575782 0.544131
v 1.644970 5.575782 0.544131
v 1.644970 5.575782 0.580995
v 1.608106 5.575782 0.580995
v 1.608106 5.600488 0.605701
v 1.644970 5.600488 0.605701
v 1.644970 5.637352 0.605701
v 1.608106 5.637352 0.605701
v 1.608106 5.662058 0.580995
v 1.644970 5.662058 0.580995
v 1.644970 5.662058 0.544131
v 1.608106 5.662058 0.544131
v 1.608106 5.637352 0.519425
v 1.644970 5.637352 0.519425
v 1.644970 5.600488 0.519425
v 1.608106 5.600488 0.519425
v 1.669676 5.600488 0.544131
v 1.669676 5.637352 0.544131
v 1.669676 5.637352 0.580995
v 1.669676 5.600488 0.580995
v 1.583400 5.637352 0.544131
v 1.583400 5.600488 0.544131
v 1.583400 5.600488 0.580995
v 1.583400 5.637352 0.580995
v 1.626538 5.572644 0.542759
v 1.646342 5.572644 0.562563
v 1.626538 5.572644 0.582367
v 1.606734 5.572644 0.562563
v 1.626538 5.599115 0.608839
v 1.646342 5.618920 0.608839
v 1.626538 5.638724 0.608839
v 1.606734 5.618920 0.608839
v 1.626538 5.665195 0.582367
v 1.646342 5.665195 0.562563
v 1.626538 5.665195 0.542759
v 1.606734 5.665195 0.562563
v 1.626538 5.638724 0.516288
v 1.646342 5.618920 0.516288
v 1.626538 5.599115 0.516288
v 1.606734 5.618920 0.516288
v 1.672813 5.618920 0.542759
v 1.672813 5.638724 0.562563
v 1.672813 5.618920 0.582367
v 1.672813 5.599115 0.562563
v 1.580263 5.618920 0.542759
v 1.580263 5.599115 0.562563
v 1.580263 5.618920 0.582367
v 1.580263 5.638724 0.562563
v 1.609479 5.585096 0.528739
v 1.643597 5.585096 0.528739
v 1.660362 5.585096 0.545504
v 1.660362 5.585096 0.579622
v 1.643597 5.585096 0.596387
v 1.609479 5.585096 0.596387
v 1.592714 5.585096 0.579622
v 1.592714 5.585096 0.545504
v 1.660362 5.601861 0.596387
v 1.660362 5.635979 0.596387
v 1.643597 5.652744 0.596387
v 1.609479 5.652744 0.596387
v 1.592714 5.635979 0.596387
v 1.592714 5.601861 0.596387
v 1.660362 5.652744 0.579622
v 1.660362 5.652744 0.545504
v 1.643597 5.652744 0.528739
v 1.609479 5.652744 0.528739
v 1.592714 5.652744 0.545504
v 1.592714 5.652744 0.579622
v 1.660362 5.635979 0.528739
v 1.660362 5.601861 0.528739
v 1.592714 5.601861 0.528739
v 1.592714 5.635979 0.528739
vt 0.121778 0.055589
vt 0.128749 0.057724
vt 0.115004 0.079989
vt 0.103050 0.082134
vt 0.143961 0.062102
vt 0.128587 0.089960
vt 0.104006 0.097184
vt 0.103671 0.086443
vt 0.098095 0.083349
vt 0.084680 0.106219
vt 0.083344 0.101683
vt 0.085886 0.098805
vt 0.087857 0.095117
vt 0.093522 0.096643
vt 0.092469 0.091839
vt 0.096558 0.090217
vt 0.088471 0.091739
vt 0.088477 0.089294
vt 0.090448 0.088312
vt 0.092613 0.086556
vt 0.097736 0.085858
vt 0.096269 0.082016
vt 0.093855 0.083971
vt 0.094260 0.081687
vt 0.091163 0.081548
vt 0.092551 0.079170
vt 0.089793 0.083912
vt 0.087225 0.081556
vt 0.088776 0.079116
vt 0.090350 0.076539
vt 0.088064 0.085889
vt 0.086452 0.087808
vt 0.084169 0.085984
vt 0.085668 0.083854
vt 0.083319 0.081836
vt 0.084611 0.079350
vt 0.082003 0.084083
vt 0.080219 0.082412
vt 0.080669 0.080088
vt 0.081758 0.077188
vt 0.086289 0.076946
vt 0.087926 0.074369
vt 0.083749 0.074630
vt 0.085705 0.072897
vt 0.081365 0.071090
vt 0.085495 0.069668
vt 0.077769 0.074630
vt 0.070248 0.070695
vt 0.079308 0.065506
vt 0.085649 0.064660
vt 0.077125 0.079224
vt 0.078021 0.083129
vt 0.075068 0.084637
vt 0.072580 0.079733
vt 0.067323 0.053563
vt 0.071997 0.087366
vt 0.069736 0.090393
vt 0.075085 0.036566
vt 0.079262 0.056076
vt 0.086880 0.058017
vt 0.084442 0.045848
vt 0.089156 0.051640
vt 0.095929 0.040484
vt 0.096009 0.050887
vt 0.092246 0.025705
vt 0.114509 0.025037
vt 0.109329 0.041016
vt 0.104862 0.051464
vt 0.071920 0.093865
vt 0.075335 0.097404
vt 0.135324 0.037202
vt 0.079463 0.100134
vt 0.122318 0.045916
vt 0.114869 0.052090
vt 0.081833 0.096419
vt 0.078147 0.093905
vt 0.080561 0.090839
vt 0.083910 0.093203
vt 0.075031 0.090798
vt 0.077625 0.088028
vt 0.080075 0.085970
vt 0.082562 0.088213
vt 0.085245 0.090244
vt 0.093109 0.059345
vt 0.098954 0.061840
vt 0.094864 0.068893
vt 0.090649 0.065839
vt 0.102745 0.068100
vt 0.097595 0.074495
vt 0.094657 0.077071
vt 0.092218 0.073405
vt 0.089196 0.070784
vt 0.097181 0.108456
vt 0.090615 0.102426
vt 0.061045 0.078648
vt 0.067755 0.083629
vt 0.057448 0.089249
vt 0.065186 0.089960
vt 0.059504 0.099905
vt 0.067039 0.096693
vt 0.066080 0.108524
vt 0.071617 0.101913
vt 0.075715 0.113645
vt 0.077599 0.105547
vt 0.086811 0.113985
vn -0.577359 -0.577353 -0.577338
vn -0.313224 -0.671527 -0.671522
vn -0.329328 -0.884923 -0.329324
vn -0.671528 -0.671525 -0.313215
vn 0.000000 -0.707109 -0.707105
vn 0.000000 -0.938542 -0.345165
vn 0.000000 -1.000000 0.000000
vn -0.345166 -0.938542 -0.000000
vn -0.707108 -0.707105 -0.000000
vn 0.313223 -0.671526 -0.671524
vn 0.329326 -0.884922 -0.329329
vn 0.577349 -0.577348 -0.577354
vn 0.671528 -0.671522 -0.313222
vn 0.707108 -0.707106 -0.000003
vn 0.345164 -0.938542 0.000000
vn 0.329326 -0.884923 0.329327
vn -0.000000 -0.938542 0.345166
vn 0.671528 -0.671525 0.313216
vn 0.577350 -0.577353 0.577348
vn 0.313222 -0.671523 0.671527
vn 0.000000 -0.707105 0.707108
vn -0.329328 -0.884923 0.329324
vn -0.671528 -0.671525 0.313216
vn -0.313222 -0.671526 0.671524
vn -0.577358 -0.577352 0.577341
vn -0.329323 -0.329323 0.884925
vn -0.671526 -0.313219 0.671525
vn 0.000000 -0.345163 0.938543
vn -0.000000 0.000000 1.000000
vn -0.345161 0.000000 0.938543
vn -0.707108 0.000002 0.707105
vn 0.329323 -0.329323 0.884925
vn 0.671525 -0.313220 0.671527
vn 0.707107 0.000000 0.707106
vn 0.345159 -0.000000 0.938544
vn 0.329321 0.329319 0.884927
vn -0.000001 0.345152 0.938547
vn 0.671532 0.313215 0.671522
vn 0.577348 0.577346 0.577357
vn 0.313219 0.671530 0.671521
vn -0.000001 0.707114 0.707099
vn -0.329321 0.329319 0.884928
vn -0.671532 0.313218 0.671520
vn -0.313219 0.671528 0.671524
vn -0.577355 0.577347 0.577349
vn -0.329321 0.884924 0.329328
vn -0.671526 0.671523 0.313224
vn -0.000000 0.938543 0.345164
vn 0.000000 1.000000 0.000000
vn -0.345161 0.938543 0.000000
vn -0.707108 0.707105 0.000000
vn 0.329319 0.884923 0.329334
vn 0.671527 0.671521 0.313227
vn 0.707108 0.707106 0.000003
vn 0.345160 0.938544 -0.000000
vn 0.329319 0.884923 -0.329334
vn -0.000000 0.938543 -0.345164
vn 0.671528 0.671522 -0.313223
vn 0.577348 0.577347 -0.577356
vn 0.313219 0.671531 -0.671521
vn -0.000000 0.707114 -0.707100
vn -0.329321 0.884924 -0.329329
vn -0.671526 0.671522 -0.313226
vn -0.313220 0.671529 -0.671523
vn -0.577355 0.577348 -0.577347
vn -0.329322 0.329319 -0.884927
vn -0.671537 0.313219 -0.671515
vn 0.000000 0.345153 -0.938547
vn -0.000000 -0.000000 -1.000000
vn -0.345161 -0.000001 -0.938543
vn -0.707112 0.000000 -0.707102
vn 0.329320 0.329320 -0.884927
vn 0.671533 0.313213 -0.671522
vn 0.707106 0.000000 -0.707108
vn 0.345158 -0.000000 -0.938544
vn 0.329325 -0.329326 -0.884923
vn 0.000000 -0.345166 -0.938542
vn 0.671523 -0.313216 -0.671530
vn -0.329324 -0.329324 -0.884925
vn -0.671527 -0.313220 -0.671524
vn 0.884926 -0.329319 -0.329326
vn 0.938544 -0.000001 -0.345159
vn 1.000000 -0.000000 0.000000
vn 0.938544 -0.345160 -0.000002
vn 0.884930 0.329316 -0.329317
vn 0.938546 0.345153 0.000003
vn 0.884928 0.329320 0.329319
vn 0.938545 0.000001 0.345157
vn 0.884927 -0.329323 0.329319
vn -0.884928 0.329322 -0.329316
vn -0.938545 -0.000001 -0.345158
vn -1.000000 -0.000001 -0.000000
vn -0.938545 0.345157 0.000000
vn -0.884924 -0.329326 -0.329323
vn -0.938542 -0.345165 -0.000000
vn -0.884926 -0.329322 0.329323
vn -0.938543 0.000001 0.345163
vn -0.884928 0.329321 0.329319
s 1
g fuel_pump_grp key_grp pCube16
usemtl aiStandardSurface16SG
f 1553/2174/2474 1627/2175/2475 1579/2176/2476 1634/2177/2477
f 1627/2175/2475 1567/2178/2478 1603/2179/2479 1579/2176/2476
f 1579/2176/2476 1603/2179/2479 1573/2180/2480 1606/2181/2481
f 1634/2177/2477 1579/2176/2476 1606/2181/2481 1570/2182/2482
f 1567/2278/2478 1628/2183/2483 1580/2267/2484 1603/2266/2479
f 1628/2183/2483 1554/2184/2485 1629/2185/2486 1580/2267/2484
f 1580/2267/2484 1629/2185/2486 1568/2186/2487 1604/2187/2488
f 1603/2266/2479 1580/2267/2484 1604/2187/2488 1573/2180/2480
f 1573/2180/2480 1604/2187/2488 1581/2188/2489 1605/2189/2490
f 1604/2187/2488 1568/2186/2487 1630/2190/2491 1581/2188/2489
f 1581/2188/2489 1630/2190/2491 1556/2191/2492 1631/2192/2493
f 1605/2189/2490 1581/2188/2489 1631/2192/2493 1569/2193/2494
f 1570/2182/2482 1606/2181/2481 1582/2194/2495 1633/2195/2496
f 1606/2181/2481 1573/2180/2480 1605/2189/2490 1582/2194/2495
f 1582/2194/2495 1605/2189/2490 1569/2193/2494 1632/2196/2497
f 1633/2195/2496 1582/2194/2495 1632/2196/2497 1555/2197/2498
f 1555/2197/2498 1632/2196/2497 1583/2198/2499 1640/2199/2500
f 1632/2196/2497 1569/2193/2494 1607/2200/2501 1583/2198/2499
f 1583/2198/2499 1607/2200/2501 1574/2201/2502 1610/2202/2503
f 1640/2199/2500 1583/2198/2499 1610/2202/2503 1561/2203/2504
f 1569/2193/2494 1631/2192/2493 1584/2204/2505 1607/2200/2501
f 1631/2192/2493 1556/2191/2492 1635/2205/2506 1584/2204/2505
f 1584/2204/2505 1635/2205/2506 1571/2206/2507 1608/2207/2508
f 1607/2200/2501 1584/2204/2505 1608/2207/2508 1574/2201/2502
f 1574/2201/2502 1608/2207/2508 1585/2208/2509 1609/2209/2510
f 1608/2207/2508 1571/2206/2507 1636/2210/2511 1585/2208/2509
f 1585/2208/2509 1636/2210/2511 1558/2211/2512 1637/2212/2513
f 1609/2209/2510 1585/2208/2509 1637/2212/2513 1572/2213/2514
f 1561/2203/2504 1610/2202/2503 1586/2214/2515 1639/2215/2516
f 1610/2202/2503 1574/2201/2502 1609/2209/2510 1586/2214/2515
f 1586/2214/2515 1609/2209/2510 1572/2213/2514 1638/2216/2517
f 1639/2215/2516 1586/2214/2515 1638/2216/2517 1557/2217/2518
f 1557/2217/2518 1638/2216/2517 1587/2218/2519 1646/2219/2520
f 1638/2216/2517 1572/2213/2514 1611/2220/2521 1587/2218/2519
f 1587/2218/2519 1611/2220/2521 1575/2221/2522 1614/2222/2523
f 1646/2219/2520 1587/2218/2519 1614/2222/2523 1564/2223/2524
f 1572/2213/2514 1637/2212/2513 1588/2224/2525 1611/2220/2521
f 1637/2212/2513 1558/2211/2512 1641/2225/2526 1588/2224/2525
f 1588/2224/2525 1641/2225/2526 1562/2226/2527 1612/2227/2528
f 1611/2220/2521 1588/2224/2525 1612/2227/2528 1575/2221/2522
f 1575/2221/2522 1612/2227/2528 1589/2269/2529 1613/2268/2530
f 1612/2227/2528 1562/2226/2527 1642/2229/2531 1589/2269/2529
f 1589/2269/2529 1642/2229/2531 1560/2230/2532 1643/2271/2533
f 1613/2268/2530 1589/2269/2529 1643/2271/2533 1563/2270/2534
f 1564/2223/2524 1614/2222/2523 1590/2232/2535 1645/2233/2536
f 1614/2222/2523 1575/2221/2522 1613/2228/2530 1590/2232/2535
f 1590/2232/2535 1613/2228/2530 1563/2231/2534 1644/2234/2537
f 1645/2233/2536 1590/2232/2535 1644/2234/2537 1559/2235/2538
f 1559/2235/2538 1644/2234/2537 1591/2236/2539 1650/2237/2540
f 1644/2234/2537 1563/2231/2534 1615/2238/2541 1591/2236/2539
f 1591/2236/2539 1615/2238/2541 1576/2239/2542 1618/2240/2543
f 1650/2237/2540 1591/2236/2539 1618/2240/2543 1566/2241/2544
f 1563/2270/2534 1643/2271/2533 1592/2273/2545 1615/2272/2541
f 1643/2271/2533 1560/2230/2532 1647/2242/2546 1592/2273/2545
f 1592/2273/2545 1647/2242/2546 1565/2243/2547 1616/2275/2548
f 1615/2272/2541 1592/2273/2545 1616/2275/2548 1576/2274/2542
f 1576/2274/2542 1616/2275/2548 1593/2277/2549 1617/2276/2550
f 1616/2275/2548 1565/2243/2547 1648/2245/2551 1593/2277/2549
f 1593/2277/2549 1648/2245/2551 1554/2184/2485 1628/2183/2483
f 1617/2276/2550 1593/2277/2549 1628/2183/2483 1567/2278/2478
f 1566/2241/2544 1618/2240/2543 1594/2246/2552 1649/2247/2553
f 1618/2240/2543 1576/2239/2542 1617/2244/2550 1594/2246/2552
f 1594/2246/2552 1617/2244/2550 1567/2178/2478 1627/2175/2475
f 1649/2247/2553 1594/2246/2552 1627/2175/2475 1553/2174/2474
f 1554/2184/2485 1648/2245/2551 1595/2248/2554 1629/2185/2486
f 1648/2245/2551 1565/2243/2547 1619/2249/2555 1595/2248/2554
f 1595/2248/2554 1619/2249/2555 1577/2250/2556 1622/2251/2557
f 1629/2185/2486 1595/2248/2554 1622/2251/2557 1568/2186/2487
f 1565/2243/2547 1647/2242/2546 1596/2252/2558 1619/2249/2555
f 1647/2242/2546 1560/2230/2532 1642/2229/2531 1596/2252/2558
f 1596/2252/2558 1642/2229/2531 1562/2226/2527 1620/2253/2559
f 1619/2249/2555 1596/2252/2558 1620/2253/2559 1577/2250/2556
f 1577/2250/2556 1620/2253/2559 1597/2254/2560 1621/2255/2561
f 1620/2253/2559 1562/2226/2527 1641/2225/2526 1597/2254/2560
f 1597/2254/2560 1641/2225/2526 1558/2211/2512 1636/2210/2511
f 1621/2255/2561 1597/2254/2560 1636/2210/2511 1571/2206/2507
f 1568/2186/2487 1622/2251/2557 1598/2256/2562 1630/2190/2491
f 1622/2251/2557 1577/2250/2556 1621/2255/2561 1598/2256/2562
f 1598/2256/2562 1621/2255/2561 1571/2206/2507 1635/2205/2506
f 1630/2190/2491 1598/2256/2562 1635/2205/2506 1556/2191/2492
f 1559/2235/2538 1650/2237/2540 1599/2257/2563 1645/2233/2536
f 1650/2237/2540 1566/2241/2544 1623/2258/2564 1599/2257/2563
f 1599/2257/2563 1623/2258/2564 1578/2259/2565 1626/2260/2566
f 1645/2233/2536 1599/2257/2563 1626/2260/2566 1564/2223/2524
f 1566/2241/2544 1649/2247/2553 1600/2261/2567 1623/2258/2564
f 1649/2247/2553 1553/2174/2474 1634/2177/2477 1600/2261/2567
f 1600/2261/2567 1634/2177/2477 1570/2182/2482 1624/2262/2568
f 1623/2258/2564 1600/2261/2567 1624/2262/2568 1578/2259/2565
f 1578/2259/2565 1624/2262/2568 1601/2263/2569 1625/2264/2570
f 1624/2262/2568 1570/2182/2482 1633/2195/2496 1601/2263/2569
f 1601/2263/2569 1633/2195/2496 1555/2197/2498 1640/2199/2500
f 1625/2264/2570 1601/2263/2569 1640/2199/2500 1561/2203/2504
f 1564/2223/2524 1626/2260/2566 1602/2265/2571 1646/2219/2520
f 1626/2260/2566 1578/2259/2565 1625/2264/2570 1602/2265/2571
f 1602/2265/2571 1625/2264/2570 1561/2203/2504 1639/2215/2516
f 1646/2219/2520 1602/2265/2571 1639/2215/2516 1557/2217/2518
g default
v -1.429559 5.041351 0.471239
v -1.402953 4.953117 0.436643
v -1.432420 5.041371 0.438967
v -1.399916 4.953148 0.473407
v -1.397080 4.874120 0.476660
v -1.400366 4.873816 0.433158
v -1.529451 5.041966 0.440080
v -1.530889 4.951822 0.474675
v -1.526589 5.041946 0.472352
v -1.393806 4.810599 0.481214
v -1.213845 4.715343 0.406830
v -1.312840 4.726473 0.416309
v -1.213845 4.715343 0.491690
v -1.312858 4.724613 0.493788
v -1.533925 4.951792 0.437911
v -1.538796 4.861007 0.478160
v -1.397424 4.809996 0.428279
v -1.327377 4.735064 0.492954
v -1.328547 4.734159 0.416434
v -1.340532 4.745957 0.491791
v -1.355021 4.755647 0.418933
v -1.352082 4.758520 0.489913
v -1.314655 4.533016 0.495010
v -1.343001 4.743394 0.417130
v -1.549854 4.784591 0.483039
v -1.542081 4.860703 0.434659
v -1.213845 4.503372 0.491690
v -1.450371 4.596357 0.494786
v -1.474454 4.620569 0.493687
v -1.314638 4.534876 0.417531
v -1.553472 4.783988 0.430105
v -1.213845 4.503372 0.406830
v -1.452937 4.593631 0.418989
v -1.477385 4.617447 0.420162
v -1.464567 4.606329 0.494489
v -1.467386 4.603245 0.419378
v -1.448946 4.995678 0.438079
v -1.439811 4.986544 0.437778
v -1.439811 4.986544 0.472856
v -1.448946 4.995678 0.472688
v -1.460457 5.001544 0.438328
v -1.460457 5.001544 0.472634
v -1.433946 4.975033 0.437455
v -1.433946 4.975033 0.473120
v -1.431925 4.962274 0.437141
v -1.431925 4.962274 0.473455
v -1.171984 4.716153 0.491690
v -1.171984 4.716153 0.406830
v -1.497486 4.995678 0.438579
v -1.485976 5.001544 0.438593
v -1.485976 5.001544 0.472899
v -1.497486 4.995678 0.473181
v -1.433946 4.949514 0.436800
v -1.439811 4.938003 0.436357
v -1.439811 4.938003 0.474405
v -1.433946 4.949514 0.473873
v -1.506621 4.986544 0.438457
v -1.506621 4.986544 0.473517
v -1.448946 4.928868 0.436051
v -1.448946 4.928868 0.474869
v -1.512486 4.975033 0.438241
v -1.512486 4.975033 0.473876
v -1.460457 4.923003 0.435912
v -1.460457 4.923003 0.475219
v -1.512881 4.952005 0.474501
v -1.514507 4.962274 0.474231
v -1.473216 4.920982 0.435953
v -1.473216 4.920982 0.475421
v -1.171984 4.504182 0.491690
v -1.506621 4.938003 0.437034
v -1.512486 4.949514 0.437595
v -1.512486 4.949514 0.474601
v -1.506621 4.938003 0.475024
v -1.485976 4.923003 0.436176
v -1.497486 4.928868 0.436554
v -1.497486 4.928868 0.475305
v -1.485976 4.923003 0.475445
v -1.171984 4.504182 0.406830
v -1.512881 4.952005 0.437708
v -1.514507 4.962274 0.437960
v -1.473216 5.003564 0.438501
v -1.473216 5.003564 0.472700
v -1.433424 4.952809 0.436938
v -1.433424 4.952809 0.473732
vt 0.182756 0.957808
vt 0.191493 0.957808
vt 0.190517 0.968001
vt 0.182540 0.968002
vt 0.182756 0.953498
vt 0.191493 0.953498
vt 0.182626 0.969497
vt 0.190504 0.969618
vt 0.182745 0.970852
vt 0.190432 0.971106
vt 0.190247 0.972344
vt 0.182939 0.972041
vt 0.183834 0.976337
vt 0.189284 0.976709
vt 0.206804 0.946065
vt 0.207146 0.956445
vt 0.199169 0.956443
vt 0.198067 0.946065
vt 0.207123 0.970417
vt 0.199319 0.970682
vt 0.198067 0.941755
vt 0.206804 0.941755
vt 0.207092 0.971879
vt 0.199359 0.972169
vt 0.207009 0.972897
vt 0.199439 0.973199
vt 0.172679 0.953793
vt 0.172564 0.963783
vt 0.169241 0.963488
vt 0.169356 0.953498
vt 0.165056 0.955624
vt 0.165031 0.954438
vt 0.168594 0.954438
vt 0.168589 0.955624
vt 0.165000 0.953498
vt 0.168611 0.953498
vt 0.165074 0.956938
vt 0.168595 0.956938
vt 0.165084 0.958251
vt 0.168616 0.958251
vt 0.165082 0.959436
vt 0.168645 0.959436
vt 0.165070 0.960377
vt 0.168680 0.960377
vt 0.164424 0.954438
vt 0.164438 0.955624
vt 0.160391 0.955624
vt 0.160427 0.954438
vt 0.164434 0.956938
vt 0.160370 0.956938
vt 0.164392 0.953498
vt 0.160475 0.953498
vt 0.164411 0.958251
vt 0.160368 0.958251
vt 0.164372 0.959436
vt 0.160382 0.959436
vt 0.164323 0.960377
vt 0.160411 0.960377
vt 0.196644 0.968234
vt 0.196405 0.977320
vt 0.193082 0.977319
vt 0.192859 0.968237
vt 0.192524 0.960101
vt 0.197002 0.960069
vt 0.192055 0.953560
vt 0.197505 0.953498
vt 0.201167 0.932108
vt 0.200927 0.941387
vt 0.197604 0.941389
vt 0.197381 0.932105
vt 0.201525 0.922758
vt 0.197046 0.922726
vt 0.202027 0.914890
vt 0.196577 0.914828
vt 0.203124 0.898002
vt 0.195554 0.897681
vt 0.156035 0.958496
vt 0.156001 0.957311
vt 0.159674 0.957311
vt 0.159646 0.958496
vt 0.155969 0.955997
vt 0.159708 0.955997
vt 0.155948 0.955022
vt 0.155934 0.954683
vt 0.159751 0.954683
vt 0.159736 0.955022
vt 0.155888 0.953498
vt 0.159806 0.953498
vt 0.155202 0.957313
vt 0.155180 0.958498
vt 0.151570 0.958498
vt 0.151533 0.957313
vt 0.155231 0.955999
vt 0.151497 0.955999
vt 0.155269 0.954685
vt 0.155257 0.954942
vt 0.151469 0.954942
vt 0.151459 0.954685
vt 0.155327 0.953500
vt 0.151415 0.953500
vt 0.181978 0.953498
vt 0.181978 0.975323
vt 0.173241 0.975323
vt 0.173241 0.953498
vt 0.171999 0.929313
vt 0.171661 0.935853
vt 0.157070 0.934503
vt 0.155932 0.926635
vt 0.163823 0.940678
vt 0.162509 0.940886
vt 0.161324 0.941490
vt 0.160383 0.942431
vt 0.159779 0.943616
vt 0.159739 0.943872
vt 0.157885 0.943853
vt 0.171369 0.943990
vt 0.167919 0.943955
vt 0.167866 0.943616
vt 0.167262 0.942431
vt 0.166321 0.941490
vt 0.165136 0.940886
vt 0.176294 0.923951
vt 0.163695 0.909747
vt 0.163823 0.949181
vt 0.165136 0.948973
vt 0.166321 0.948369
vt 0.167262 0.947428
vt 0.167866 0.946243
vt 0.168074 0.944929
vt 0.168317 0.953071
vt 0.158327 0.953133
vt 0.159571 0.944929
vt 0.159779 0.946243
vt 0.160383 0.947428
vt 0.161324 0.948369
vt 0.162509 0.948973
vt 0.177484 0.922657
vt 0.164713 0.908281
vt 0.166175 0.907255
vt 0.178838 0.921536
vt 0.180333 0.920460
vt 0.180148 0.900733
vt 0.190527 0.919505
vt 0.190527 0.897681
vt 0.194838 0.897764
vt 0.194838 0.919589
vt 0.154041 0.934472
vt 0.139450 0.935822
vt 0.139147 0.929251
vt 0.155214 0.926573
vt 0.153201 0.943850
vt 0.151034 0.943872
vt 0.150994 0.943616
vt 0.150390 0.942431
vt 0.149449 0.941490
vt 0.148264 0.940886
vt 0.146951 0.940678
vt 0.145637 0.940886
vt 0.144452 0.941490
vt 0.143511 0.942431
vt 0.142907 0.943616
vt 0.142854 0.943955
vt 0.139716 0.943987
vt 0.134781 0.923655
vt 0.147380 0.909426
vt 0.146951 0.949181
vt 0.148264 0.948973
vt 0.149449 0.948369
vt 0.150390 0.947428
vt 0.150994 0.946243
vt 0.151202 0.944929
vt 0.152741 0.953135
vt 0.142750 0.953073
vt 0.142699 0.944929
vt 0.142907 0.946243
vt 0.143511 0.947428
vt 0.144452 0.948369
vt 0.145637 0.948973
vt 0.133544 0.922394
vt 0.146350 0.907964
vt 0.132055 0.921443
vt 0.144863 0.906974
vt 0.130438 0.920651
vt 0.130623 0.900925
vt 0.120246 0.919505
vt 0.120246 0.897681
vt 0.115936 0.919589
vt 0.115936 0.897764
vn 0.981060 0.176171 -0.080532
vn 0.945092 0.316660 -0.080794
vn 0.945092 0.316660 -0.080794
vn 0.981474 0.173856 -0.080514
vn 0.996303 0.041641 -0.075146
vn 0.996302 0.041693 -0.075121
vn -0.994240 0.070064 0.081103
vn -0.995199 0.048501 0.085011
vn -0.995199 0.048501 0.085011
vn -0.994233 0.070196 0.081079
vn 0.996226 0.048807 -0.071777
vn 0.996226 0.048807 -0.071777
vn 0.066179 0.997776 0.007969
vn 0.064195 0.997907 0.007784
vn 0.161357 0.986844 0.010160
vn 0.162793 0.986608 0.010129
vn -0.016626 0.073288 0.997172
vn 0.005086 0.053090 0.998577
vn 0.004643 0.055343 0.998457
vn -0.015617 0.072961 0.997213
vn 0.550057 0.835001 -0.014528
vn 0.551153 0.834269 -0.015028
vn 0.654309 0.755057 -0.042053
vn 0.655169 0.754304 -0.042179
vn 0.782973 0.619271 -0.058799
vn 0.768517 0.637264 -0.057244
vn 0.768407 0.637398 -0.057232
vn 0.782973 0.619271 -0.058799
vn 0.019489 0.002045 0.999808
vn 0.012276 0.006595 0.999903
vn 0.018416 0.005123 0.999817
vn 0.018080 0.001897 0.999835
vn -0.990381 0.117248 0.073474
vn -0.990327 0.117747 0.073399
vn -0.027070 0.074428 0.996859
vn -0.028743 0.073425 0.996887
vn -0.016978 0.056048 -0.998284
vn -0.016369 0.053682 -0.998424
vn -0.039279 0.063598 -0.997202
vn -0.038319 0.063827 -0.997225
vn -0.005821 0.014686 0.999875
vn -0.007057 0.016231 0.999843
vn -0.035003 0.050874 0.998092
vn -0.034319 0.050039 0.998158
vn -0.073191 -0.003786 -0.997311
vn -0.056941 -0.004498 -0.998367
vn -0.071551 -0.001814 -0.997435
vn -0.065910 -0.001671 -0.997824
vn -0.049285 0.059622 -0.997004
vn -0.050587 0.058262 -0.997019
vn -0.987026 0.144840 0.069295
vn -0.987026 0.144840 0.069295
vn -0.017098 -0.002628 -0.999850
vn -0.015575 -0.004052 -0.999871
vn -0.046899 0.026715 -0.998542
vn -0.046795 0.026609 -0.998550
vn -0.203201 -0.979105 -0.007895
vn -0.358396 -0.933567 0.002200
vn -0.356485 -0.934299 0.001821
vn -0.197606 -0.980251 -0.007697
vn -0.899536 -0.432851 0.058948
vn -0.907537 -0.415771 0.059248
vn -0.907537 -0.415771 0.059248
vn -0.899239 -0.433470 0.058937
vn -0.423242 -0.905877 0.015940
vn -0.423564 -0.905725 0.016020
vn 0.006134 0.999981 0.000058
vn 0.006134 0.999981 0.000058
vn 0.006134 0.999981 0.000058
vn 0.006134 0.999981 0.000058
vn -0.698931 -0.713108 0.054528
vn -0.698369 -0.713659 0.054520
vn -0.590232 -0.807233 0.000000
vn -0.811143 -0.584848 0.000000
vn -0.810703 -0.585458 0.000000
vn -0.589200 -0.807987 0.000000
vn -0.311032 -0.950399 0.000000
vn -0.309427 -0.950923 0.000000
vn -0.952239 -0.305352 0.000000
vn -0.952193 -0.305496 0.000000
vn -0.999993 0.003740 0.000000
vn -0.999991 0.004206 0.000000
vn -0.019361 0.999813 0.000000
vn -0.019361 0.999813 0.000000
vn 0.588910 -0.808199 0.000000
vn 0.309175 -0.951005 0.000000
vn 0.311244 -0.950330 0.000000
vn 0.590430 -0.807089 0.000000
vn -0.949259 0.314494 0.000000
vn -0.806219 0.591618 0.000000
vn -0.805651 0.592390 0.000000
vn -0.949138 0.314861 0.000000
vn 0.810475 -0.585774 0.000000
vn 0.811290 -0.584644 0.000000
vn -0.585332 0.810794 0.000000
vn -0.584166 0.811634 0.000000
vn 0.952065 -0.305895 0.000000
vn 0.952324 -0.305088 0.000000
vn -0.308029 0.951377 0.000000
vn -0.306339 0.951923 0.000000
vn -0.001071 0.999999 0.000000
vn 0.000848 1.000000 0.000000
vn 0.000000 0.000000 1.000000
vn 0.000000 0.000000 1.000000
vn 0.805540 0.592541 0.000000
vn 0.949075 0.315051 0.000000
vn 0.949323 0.314301 0.000000
vn 0.806316 0.591485 0.000000
vn 0.306092 0.952002 0.000000
vn 0.584007 0.811749 0.000000
vn 0.585391 0.810751 0.000000
vn 0.307899 0.951419 0.000000
vn 1.000000 0.000000 0.000000
vn 1.000000 0.000000 0.000000
vn 1.000000 0.000000 0.000000
vn 1.000000 0.000000 0.000000
vn -0.010757 0.023969 -0.999655
vn -0.010757 0.023969 -0.999655
vn -0.010757 0.023969 -0.999655
vn -0.010757 0.023969 -0.999655
vn -0.010757 0.023969 -0.999655
vn -0.010757 0.023969 -0.999655
vn -0.011961 0.033683 -0.999361
vn -0.011922 0.033367 -0.999372
vn -0.010757 0.023969 -0.999655
vn -0.010757 0.023969 -0.999655
vn -0.011982 0.033852 -0.999355
vn -0.011972 0.033772 -0.999358
vn -0.010757 0.023969 -0.999655
vn -0.010757 0.023969 -0.999655
vn -0.010757 0.023969 -0.999655
vn -0.010757 0.023969 -0.999655
vn -0.010757 0.023969 -0.999655
vn 0.000000 0.000000 -1.000000
vn 0.000000 0.000000 -1.000000
vn 0.019361 -0.999813 0.000000
vn 0.019361 -0.999813 0.000000
vn -0.001032 -0.999999 0.000000
vn 0.001031 -1.000000 0.000000
vn 0.007847 0.039036 0.999207
vn 0.007847 0.039036 0.999207
vn 0.007847 0.039036 0.999207
vn 0.007847 0.039036 0.999207
vn 0.007847 0.039036 0.999207
vn 0.008889 0.034373 0.999370
vn 0.008949 0.034105 0.999378
vn 0.008855 0.034525 0.999365
vn 0.008871 0.034452 0.999367
vn 0.007847 0.039036 0.999207
vn 0.007847 0.039036 0.999207
vn 0.007847 0.039036 0.999207
vn 0.007847 0.039036 0.999207
vn -0.012649 0.039238 -0.999150
vn -0.012649 0.039238 -0.999150
vn -0.012649 0.039238 -0.999150
vn -0.012649 0.039238 -0.999150
vn -0.012649 0.039238 -0.999150
vn -0.012649 0.039238 -0.999150
vn -0.012649 0.039238 -0.999150
vn -0.012649 0.039238 -0.999150
vn -0.012649 0.039238 -0.999150
vn -0.987687 0.156441 0.000000
vn -0.987687 0.156441 0.000000
vn 0.999993 0.003737 0.000000
vn 0.999992 0.004115 0.000000
vn 0.987689 0.156432 0.000000
vn 0.987689 0.156432 0.000000
vn 0.010703 0.026250 0.999598
vn 0.010703 0.026250 0.999598
vn 0.010703 0.026250 0.999598
vn 0.010703 0.026250 0.999598
vn 0.010703 0.026250 0.999598
vn 0.010703 0.026250 0.999598
vn 0.010703 0.026250 0.999598
vn 0.010703 0.026250 0.999598
vn 0.010703 0.026250 0.999598
vn 0.010703 0.026250 0.999598
vn 0.010703 0.026250 0.999598
vn 0.010703 0.026250 0.999598
vn 0.010703 0.026250 0.999598
s 1
g fuel_pump_grp stand_ankle_geo stand_ankle_grp
usemtl aiStandardSurface19SG
f 1652/2337/2572 1653/2338/2573 1651/2339/2574 1654/2340/2575
f 1652/2337/2572 1654/2340/2575 1655/2341/2576 1656/2342/2577
s 2
f 1658/2345/2578 1659/2346/2579 1657/2347/2580 1665/2348/2581
s 1
f 1656/2342/2577 1655/2341/2576 1660/2343/2582 1667/2344/2583
s 3
f 1663/2279/2584 1661/2280/2585 1662/2281/2586 1664/2282/2587
s 4
f 1660/2383/2588 1655/2384/2589 1666/2385/2590 1675/2386/2591
s 3
f 1668/2285/2592 1664/2282/2587 1662/2281/2586 1669/2286/2593
f 1670/2287/2594 1668/2285/2592 1669/2286/2593 1674/2288/2595
f 1660/2291/2596 1672/2290/2597 1671/2289/2598 1667/2292/2599
f 1671/2289/2598 1672/2290/2597 1670/2287/2594 1674/2288/2595
s 4
f 1663/2421/2600 1664/2419/2601 1673/2420/2602 1677/2422/2603
s 2
f 1666/2349/2604 1658/2345/2578 1665/2348/2581 1676/2350/2605
s 4
f 1672/2400/2606 1660/2383/2588 1675/2386/2591 1679/2401/2607
s 6
f 1676/2425/2608 1656/2426/2609 1667/2427/2610 1681/2428/2611
s 4
f 1664/2419/2601 1668/2418/2612 1678/2417/2613 1673/2420/2602
f 1678/2417/2613 1668/2418/2612 1670/2415/2614 1685/2416/2615
f 1670/2415/2614 1672/2400/2606 1679/2401/2607 1685/2416/2615
s 6
f 1680/2462/2616 1662/2461/2617 1661/2463/2618 1682/2464/2619
f 1681/2428/2611 1667/2427/2610 1671/2442/2620 1684/2443/2621
s 2
f 1675/2351/2622 1666/2349/2604 1676/2350/2605 1681/2352/2623
s 6
f 1683/2460/2624 1669/2459/2625 1662/2461/2617 1680/2462/2616
f 1674/2457/2626 1669/2459/2625 1683/2460/2624 1686/2458/2627
f 1684/2443/2621 1671/2442/2620 1674/2457/2626 1686/2458/2627
s 8
f 1677/2293/2628 1673/2294/2629 1680/2295/2630 1682/2296/2631
f 1679/2353/2632 1675/2351/2633 1681/2352/2634 1684/2354/2635
f 1680/2295/2630 1673/2294/2629 1678/2297/2636 1683/2298/2637
s off
f 1653/2305/2638 1657/2306/2639 1659/2307/2640 1651/2308/2641
s 8
f 1683/2298/2637 1678/2297/2636 1685/2301/2642 1686/2302/2643
f 1685/2301/2642 1679/2303/2632 1684/2304/2635 1686/2302/2643
s 10
f 1687/2310/2644 1688/2313/2645 1689/2314/2646 1690/2311/2647
f 1691/2309/2648 1687/2310/2644 1690/2311/2647 1692/2312/2649
f 1688/2355/2645 1693/2356/2650 1694/2357/2651 1689/2358/2646
f 1693/2356/2650 1695/2359/2652 1696/2360/2653 1694/2357/2651
s 3
f 1663/2279/2584 1697/2283/2654 1698/2284/2655 1661/2280/2585
s 10
f 1699/2319/2656 1700/2317/2657 1701/2318/2658 1702/2320/2659
f 1703/2362/2660 1704/2365/2661 1705/2366/2662 1706/2363/2663
f 1707/2321/2664 1699/2319/2656 1702/2320/2659 1708/2322/2665
f 1704/2329/2661 1709/2323/2666 1710/2326/2667 1705/2330/2662
f 1711/2367/2668 1707/2368/2664 1708/2369/2665 1712/2370/2669
f 1709/2323/2666 1713/2324/2670 1714/2325/2671 1710/2326/2667
f 1713/2324/2670 1717/2327/2672 1718/2328/2673 1714/2325/2671
s 4
f 1677/2422/2603 1719/2423/2674 1697/2424/2675 1663/2421/2600
s 10
f 1720/2377/2676 1721/2373/2677 1722/2376/2678 1723/2378/2679
f 1724/2331/2680 1725/2333/2681 1726/2334/2682 1727/2332/2683
s off
f 1728/2379/2684 1698/2380/2685 1697/2381/2686 1719/2382/2687
s 6
f 1731/2444/2688 1700/2445/2689 1699/2446/2690 1707/2447/2691 1711/2448/2692 1730/2449/2693 1729/2430/2694 1665/2429/2695 1657/2450/2696 1653/2451/2697 1652/2441/2698 1733/2440/2699 1695/2452/2700 1693/2453/2701 1688/2454/2702 1687/2455/2703 1691/2456/2704
f 1661/2463/2618 1698/2465/2705 1728/2466/2706 1682/2464/2619
s 8
f 1682/2296/2631 1728/2299/2707 1719/2300/2708 1677/2293/2628
s 10
f 1731/2315/2709 1691/2309/2648 1692/2312/2649 1732/2316/2710
f 1700/2317/2657 1731/2315/2709 1732/2316/2710 1701/2318/2658
s 4
f 1718/2387/2711 1727/2388/2712 1726/2389/2713 1723/2390/2714 1722/2391/2715 1715/2392/2716 1658/2393/2717 1666/2385/2590 1655/2384/2589 1654/2394/2718 1734/2395/2719 1706/2396/2720 1705/2397/2721 1710/2398/2722 1714/2399/2723
s 6
f 1656/2426/2609 1676/2425/2608 1665/2429/2695 1729/2430/2694 1721/2431/2724 1720/2432/2725 1725/2433/2726 1724/2434/2727 1717/2435/2728 1713/2436/2729 1709/2437/2730 1704/2438/2731 1703/2439/2732 1733/2440/2699 1652/2441/2698
s 10
f 1695/2359/2652 1733/2361/2733 1703/2362/2660 1706/2363/2663 1734/2364/2734 1696/2360/2653
f 1730/2371/2735 1711/2367/2668 1712/2370/2669 1716/2372/2736
f 1717/2327/2672 1724/2331/2680 1727/2332/2683 1718/2328/2673
f 1721/2373/2677 1729/2374/2737 1730/2371/2735 1716/2372/2736 1715/2375/2738 1722/2376/2678
f 1725/2333/2681 1720/2335/2676 1723/2336/2679 1726/2334/2682
s 4
f 1732/2402/2739 1692/2403/2740 1690/2404/2741 1689/2405/2742 1694/2406/2743 1696/2407/2744 1734/2395/2719 1654/2394/2718 1651/2408/2745 1659/2409/2746 1658/2393/2717 1715/2392/2716 1716/2410/2747 1712/2411/2748 1708/2412/2749 1702/2413/2750 1701/2414/2751
g default
v -1.729069 4.738710 0.369176
v -1.188624 4.738710 0.369176
v -1.729069 4.738710 0.457906
v -1.188624 4.738710 0.457906
v -1.729069 4.820682 0.457906
v -1.188624 4.820682 0.457906
v -1.729069 4.820682 0.369176
v -1.188624 4.820682 0.369176
vt 0.242972 0.942908
vt 0.282017 0.942909
vt 0.242972 0.949319
vt 0.282017 0.949319
vt 0.242972 0.955241
vt 0.282017 0.955241
vt 0.242972 0.961651
vt 0.282016 0.961651
vt 0.242972 0.967573
vt 0.282016 0.967573
vt 0.287939 0.942908
vt 0.287938 0.949319
vt 0.237050 0.942908
vt 0.237050 0.949319
vn 0.000000 -1.000000 0.000000
vn 0.000000 -1.000000 0.000000
vn 0.000000 -1.000000 0.000000
vn 0.000000 -1.000000 0.000000
vn 0.000000 0.000000 1.000000
vn 0.000000 0.000000 1.000000
vn 0.000000 0.000000 1.000000
vn 0.000000 0.000000 1.000000
vn 0.000000 1.000000 0.000000
vn 0.000000 1.000000 0.000000
vn 0.000000 1.000000 0.000000
vn 0.000000 1.000000 0.000000
vn 0.000000 0.000000 -1.000000
vn 0.000000 0.000000 -1.000000
vn 0.000000 0.000000 -1.000000
vn 0.000000 0.000000 -1.000000
vn 1.000000 0.000000 0.000000
vn 1.000000 0.000000 0.000000
vn 1.000000 0.000000 0.000000
vn 1.000000 0.000000 0.000000
vn -1.000000 0.000000 0.000000
vn -1.000000 0.000000 0.000000
vn -1.000000 0.000000 0.000000
vn -1.000000 0.000000 0.000000
s off
g fuel_pump_grp stand_ankle_grp stand_ankle_geo1
usemtl aiStandardSurface19SG
f 1735/2467/2752 1736/2468/2753 1738/2470/2754 1737/2469/2755
f 1737/2469/2756 1738/2470/2757 1740/2472/2758 1739/2471/2759
f 1739/2471/2760 1740/2472/2761 1742/2474/2762 1741/2473/2763
f 1741/2473/2764 1742/2474/2765 1736/2476/2766 1735/2475/2767
f 1736/2468/2768 1742/2477/2769 1740/2478/2770 1738/2470/2771
f 1741/2479/2772 1735/2467/2773 1737/2469/2774 1739/2480/2775
g default
v -1.429559 5.041351 0.360563
v -1.402953 4.953117 0.325967
v -1.432420 5.041371 0.328291
v -1.399916 4.953148 0.362731
v -1.397080 4.874120 0.365984
v -1.400366 4.873816 0.322482
v -1.529451 5.041966 0.329404
v -1.530889 4.951822 0.363999
v -1.526589 5.041946 0.361676
v -1.393806 4.810599 0.370538
v -1.213845 4.715343 0.296154
v -1.312840 4.726473 0.305633
v -1.213845 4.715343 0.381014
v -1.312858 4.724613 0.383112
v -1.533925 4.951792 0.327235
v -1.538796 4.861007 0.367484
v -1.397424 4.809996 0.317603
v -1.327377 4.735064 0.382278
v -1.328547 4.734159 0.305758
v -1.340532 4.745957 0.381115
v -1.355021 4.755647 0.308257
v -1.352082 4.758520 0.379237
v -1.314655 4.533016 0.384334
v -1.343001 4.743394 0.306454
v -1.549854 4.784591 0.372363
v -1.542081 4.860703 0.323983
v -1.213845 4.503372 0.381014
v -1.450371 4.596357 0.384110
v -1.474454 4.620569 0.383011
v -1.314638 4.534876 0.306855
v -1.553472 4.783988 0.319429
v -1.213845 4.503372 0.296154
v -1.452937 4.593631 0.308313
v -1.477385 4.617447 0.309486
v -1.464567 4.606329 0.383814
v -1.467386 4.603245 0.308702
v -1.448946 4.995678 0.327403
v -1.439811 4.986544 0.327102
v -1.439811 4.986544 0.362180
v -1.448946 4.995678 0.362012
v -1.460457 5.001544 0.327652
v -1.460457 5.001544 0.361958
v -1.433946 4.975033 0.326779
v -1.433946 4.975033 0.362444
v -1.431925 4.962274 0.326465
v -1.431925 4.962274 0.362779
v -1.171984 4.716153 0.381014
v -1.171984 4.716153 0.296154
v -1.497486 4.995678 0.327903
v -1.485976 5.001544 0.327917
v -1.485976 5.001544 0.362223
v -1.497486 4.995678 0.362505
v -1.433946 4.949514 0.326124
v -1.439811 4.938003 0.325681
v -1.439811 4.938003 0.363729
v -1.433946 4.949514 0.363197
v -1.506621 4.986544 0.327781
v -1.506621 4.986544 0.362841
v -1.448946 4.928868 0.325375
v -1.448946 4.928868 0.364193
v -1.512486 4.975033 0.327565
v -1.512486 4.975033 0.363200
v -1.460457 4.923003 0.325236
v -1.460457 4.923003 0.364543
v -1.512881 4.952005 0.363825
v -1.514507 4.962274 0.363555
v -1.473216 4.920982 0.325277
v -1.473216 4.920982 0.364745
v -1.171984 4.504182 0.381014
v -1.506621 4.938003 0.326358
v -1.512486 4.949514 0.326919
v -1.512486 4.949514 0.363925
v -1.506621 4.938003 0.364348
v -1.485976 4.923003 0.325500
v -1.497486 4.928868 0.325878
v -1.497486 4.928868 0.364629
v -1.485976 4.923003 0.364769
v -1.171984 4.504182 0.296154
v -1.512881 4.952005 0.327032
v -1.514507 4.962274 0.327284
v -1.473216 5.003564 0.327825
v -1.473216 5.003564 0.362024
v -1.433424 4.952809 0.326262
v -1.433424 4.952809 0.363056
vt 0.082380 0.959392
vt 0.091307 0.959392
vt 0.090310 0.969806
vt 0.082159 0.969807
vt 0.082380 0.954988
vt 0.091307 0.954988
vt 0.082247 0.971335
vt 0.090296 0.971458
vt 0.082370 0.972718
vt 0.090223 0.972978
vt 0.090034 0.974243
vt 0.082567 0.973933
vt 0.083482 0.978323
vt 0.089050 0.978703
vt 0.106950 0.947394
vt 0.107299 0.957999
vt 0.099149 0.957997
vt 0.098023 0.947394
vt 0.107275 0.972275
vt 0.099302 0.972545
vt 0.098023 0.942991
vt 0.106950 0.942991
vt 0.107244 0.973768
vt 0.099343 0.974065
vt 0.107160 0.974808
vt 0.099425 0.975117
vt 0.072084 0.955289
vt 0.071967 0.965496
vt 0.068573 0.965195
vt 0.068690 0.954988
vt 0.064297 0.957160
vt 0.064271 0.955949
vt 0.067911 0.955949
vt 0.067906 0.957160
vt 0.064239 0.954988
vt 0.067929 0.954988
vt 0.064315 0.958503
vt 0.067913 0.958503
vt 0.064325 0.959845
vt 0.067933 0.959845
vt 0.064323 0.961056
vt 0.067963 0.961056
vt 0.064310 0.962016
vt 0.067999 0.962016
vt 0.063650 0.955949
vt 0.063665 0.957160
vt 0.059530 0.957160
vt 0.059567 0.955949
vt 0.063661 0.958503
vt 0.059509 0.958503
vt 0.063618 0.954988
vt 0.059616 0.954988
vt 0.063637 0.959845
vt 0.059506 0.959845
vt 0.063598 0.961056
vt 0.059521 0.961056
vt 0.063547 0.962016
vt 0.059551 0.962016
vt 0.096569 0.970044
vt 0.096325 0.979328
vt 0.092930 0.979325
vt 0.092702 0.970047
vt 0.092360 0.961734
vt 0.096936 0.961702
vt 0.091881 0.955052
vt 0.097449 0.954988
vt 0.101190 0.933135
vt 0.100945 0.942615
vt 0.097551 0.942617
vt 0.097322 0.933132
vt 0.101556 0.923582
vt 0.096980 0.923550
vt 0.102070 0.915543
vt 0.096501 0.915480
vt 0.103190 0.898289
vt 0.095455 0.897961
vt 0.055080 0.960095
vt 0.055046 0.958884
vt 0.058797 0.958884
vt 0.058769 0.960095
vt 0.055012 0.957541
vt 0.058833 0.957541
vt 0.054991 0.956546
vt 0.054977 0.956199
vt 0.058876 0.956199
vt 0.058861 0.956546
vt 0.054930 0.954988
vt 0.058933 0.954988
vt 0.054229 0.958886
vt 0.054206 0.960097
vt 0.050518 0.960097
vt 0.050481 0.958886
vt 0.054258 0.957543
vt 0.050443 0.957543
vt 0.054297 0.956201
vt 0.054285 0.956463
vt 0.050415 0.956463
vt 0.050404 0.956201
vt 0.054356 0.954991
vt 0.050360 0.954991
vt 0.081585 0.954988
vt 0.081585 0.977286
vt 0.072658 0.977286
vt 0.072658 0.954988
vt 0.071390 0.930279
vt 0.071045 0.936961
vt 0.056138 0.935582
vt 0.054974 0.927543
vt 0.063036 0.941891
vt 0.061694 0.942103
vt 0.060483 0.942720
vt 0.059522 0.943681
vt 0.058905 0.944892
vt 0.058864 0.945154
vt 0.056970 0.945135
vt 0.070747 0.945274
vt 0.067222 0.945238
vt 0.067167 0.944892
vt 0.066550 0.943681
vt 0.065589 0.942720
vt 0.064378 0.942103
vt 0.075779 0.924801
vt 0.062906 0.910289
vt 0.063036 0.950578
vt 0.064378 0.950365
vt 0.065589 0.949748
vt 0.066550 0.948787
vt 0.067167 0.947576
vt 0.067379 0.946234
vt 0.067629 0.954552
vt 0.057422 0.954615
vt 0.058693 0.946234
vt 0.058905 0.947576
vt 0.059522 0.948787
vt 0.060483 0.949748
vt 0.061694 0.950365
vt 0.076994 0.923479
vt 0.063946 0.908791
vt 0.065439 0.907742
vt 0.078377 0.922333
vt 0.079905 0.921234
vt 0.079716 0.901079
vt 0.090320 0.920258
vt 0.090320 0.897961
vt 0.094724 0.898046
vt 0.094724 0.920344
vt 0.053042 0.935550
vt 0.038135 0.936929
vt 0.037826 0.930216
vt 0.054241 0.927480
vt 0.052185 0.945131
vt 0.049971 0.945154
vt 0.049929 0.944892
vt 0.049312 0.943681
vt 0.048351 0.942720
vt 0.047141 0.942103
vt 0.045798 0.941891
vt 0.044456 0.942103
vt 0.043245 0.942720
vt 0.042284 0.943681
vt 0.041667 0.944892
vt 0.041613 0.945238
vt 0.038407 0.945271
vt 0.033365 0.924498
vt 0.046237 0.909961
vt 0.045798 0.950578
vt 0.047141 0.950365
vt 0.048351 0.949748
vt 0.049312 0.948787
vt 0.049929 0.947576
vt 0.050142 0.946234
vt 0.051714 0.954617
vt 0.041507 0.954554
vt 0.041455 0.946234
vt 0.041667 0.947576
vt 0.042284 0.948787
vt 0.043245 0.949748
vt 0.044456 0.950365
vt 0.032101 0.923209
vt 0.045185 0.908467
vt 0.030580 0.922238
vt 0.043665 0.907455
vt 0.028928 0.921429
vt 0.029117 0.901275
vt 0.018514 0.920258
vt 0.018514 0.897961
vt 0.014111 0.920344
vt 0.014111 0.898046
vn 0.981060 0.176171 -0.080532
vn 0.945092 0.316660 -0.080794
vn 0.945092 0.316660 -0.080794
vn 0.981474 0.173856 -0.080514
vn 0.996303 0.041641 -0.075146
vn 0.996302 0.041693 -0.075121
vn -0.994240 0.070064 0.081102
vn -0.995199 0.048501 0.085011
vn -0.995199 0.048501 0.085011
vn -0.994233 0.070196 0.081078
vn 0.996226 0.048807 -0.071777
vn 0.996226 0.048807 -0.071777
vn 0.066179 0.997776 0.007969
vn 0.064195 0.997907 0.007784
vn 0.161357 0.986844 0.010160
vn 0.162793 0.986608 0.010129
vn -0.016627 0.073288 0.997172
vn 0.005086 0.053090 0.998577
vn 0.004643 0.055343 0.998457
vn -0.015617 0.072961 0.997213
vn 0.550057 0.835001 -0.014528
vn 0.551153 0.834269 -0.015028
vn 0.654309 0.755057 -0.042053
vn 0.655169 0.754304 -0.042179
vn 0.782973 0.619271 -0.058799
vn 0.768517 0.637264 -0.057244
vn 0.768406 0.637398 -0.057232
vn 0.782973 0.619271 -0.058799
vn 0.019489 0.002045 0.999808
vn 0.012276 0.006595 0.999903
vn 0.018417 0.005123 0.999817
vn 0.018080 0.001897 0.999835
vn -0.990381 0.117248 0.073474
vn -0.990327 0.117747 0.073399
vn -0.027070 0.074428 0.996859
vn -0.028742 0.073425 0.996887
vn -0.016978 0.056048 -0.998284
vn -0.016369 0.053682 -0.998424
vn -0.039279 0.063598 -0.997202
vn -0.038320 0.063827 -0.997225
vn -0.005821 0.014686 0.999875
vn -0.007057 0.016231 0.999843
vn -0.035000 0.050874 0.998092
vn -0.034317 0.050039 0.998158
vn -0.073191 -0.003786 -0.997311
vn -0.056940 -0.004498 -0.998367
vn -0.071551 -0.001814 -0.997435
vn -0.065910 -0.001671 -0.997824
vn -0.049285 0.059622 -0.997004
vn -0.050587 0.058262 -0.997019
vn -0.987026 0.144840 0.069295
vn -0.987026 0.144840 0.069295
vn -0.017098 -0.002628 -0.999850
vn -0.015575 -0.004052 -0.999871
vn -0.046899 0.026715 -0.998542
vn -0.046795 0.026609 -0.998550
vn -0.203201 -0.979105 -0.007895
vn -0.358396 -0.933567 0.002200
vn -0.356485 -0.934299 0.001821
vn -0.197606 -0.980251 -0.007697
vn -0.899536 -0.432852 0.058948
vn -0.907537 -0.415771 0.059248
vn -0.907537 -0.415771 0.059248
vn -0.899239 -0.433470 0.058937
vn -0.423242 -0.905877 0.015940
vn -0.423564 -0.905724 0.016020
vn 0.006134 0.999981 0.000058
vn 0.006134 0.999981 0.000058
vn 0.006134 0.999981 0.000058
vn 0.006134 0.999981 0.000058
vn -0.698931 -0.713107 0.054528
vn -0.698369 -0.713658 0.054520
vn -0.590232 -0.807234 0.000000
vn -0.811143 -0.584848 0.000000
vn -0.810703 -0.585458 0.000000
vn -0.589200 -0.807987 0.000000
vn -0.311032 -0.950399 0.000000
vn -0.309427 -0.950923 0.000000
vn -0.952239 -0.305353 0.000000
vn -0.952193 -0.305496 0.000000
vn -0.999993 0.003740 0.000000
vn -0.999991 0.004206 0.000000
vn -0.019361 0.999813 0.000000
vn -0.019361 0.999813 0.000000
vn 0.588910 -0.808199 0.000000
vn 0.309176 -0.951005 0.000000
vn 0.311245 -0.950330 0.000000
vn 0.590430 -0.807089 0.000000
vn -0.949259 0.314495 0.000000
vn -0.806219 0.591617 0.000000
vn -0.805652 0.592390 0.000000
vn -0.949138 0.314862 0.000000
vn 0.810475 -0.585774 0.000000
vn 0.811290 -0.584644 0.000000
vn -0.585333 0.810793 0.000000
vn -0.584166 0.811634 0.000000
vn 0.952065 -0.305895 0.000000
vn 0.952324 -0.305087 0.000000
vn -0.308029 0.951377 0.000000
vn -0.306339 0.951922 0.000000
vn -0.001071 1.000000 0.000000
vn 0.000848 1.000000 0.000000
vn 0.000000 0.000000 1.000000
vn 0.000000 0.000000 1.000000
vn 0.805540 0.592541 0.000000
vn 0.949075 0.315051 0.000000
vn 0.949323 0.314301 0.000000
vn 0.806316 0.591485 0.000000
vn 0.306092 0.952002 0.000000
vn 0.584007 0.811749 0.000000
vn 0.585391 0.810751 0.000000
vn 0.307899 0.951419 0.000000
vn 1.000000 0.000000 0.000000
vn 1.000000 0.000000 0.000000
vn 1.000000 0.000000 0.000000
vn 1.000000 0.000000 0.000000
vn -0.010757 0.023969 -0.999655
vn -0.010757 0.023969 -0.999655
vn -0.010757 0.023969 -0.999655
vn -0.010757 0.023969 -0.999655
vn -0.010757 0.023969 -0.999655
vn -0.010757 0.023969 -0.999655
vn -0.011961 0.033683 -0.999361
vn -0.011922 0.033367 -0.999372
vn -0.010757 0.023969 -0.999655
vn -0.010757 0.023969 -0.999655
vn -0.011982 0.033852 -0.999355
vn -0.011972 0.033772 -0.999358
vn -0.010757 0.023969 -0.999655
vn -0.010757 0.023969 -0.999655
vn -0.010757 0.023969 -0.999655
vn -0.010757 0.023969 -0.999655
vn -0.010757 0.023969 -0.999655
vn 0.000000 0.000000 -1.000000
vn 0.000000 0.000000 -1.000000
vn 0.019361 -0.999813 0.000000
vn 0.019361 -0.999813 0.000000
vn -0.001031 -0.999999 0.000000
vn 0.001031 -1.000000 0.000000
vn 0.007847 0.039036 0.999207
vn 0.007847 0.039036 0.999207
vn 0.007847 0.039036 0.999207
vn 0.007847 0.039036 0.999207
vn 0.007847 0.039036 0.999207
vn 0.008889 0.034373 0.999370
vn 0.008949 0.034105 0.999378
vn 0.008855 0.034525 0.999365
vn 0.008871 0.034452 0.999367
vn 0.007847 0.039036 0.999207
vn 0.007847 0.039036 0.999207
vn 0.007847 0.039036 0.999207
vn 0.007847 0.039036 0.999207
vn -0.012649 0.039238 -0.999150
vn -0.012649 0.039238 -0.999150
vn -0.012649 0.039238 -0.999150
vn -0.012649 0.039238 -0.999150
vn -0.012649 0.039238 -0.999150
vn -0.012649 0.039238 -0.999150
vn -0.012649 0.039238 -0.999150
vn -0.012649 0.039238 -0.999150
vn -0.012649 0.039238 -0.999150
vn -0.987687 0.156441 0.000000
vn -0.987687 0.156441 0.000000
vn 0.999993 0.003737 0.000000
vn 0.999992 0.004115 0.000000
vn 0.987689 0.156432 0.000000
vn 0.987689 0.156432 0.000000
vn 0.010704 0.026250 0.999598
vn 0.010704 0.026250 0.999598
vn 0.010704 0.026250 0.999598
vn 0.010704 0.026250 0.999598
vn 0.010704 0.026250 0.999598
vn 0.010704 0.026250 0.999598
vn 0.010704 0.026250 0.999598
vn 0.010704 0.026250 0.999598
vn 0.010704 0.026250 0.999598
vn 0.010704 0.026250 0.999598
vn 0.010704 0.026250 0.999598
vn 0.010704 0.026250 0.999598
vn 0.010704 0.026250 0.999598
s 1
g fuel_pump_grp stand_ankle_grp stand_ankle_geo2
usemtl aiStandardSurface19SG
f 1744/2539/2776 1745/2540/2777 1743/2541/2778 1746/2542/2779
f 1744/2539/2776 1746/2542/2779 1747/2543/2780 1748/2544/2781
s 2
f 1750/2547/2782 1751/2548/2783 1749/2549/2784 1757/2550/2785
s 1
f 1748/2544/2781 1747/2543/2780 1752/2545/2786 1759/2546/2787
s 3
f 1755/2481/2788 1753/2482/2789 1754/2483/2790 1756/2484/2791
s 4
f 1752/2585/2792 1747/2586/2793 1758/2587/2794 1767/2588/2795
s 3
f 1760/2487/2796 1756/2484/2791 1754/2483/2790 1761/2488/2797
f 1762/2489/2798 1760/2487/2796 1761/2488/2797 1766/2490/2799
f 1752/2493/2800 1764/2492/2801 1763/2491/2802 1759/2494/2803
f 1763/2491/2802 1764/2492/2801 1762/2489/2798 1766/2490/2799
s 4
f 1755/2623/2804 1756/2621/2805 1765/2622/2806 1769/2624/2807
s 2
f 1758/2551/2808 1750/2547/2782 1757/2550/2785 1768/2552/2809
s 4
f 1764/2602/2810 1752/2585/2792 1767/2588/2795 1771/2603/2811
s 6
f 1768/2627/2812 1748/2628/2813 1759/2629/2814 1773/2630/2815
s 4
f 1756/2621/2805 1760/2620/2816 1770/2619/2817 1765/2622/2806
f 1770/2619/2817 1760/2620/2816 1762/2617/2818 1777/2618/2819
f 1762/2617/2818 1764/2602/2810 1771/2603/2811 1777/2618/2819
s 6
f 1772/2664/2820 1754/2663/2821 1753/2665/2822 1774/2666/2823
f 1773/2630/2815 1759/2629/2814 1763/2644/2824 1776/2645/2825
s 2
f 1767/2553/2826 1758/2551/2808 1768/2552/2809 1773/2554/2827
s 6
f 1775/2662/2828 1761/2661/2829 1754/2663/2821 1772/2664/2820
f 1766/2659/2830 1761/2661/2829 1775/2662/2828 1778/2660/2831
f 1776/2645/2825 1763/2644/2824 1766/2659/2830 1778/2660/2831
s 8
f 1769/2495/2832 1765/2496/2833 1772/2497/2834 1774/2498/2835
f 1771/2555/2836 1767/2553/2837 1773/2554/2838 1776/2556/2839
f 1772/2497/2834 1765/2496/2833 1770/2499/2840 1775/2500/2841
s off
f 1745/2507/2842 1749/2508/2843 1751/2509/2844 1743/2510/2845
s 8
f 1775/2500/2841 1770/2499/2840 1777/2503/2846 1778/2504/2847
f 1777/2503/2846 1771/2505/2836 1776/2506/2839 1778/2504/2847
s 10
f 1779/2512/2848 1780/2515/2849 1781/2516/2850 1782/2513/2851
f 1783/2511/2852 1779/2512/2848 1782/2513/2851 1784/2514/2853
f 1780/2557/2849 1785/2558/2854 1786/2559/2855 1781/2560/2850
f 1785/2558/2854 1787/2561/2856 1788/2562/2857 1786/2559/2855
s 3
f 1755/2481/2788 1789/2485/2858 1790/2486/2859 1753/2482/2789
s 10
f 1791/2521/2860 1792/2519/2861 1793/2520/2862 1794/2522/2863
f 1795/2564/2864 1796/2567/2865 1797/2568/2866 1798/2565/2867
f 1799/2523/2868 1791/2521/2860 1794/2522/2863 1800/2524/2869
f 1796/2531/2865 1801/2525/2870 1802/2528/2871 1797/2532/2866
f 1803/2569/2872 1799/2570/2868 1800/2571/2869 1804/2572/2873
f 1801/2525/2870 1805/2526/2874 1806/2527/2875 1802/2528/2871
f 1805/2526/2874 1809/2529/2876 1810/2530/2877 1806/2527/2875
s 4
f 1769/2624/2807 1811/2625/2878 1789/2626/2879 1755/2623/2804
s 10
f 1812/2579/2880 1813/2575/2881 1814/2578/2882 1815/2580/2883
f 1816/2533/2884 1817/2535/2885 1818/2536/2886 1819/2534/2887
s off
f 1820/2581/2888 1790/2582/2889 1789/2583/2890 1811/2584/2891
s 6
f 1823/2646/2892 1792/2647/2893 1791/2648/2894 1799/2649/2895 1803/2650/2896 1822/2651/2897 1821/2632/2898 1757/2631/2899 1749/2652/2900 1745/2653/2901 1744/2643/2902 1825/2642/2903 1787/2654/2904 1785/2655/2905 1780/2656/2906 1779/2657/2907 1783/2658/2908
f 1753/2665/2822 1790/2667/2909 1820/2668/2910 1774/2666/2823
s 8
f 1774/2498/2835 1820/2501/2911 1811/2502/2912 1769/2495/2832
s 10
f 1823/2517/2913 1783/2511/2852 1784/2514/2853 1824/2518/2914
f 1792/2519/2861 1823/2517/2913 1824/2518/2914 1793/2520/2862
s 4
f 1810/2589/2915 1819/2590/2916 1818/2591/2917 1815/2592/2918 1814/2593/2919 1807/2594/2920 1750/2595/2921 1758/2587/2794 1747/2586/2793 1746/2596/2922 1826/2597/2923 1798/2598/2924 1797/2599/2925 1802/2600/2926 1806/2601/2927
s 6
f 1748/2628/2813 1768/2627/2812 1757/2631/2899 1821/2632/2898 1813/2633/2928 1812/2634/2929 1817/2635/2930 1816/2636/2931 1809/2637/2932 1805/2638/2933 1801/2639/2934 1796/2640/2935 1795/2641/2936 1825/2642/2903 1744/2643/2902
s 10
f 1787/2561/2856 1825/2563/2937 1795/2564/2864 1798/2565/2867 1826/2566/2938 1788/2562/2857
f 1822/2573/2939 1803/2569/2872 1804/2572/2873 1808/2574/2940
f 1809/2529/2876 1816/2533/2884 1819/2534/2887 1810/2530/2877
f 1813/2575/2881 1821/2576/2941 1822/2573/2939 1808/2574/2940 1807/2577/2942 1814/2578/2882
f 1817/2535/2885 1812/2537/2880 1815/2538/2883 1818/2536/2886
s 4
f 1824/2604/2943 1784/2605/2944 1782/2606/2945 1781/2607/2946 1786/2608/2947 1788/2609/2948 1826/2597/2923 1746/2596/2922 1743/2610/2949 1751/2611/2950 1750/2595/2921 1807/2594/2920 1808/2612/2951 1804/2613/2952 1800/2614/2953 1794/2615/2954 1793/2616/2955
