# Blender 5.0.0
# www.blender.org
mtllib jar2.mtl
g lit_lit
v 0.115051 10.222219 -0.092042
v 0.115051 11.142632 -0.092042
v 2.858442 10.226072 -0.983424
v 2.896384 10.495451 -2.112798
v 2.135807 10.495451 -2.873374
v 1.177426 10.495451 -3.361694
v 0.115051 10.495451 -3.529958
v -0.947323 10.495451 -3.361694
v -1.905704 10.495451 -2.873374
v -2.666280 10.495451 -2.112798
v -3.154599 10.495451 -1.154416
v -3.322863 10.495451 -0.092042
v -3.154599 10.495451 0.970332
v -2.666280 10.495451 1.928713
v -1.905704 10.495451 2.689289
v -0.947322 10.495451 3.177608
v 0.115051 10.495451 3.345872
v 1.177425 10.495451 3.177608
v 2.135806 10.495451 2.689288
v 2.896382 10.495451 1.928713
v 3.384702 10.495451 0.970332
v 3.552965 10.495451 -0.092042
v 2.448719 11.138779 -1.787551
v 1.810560 11.138779 -2.425710
v 1.006433 11.138779 -2.835432
v 0.115051 11.138779 -2.976613
v -0.776330 11.138779 -2.835433
v -1.580457 11.138779 -2.425709
v -2.218615 11.138779 -1.787550
v -2.628338 11.138779 -0.983424
v -2.769519 11.138779 -0.092042
v -2.628338 11.138779 0.799339
v -2.218615 11.138779 1.603466
v -1.580456 11.138779 2.241624
v -0.776330 11.138779 2.651347
v 0.115051 11.138779 2.792528
v 1.006432 11.138779 2.651347
v 1.810559 11.138779 2.241624
v 2.448717 11.138779 1.603465
v 2.858440 11.138779 0.799339
v 2.999621 11.138779 -0.092042
v 0.115051 10.341112 -3.495218
v -0.910618 10.259718 -3.248728
v -0.936588 10.341112 -3.328655
v -1.835888 10.259718 -2.777280
v -1.885285 10.341112 -2.845269
v -2.570186 10.259718 -2.042981
v -2.638175 10.341112 -2.092379
v -3.041634 10.259718 -1.117711
v -3.121561 10.341112 -1.143681
v -3.204084 10.259718 -0.092042
v -3.288124 10.341112 -0.092042
v -3.041634 10.259718 0.933627
v -3.121561 10.341112 0.959597
v -2.570185 10.259718 1.858896
v -2.638175 10.341112 1.908294
v -1.835887 10.259718 2.593194
v -1.885285 10.341112 2.661184
v -0.910618 10.259718 3.064643
v -0.936588 10.341112 3.144570
v 0.115051 10.259718 3.227093
v 0.115051 10.341112 3.311132
v 1.140720 10.259718 3.064642
v 1.166690 10.341112 3.144569
v 2.065990 10.259718 2.593194
v 2.115387 10.341112 2.661184
v 2.800287 10.259718 1.858896
v 2.868277 10.341112 1.908294
v 3.271736 10.259718 0.933627
v 3.351663 10.341112 0.959597
v 3.434187 10.259718 -0.092042
v 3.518226 10.341112 -0.092042
v 3.393071 10.259718 -0.611230
v 3.271738 11.105133 -1.117712
v 3.434186 11.105133 -0.092042
v 3.373352 10.970072 -1.150728
v 3.541030 10.970072 -0.092042
v 3.351665 11.023739 -1.143681
v 3.518226 11.023739 -0.092042
v 3.072197 11.105133 -1.598783
v 2.800290 11.105133 -2.042982
v 3.147071 11.023739 -1.636933
v 2.868279 11.023739 -2.092379
v 2.886728 10.970072 -2.105783
v 2.461855 11.105133 -2.438846
v 2.065991 11.105133 -2.777280
v 2.521276 11.023739 -2.498267
v 2.115388 11.023739 -2.845270
v 2.128792 10.970072 -2.863718
v 1.621792 11.105133 -3.049187
v 1.140721 11.105133 -3.248729
v 1.659943 11.023739 -3.124062
v 1.166691 11.023739 -3.328655
v 1.173738 10.970072 -3.350343
v 0.634239 11.105133 -3.370063
v 0.115051 11.105133 -3.411179
v 0.647385 11.023739 -3.453062
v 0.115051 11.023739 -3.495219
v 0.115051 10.970072 -3.518022
v -0.404136 11.105133 -3.370063
v -0.910618 11.105133 -3.248728
v -0.417282 11.023739 -3.453062
v -0.936588 11.023739 -3.328655
v -0.943635 10.970072 -3.350343
v -1.391689 11.105133 -3.049187
v -1.835888 11.105133 -2.777279
v -1.429840 11.023739 -3.124061
v -1.885285 11.023739 -2.845269
v -1.898689 10.970072 -2.863718
v -2.231752 11.105133 -2.438846
v -2.570186 11.105133 -2.042981
v -2.291173 11.023739 -2.498266
v -2.638175 11.023739 -2.092379
v -2.656624 10.970072 -2.105783
v -2.842093 11.105133 -1.598782
v -3.041634 11.105133 -1.117711
v -2.916967 11.023739 -1.636933
v -3.121561 11.023739 -1.143681
v -3.143248 10.970072 -1.150728
v -3.162968 11.105133 -0.611229
v -3.204084 11.105133 -0.092042
v -3.245967 11.023739 -0.624375
v -3.288123 11.023739 -0.092042
v -3.310927 10.970072 -0.092042
v -3.162968 11.105133 0.427145
v -3.041634 11.105133 0.933627
v -3.245967 11.023739 0.440291
v -3.121561 11.023739 0.959597
v -3.143248 10.970072 0.966644
v -2.842093 11.105133 1.414698
v -2.570185 11.105133 1.858896
v -2.916967 11.023739 1.452849
v -2.638175 11.023739 1.908294
v -2.656624 10.970072 1.921698
v -2.231751 11.105133 2.254760
v -1.835887 11.105133 2.593194
v -2.291172 11.023739 2.314181
v -1.885285 11.023739 2.661184
v -1.898689 10.970072 2.679633
v -1.391689 11.105133 2.865102
v -0.910618 11.105133 3.064643
v -1.429839 11.023739 2.939976
v -0.936588 11.023739 3.144569
v -0.943634 10.970072 3.166257
v -0.404136 11.105133 3.185977
v 0.115051 11.105133 3.227093
v -0.417282 11.023739 3.268976
v 0.115051 11.023739 3.311133
v 0.115051 10.970072 3.333937
v 0.634239 11.105133 3.185977
v 1.140720 11.105133 3.064643
v 0.647384 11.023739 3.268975
v 1.166690 11.023739 3.144569
v 1.173737 10.970072 3.166257
v 1.621791 11.105133 2.865102
v 2.065990 11.105133 2.593194
v 1.659942 11.023739 2.939976
v 2.115387 11.023739 2.661184
v 2.128791 10.970072 2.679632
v 2.461854 11.105133 2.254760
v 2.800288 11.105133 1.858896
v 2.521275 11.023739 2.314181
v 2.868277 11.023739 1.908294
v 2.886726 10.970072 1.921698
v 3.072195 11.105133 1.414698
v 3.271736 11.105133 0.933627
v 3.147069 11.023739 1.452848
v 3.351663 11.023739 0.959597
v 3.373351 10.970072 0.966644
v 3.393071 11.105133 0.427145
v 3.476069 11.023739 0.440291
v 3.178021 10.495451 -1.652703
v 3.167388 10.970072 -1.647285
v 3.384703 10.495451 -1.154416
v 2.545839 10.495451 -2.522829
v 2.537400 10.970072 -2.514391
v 1.675712 10.495451 -3.155012
v 1.670295 10.970072 -3.144379
v 0.652819 10.495451 -3.487371
v 0.650952 10.970072 -3.475583
v -0.422716 10.495451 -3.487371
v -0.420849 10.970072 -3.475583
v -1.445610 10.495451 -3.155012
v -1.440192 10.970072 -3.144378
v -2.315735 10.495451 -2.522829
v -2.307296 10.970072 -2.514390
v -2.947918 10.495451 -1.652703
v -2.937284 10.970072 -1.647285
v -3.280275 10.495451 -0.629809
v -3.268488 10.970072 -0.627942
v -3.280275 10.495451 0.445725
v -3.268489 10.970072 0.443858
v -2.947918 10.495451 1.468618
v -2.937284 10.970072 1.463201
v -2.315734 10.495451 2.338743
v -2.307296 10.970072 2.330305
v -1.445609 10.495451 2.970926
v -1.440191 10.970072 2.960293
v -0.422716 10.495451 3.303285
v -0.420849 10.970072 3.291498
v 0.652818 10.495451 3.303285
v 0.650951 10.970072 3.291497
v 1.675712 10.495451 2.970926
v 1.670294 10.970072 2.960293
v 2.545837 10.495451 2.338743
v 2.537398 10.970072 2.330304
v 3.178020 10.495451 1.468618
v 3.167387 10.970072 1.463200
v 3.510378 10.495451 0.445725
v 3.498591 10.970072 0.443858
v 3.510379 10.495451 -0.629809
v 2.745239 10.226072 -1.432190
v 2.448719 10.226072 -1.787551
v 2.202381 10.226072 -2.179371
v 1.810560 10.226072 -2.425710
v 1.455199 10.226072 -2.722230
v 1.006433 10.226072 -2.835433
v 0.576835 10.226072 -3.007628
v 0.115051 10.226072 -2.976613
v -0.346732 10.226072 -3.007628
v -0.776330 10.226072 -2.835433
v -1.225096 10.226072 -2.722230
v -1.580457 10.226072 -2.425709
v -1.972277 10.226072 -2.179371
v -2.218615 10.226072 -1.787550
v -2.515135 10.226072 -1.432190
v -2.628338 10.226072 -0.983424
v -2.800533 10.226072 -0.553825
v -2.769519 10.226072 -0.092042
v -2.800533 10.226072 0.369741
v -2.628338 10.226072 0.799339
v -2.515135 10.226072 1.248105
v -2.218615 10.226072 1.603466
v -1.972276 10.226072 1.995286
v -1.580456 10.226072 2.241624
v -1.225096 10.226072 2.538144
v -0.776330 10.226072 2.651347
v -0.346732 10.226072 2.823542
v 0.115051 10.226072 2.792528
v 0.576834 10.226072 2.823542
v 1.006432 10.226072 2.651346
v 1.455198 10.226072 2.538144
v 1.810559 10.226072 2.241624
v 2.202379 10.226072 1.995285
v 2.448717 10.226072 1.603465
v 2.745238 10.226072 1.248105
v 2.858440 10.226072 0.799339
v 3.030636 10.226072 0.369741
v 2.999621 10.226072 -0.092042
v 3.030636 10.226072 -0.553826
v 2.745239 11.138779 -1.432190
v 2.858442 11.138779 -0.983424
v 2.202381 11.138779 -2.179371
v 1.455199 11.138779 -2.722230
v 0.576835 11.138779 -3.007628
v -0.346732 11.138779 -3.007628
v -1.225096 11.138779 -2.722230
v -1.972277 11.138779 -2.179371
v -2.515135 11.138779 -1.432190
v -2.800533 11.138779 -0.553825
v -2.800533 11.138779 0.369741
v -2.515135 11.138779 1.248105
v -1.972276 11.138779 1.995286
v -1.225096 11.138779 2.538144
v -0.346732 11.138779 2.823542
v 0.576834 11.138779 2.823542
v 1.455198 11.138779 2.538144
v 2.202379 11.138779 1.995285
v 2.745238 11.138779 1.248105
v 3.030636 11.138779 0.369741
v 3.030636 11.138779 -0.553826
v 3.271738 10.259718 -1.117712
v 2.800289 10.259718 -2.042982
v 3.351665 10.341112 -1.143681
v 2.868279 10.341112 -2.092379
v 2.065991 10.259718 -2.777280
v 2.115388 10.341112 -2.845270
v 1.140721 10.259718 -3.248728
v 1.166691 10.341112 -3.328655
v 0.115051 10.259718 -3.411179
v 3.072197 10.259718 -1.598783
v 3.147071 10.341112 -1.636933
v 2.461855 10.259718 -2.438846
v 2.521276 10.341112 -2.498267
v 1.621792 10.259718 -3.049187
v 1.659943 10.341112 -3.124062
v 0.634239 10.259718 -3.370063
v 0.647385 10.341112 -3.453062
v -0.404136 10.259718 -3.370063
v -0.417282 10.341112 -3.453062
v -1.391689 10.259718 -3.049187
v -1.429840 10.341112 -3.124061
v -2.231752 10.259718 -2.438846
v -2.291173 10.341112 -2.498266
v -2.842093 10.259718 -1.598782
v -2.916967 10.341112 -1.636933
v -3.162968 10.259718 -0.611229
v -3.245967 10.341112 -0.624375
v -3.162968 10.259718 0.427145
v -3.245967 10.341112 0.440291
v -2.842093 10.259718 1.414698
v -2.916967 10.341112 1.452849
v -2.231751 10.259718 2.254760
v -2.291172 10.341112 2.314181
v -1.391689 10.259718 2.865102
v -1.429839 10.341112 2.939976
v -0.404136 10.259718 3.185977
v -0.417282 10.341112 3.268976
v 0.634239 10.259718 3.185977
v 0.647384 10.341112 3.268975
v 1.621791 10.259718 2.865102
v 1.659942 10.341112 2.939976
v 2.461854 10.259718 2.254760
v 2.521275 10.341112 2.314181
v 3.072195 10.259718 1.414698
v 3.147069 10.341112 1.452848
v 3.393071 10.259718 0.427145
v 3.476069 10.341112 0.440291
v 3.476070 10.341112 -0.624375
v 3.393071 11.105133 -0.611230
v 3.498592 10.970072 -0.627942
v 3.476070 11.023739 -0.624375
vn 0.8904 -0.0357 -0.4537
vn 0.8085 -0.0356 -0.5874
vn 0.8073 0.0647 -0.5865
vn 0.8891 0.0647 -0.4530
vn 0.9505 -0.0356 -0.3088
vn 0.9491 0.0647 -0.3084
vn 0.7067 -0.0357 -0.7067
vn 0.5874 -0.0356 -0.8085
vn 0.5866 0.0647 -0.8073
vn 0.7056 0.0647 -0.7056
vn 0.4537 -0.0357 -0.8904
vn 0.3088 -0.0356 -0.9505
vn 0.3084 0.0647 -0.9491
vn 0.4530 0.0647 -0.8891
vn 0.1563 -0.0357 -0.9871
vn -0.0000 -0.0356 -0.9994
vn -0.0000 0.0647 -0.9979
vn 0.1561 0.0647 -0.9856
vn -0.1563 -0.0357 -0.9871
vn -0.3088 -0.0356 -0.9505
vn -0.3084 0.0647 -0.9491
vn -0.1561 0.0647 -0.9856
vn -0.4537 -0.0357 -0.8904
vn -0.5874 -0.0356 -0.8085
vn -0.5865 0.0647 -0.8073
vn -0.4530 0.0647 -0.8891
vn -0.7067 -0.0357 -0.7067
vn -0.8085 -0.0356 -0.5874
vn -0.8073 0.0647 -0.5866
vn -0.7056 0.0647 -0.7056
vn -0.8904 -0.0357 -0.4537
vn -0.9505 -0.0356 -0.3088
vn -0.9491 0.0647 -0.3084
vn -0.8891 0.0647 -0.4530
vn -0.9871 -0.0357 -0.1563
vn -0.9994 -0.0356 -0.0000
vn -0.9979 0.0647 -0.0000
vn -0.9856 0.0647 -0.1561
vn -0.9871 -0.0357 0.1563
vn -0.9505 -0.0356 0.3088
vn -0.9491 0.0647 0.3084
vn -0.9856 0.0647 0.1561
vn -0.8904 -0.0357 0.4537
vn -0.8085 -0.0356 0.5874
vn -0.8073 0.0647 0.5865
vn -0.8891 0.0647 0.4530
vn -0.7067 -0.0357 0.7067
vn -0.5874 -0.0356 0.8085
vn -0.5866 0.0647 0.8073
vn -0.7056 0.0647 0.7056
vn -0.4537 -0.0357 0.8904
vn -0.3088 -0.0356 0.9505
vn -0.3084 0.0647 0.9491
vn -0.4530 0.0647 0.8891
vn -0.1563 -0.0357 0.9871
vn -0.0000 -0.0356 0.9994
vn -0.0000 0.0647 0.9979
vn -0.1561 0.0647 0.9856
vn 0.1563 -0.0357 0.9871
vn 0.3088 -0.0356 0.9505
vn 0.3084 0.0647 0.9491
vn 0.1561 0.0647 0.9856
vn 0.4537 -0.0357 0.8904
vn 0.5874 -0.0356 0.8085
vn 0.5865 0.0647 0.8073
vn 0.4530 0.0647 0.8891
vn 0.7067 -0.0357 0.7067
vn 0.8085 -0.0356 0.5874
vn 0.8073 0.0647 0.5866
vn 0.7056 0.0647 0.7056
vn 0.8904 -0.0357 0.4537
vn 0.9505 -0.0356 0.3088
vn 0.9491 0.0647 0.3084
vn 0.8891 0.0647 0.4530
vn 0.9871 -0.0357 0.1563
vn 0.9994 -0.0356 -0.0000
vn 0.9979 0.0647 -0.0000
vn 0.9856 0.0647 0.1561
vn 0.9871 -0.0357 -0.1563
vn 0.9856 0.0647 -0.1561
vn -0.0000 -1.0000 -0.0000
vn 0.0090 -0.9999 -0.0066
vn 0.0131 -0.9999 -0.0067
vn 0.0106 -0.9999 -0.0034
vn 0.0066 -0.9999 -0.0090
vn 0.0104 -0.9999 -0.0104
vn 0.0034 -0.9999 -0.0106
vn 0.0067 -0.9999 -0.0131
vn -0.0000 -0.9999 -0.0112
vn 0.0023 -0.9999 -0.0146
vn -0.0034 -0.9999 -0.0106
vn -0.0023 -0.9999 -0.0146
vn -0.0066 -0.9999 -0.0090
vn -0.0067 -0.9999 -0.0131
vn -0.0090 -0.9999 -0.0066
vn -0.0104 -0.9999 -0.0104
vn -0.0106 -0.9999 -0.0034
vn -0.0131 -0.9999 -0.0067
vn -0.0112 -0.9999 -0.0000
vn -0.0146 -0.9999 -0.0023
vn -0.0106 -0.9999 0.0034
vn -0.0146 -0.9999 0.0023
vn -0.0090 -0.9999 0.0066
vn -0.0131 -0.9999 0.0067
vn -0.0066 -0.9999 0.0090
vn -0.0104 -0.9999 0.0104
vn -0.0034 -0.9999 0.0106
vn -0.0067 -0.9999 0.0131
vn -0.0000 -0.9999 0.0112
vn -0.0023 -0.9999 0.0146
vn 0.0034 -0.9999 0.0106
vn 0.0023 -0.9999 0.0146
vn 0.0066 -0.9999 0.0090
vn 0.0067 -0.9999 0.0131
vn 0.0090 -0.9999 0.0066
vn 0.0104 -0.9999 0.0104
vn 0.0106 -0.9999 0.0034
vn 0.0131 -0.9999 0.0067
vn 0.0112 -0.9999 -0.0000
vn 0.0146 -0.9999 0.0023
vn 0.0146 -0.9999 -0.0023
vn -0.0000 1.0000 -0.0000
vn 0.0106 0.9999 -0.0034
vn 0.0131 0.9999 -0.0067
vn 0.0090 0.9999 -0.0066
vn 0.0104 0.9999 -0.0104
vn 0.0066 0.9999 -0.0090
vn 0.0067 0.9999 -0.0131
vn 0.0034 0.9999 -0.0106
vn 0.0023 0.9999 -0.0146
vn -0.0000 0.9999 -0.0112
vn -0.0023 0.9999 -0.0146
vn -0.0034 0.9999 -0.0106
vn -0.0067 0.9999 -0.0131
vn -0.0066 0.9999 -0.0090
vn -0.0104 0.9999 -0.0104
vn -0.0090 0.9999 -0.0066
vn -0.0131 0.9999 -0.0067
vn -0.0106 0.9999 -0.0034
vn -0.0146 0.9999 -0.0023
vn -0.0112 0.9999 -0.0000
vn -0.0146 0.9999 0.0023
vn -0.0106 0.9999 0.0034
vn -0.0131 0.9999 0.0067
vn -0.0090 0.9999 0.0066
vn -0.0104 0.9999 0.0104
vn -0.0066 0.9999 0.0090
vn -0.0067 0.9999 0.0131
vn -0.0034 0.9999 0.0106
vn -0.0023 0.9999 0.0146
vn -0.0000 0.9999 0.0112
vn 0.0023 0.9999 0.0146
vn 0.0034 0.9999 0.0106
vn 0.0067 0.9999 0.0131
vn 0.0066 0.9999 0.0090
vn 0.0104 0.9999 0.0104
vn 0.0090 0.9999 0.0066
vn 0.0131 0.9999 0.0067
vn 0.0106 0.9999 0.0034
vn 0.0146 0.9999 0.0023
vn 0.0112 0.9999 -0.0000
vn 0.0146 0.9999 -0.0023
vn 0.2386 -0.9680 -0.0775
vn 0.2229 -0.9682 -0.1136
vn 0.2030 -0.9680 -0.1475
vn 0.8533 -0.4415 -0.2773
vn 0.7994 -0.4416 -0.4073
vn 0.7259 -0.4415 -0.5274
vn 0.1768 -0.9682 -0.1769
vn 0.1475 -0.9680 -0.2030
vn 0.6344 -0.4416 -0.6344
vn 0.5274 -0.4415 -0.7259
vn 0.1135 -0.9682 -0.2229
vn 0.0775 -0.9680 -0.2386
vn 0.4073 -0.4416 -0.7994
vn 0.2773 -0.4415 -0.8533
vn 0.0391 -0.9682 -0.2471
vn -0.0000 -0.9680 -0.2509
vn 0.1404 -0.4416 -0.8862
vn -0.0000 -0.4415 -0.8972
vn -0.0391 -0.9682 -0.2471
vn -0.0775 -0.9680 -0.2386
vn -0.1404 -0.4416 -0.8862
vn -0.2773 -0.4415 -0.8533
vn -0.1136 -0.9682 -0.2229
vn -0.1475 -0.9680 -0.2030
vn -0.4073 -0.4416 -0.7994
vn -0.5274 -0.4415 -0.7259
vn -0.1769 -0.9682 -0.1768
vn -0.2030 -0.9680 -0.1475
vn -0.6344 -0.4416 -0.6344
vn -0.7259 -0.4415 -0.5274
vn -0.2229 -0.9682 -0.1136
vn -0.2386 -0.9680 -0.0775
vn -0.7994 -0.4416 -0.4073
vn -0.8533 -0.4415 -0.2773
vn -0.2471 -0.9682 -0.0391
vn -0.2509 -0.9680 -0.0000
vn -0.8862 -0.4416 -0.1404
vn -0.8972 -0.4415 -0.0000
vn -0.2471 -0.9682 0.0391
vn -0.2386 -0.9680 0.0775
vn -0.8862 -0.4416 0.1404
vn -0.8533 -0.4415 0.2773
vn -0.2229 -0.9682 0.1136
vn -0.2030 -0.9680 0.1475
vn -0.7994 -0.4416 0.4073
vn -0.7259 -0.4415 0.5274
vn -0.1769 -0.9682 0.1769
vn -0.1475 -0.9680 0.2030
vn -0.6344 -0.4416 0.6344
vn -0.5274 -0.4415 0.7259
vn -0.1136 -0.9682 0.2229
vn -0.0775 -0.9680 0.2386
vn -0.4073 -0.4416 0.7994
vn -0.2773 -0.4415 0.8533
vn -0.0391 -0.9682 0.2470
vn -0.0000 -0.9680 0.2509
vn -0.1404 -0.4416 0.8862
vn -0.0000 -0.4415 0.8972
vn 0.0391 -0.9682 0.2471
vn 0.0775 -0.9680 0.2386
vn 0.1404 -0.4416 0.8862
vn 0.2773 -0.4415 0.8533
vn 0.1136 -0.9682 0.2229
vn 0.1475 -0.9680 0.2030
vn 0.4073 -0.4416 0.7994
vn 0.5274 -0.4415 0.7259
vn 0.1769 -0.9682 0.1769
vn 0.2030 -0.9680 0.1475
vn 0.6344 -0.4416 0.6344
vn 0.7259 -0.4415 0.5274
vn 0.2229 -0.9682 0.1136
vn 0.2386 -0.9680 0.0775
vn 0.7994 -0.4416 0.4073
vn 0.8533 -0.4415 0.2773
vn 0.2471 -0.9682 0.0391
vn 0.2509 -0.9680 -0.0000
vn 0.8862 -0.4416 0.1404
vn 0.8972 -0.4415 -0.0000
vn 0.2471 -0.9682 -0.0391
vn 0.8862 -0.4416 -0.1404
vn 0.2386 0.9680 -0.0775
vn 0.2471 0.9682 -0.0391
vn 0.2509 0.9680 -0.0000
vn 0.7497 0.6153 -0.2436
vn 0.7786 0.6153 -0.1233
vn 0.7883 0.6153 -0.0000
vn 0.2228 0.9682 -0.1135
vn 0.2030 0.9680 -0.1475
vn 0.7024 0.6153 -0.3579
vn 0.6378 0.6153 -0.4634
vn 0.1769 0.9682 -0.1769
vn 0.1475 0.9680 -0.2030
vn 0.5574 0.6153 -0.5574
vn 0.4634 0.6153 -0.6378
vn 0.1136 0.9682 -0.2229
vn 0.0775 0.9680 -0.2386
vn 0.3579 0.6153 -0.7024
vn 0.2436 0.6153 -0.7497
vn 0.0391 0.9682 -0.2470
vn -0.0000 0.9680 -0.2509
vn 0.1233 0.6153 -0.7786
vn -0.0000 0.6153 -0.7883
vn -0.0391 0.9682 -0.2471
vn -0.0775 0.9680 -0.2386
vn -0.1233 0.6153 -0.7786
vn -0.2436 0.6153 -0.7497
vn -0.1136 0.9682 -0.2229
vn -0.1475 0.9680 -0.2030
vn -0.3579 0.6153 -0.7024
vn -0.4634 0.6153 -0.6378
vn -0.1769 0.9682 -0.1769
vn -0.2030 0.9680 -0.1475
vn -0.5574 0.6153 -0.5574
vn -0.6378 0.6153 -0.4634
vn -0.2229 0.9682 -0.1136
vn -0.2386 0.9680 -0.0775
vn -0.7024 0.6153 -0.3579
vn -0.7497 0.6153 -0.2436
vn -0.2471 0.9682 -0.0391
vn -0.2509 0.9680 -0.0000
vn -0.7786 0.6153 -0.1233
vn -0.7883 0.6153 -0.0000
vn -0.2471 0.9682 0.0391
vn -0.2386 0.9680 0.0775
vn -0.7786 0.6153 0.1233
vn -0.7497 0.6153 0.2436
vn -0.2229 0.9682 0.1136
vn -0.2030 0.9680 0.1475
vn -0.7024 0.6153 0.3579
vn -0.6378 0.6153 0.4634
vn -0.1769 0.9682 0.1769
vn -0.1475 0.9680 0.2030
vn -0.5574 0.6153 0.5574
vn -0.4634 0.6153 0.6378
vn -0.1135 0.9682 0.2228
vn -0.0775 0.9680 0.2386
vn -0.3579 0.6153 0.7024
vn -0.2436 0.6153 0.7497
vn -0.0391 0.9682 0.2471
vn -0.0000 0.9680 0.2509
vn -0.1233 0.6153 0.7786
vn -0.0000 0.6153 0.7883
vn 0.0391 0.9682 0.2470
vn 0.0775 0.9680 0.2386
vn 0.1233 0.6153 0.7786
vn 0.2436 0.6153 0.7497
vn 0.1136 0.9682 0.2229
vn 0.1475 0.9680 0.2030
vn 0.3579 0.6153 0.7024
vn 0.4634 0.6153 0.6378
vn 0.1769 0.9682 0.1769
vn 0.2030 0.9680 0.1475
vn 0.5574 0.6153 0.5574
vn 0.6378 0.6153 0.4634
vn 0.2229 0.9682 0.1136
vn 0.2386 0.9680 0.0775
vn 0.7024 0.6153 0.3579
vn 0.7497 0.6153 0.2436
vn 0.2471 0.9682 0.0391
vn 0.7786 0.6153 0.1233
vt 0.400468 0.714151
vt 0.419233 0.713368
vt 0.419890 0.729999
vt 0.401202 0.730781
vt 0.381706 0.715024
vt 0.382518 0.731647
vt 0.438002 0.712671
vt 0.456774 0.712062
vt 0.457276 0.728698
vt 0.438581 0.729307
vt 0.475549 0.711539
vt 0.494325 0.711105
vt 0.494673 0.727744
vt 0.475973 0.728179
vt 0.513104 0.710756
vt 0.531883 0.710496
vt 0.532076 0.727139
vt 0.513373 0.727400
vt 0.550664 0.710322
vt 0.569445 0.710238
vt 0.569484 0.726881
vt 0.550779 0.726968
vt 0.588228 0.710238
vt 0.607009 0.710328
vt 0.606892 0.726971
vt 0.588188 0.726884
vt 0.625790 0.710503
vt 0.644569 0.710767
vt 0.644298 0.727408
vt 0.625595 0.727148
vt 0.663348 0.711117
vt 0.682124 0.711556
vt 0.681699 0.728193
vt 0.662999 0.727759
vt 0.700899 0.712080
vt 0.719670 0.712693
vt 0.719090 0.729326
vt 0.700395 0.728718
vt 0.738440 0.713392
vt 0.757204 0.714180
vt 0.756469 0.730807
vt 0.737781 0.730025
vt 0.775966 0.715053
vt 0.794723 0.716015
vt 0.793833 0.732635
vt 0.775153 0.731679
vt 0.813475 0.717063
vt 0.832222 0.718199
vt 0.831178 0.734810
vt 0.812508 0.733681
vt 0.850964 0.719421
vt 0.869700 0.720732
vt 0.868502 0.737331
vt 0.849843 0.736029
vt 0.888429 0.722129
vt 0.907149 0.723616
vt 0.905808 0.740187
vt 0.887156 0.738722
vt 0.925864 0.725189
vt 0.944595 0.726833
vt 0.943138 0.743329
vt 0.924464 0.741724
vt 0.212997 0.726638
vt 0.231746 0.725153
vt 0.233213 0.741657
vt 0.214450 0.743514
vt 0.963481 0.728371
vt 0.961753 0.745242
vt 0.250504 0.723581
vt 0.269238 0.722089
vt 0.270516 0.738666
vt 0.251869 0.740122
vt 0.287971 0.720688
vt 0.306707 0.719381
vt 0.307828 0.735985
vt 0.289169 0.737287
vt 0.325449 0.718159
vt 0.344197 0.717028
vt 0.345163 0.733643
vt 0.326492 0.734773
vt 0.362949 0.715981
vt 0.363838 0.732603
vt 0.395828 0.868558
vt 0.481612 0.806232
vt 0.492512 0.819295
vt 0.496673 0.835791
vt 0.458154 0.782774
vt 0.472557 0.791829
vt 0.428594 0.767712
vt 0.445091 0.771874
vt 0.395828 0.762523
vt 0.412803 0.761382
vt 0.363061 0.767712
vt 0.378853 0.761382
vt 0.333501 0.782774
vt 0.346564 0.771874
vt 0.310043 0.806232
vt 0.319098 0.791829
vt 0.294982 0.835791
vt 0.299143 0.819295
vt 0.289792 0.868558
vt 0.288652 0.851583
vt 0.294982 0.901325
vt 0.288652 0.885533
vt 0.310043 0.930884
vt 0.299143 0.917821
vt 0.333501 0.954343
vt 0.319098 0.945288
vt 0.363061 0.969404
vt 0.346564 0.965243
vt 0.395828 0.974594
vt 0.378853 0.975734
vt 0.428594 0.969404
vt 0.412803 0.975734
vt 0.458154 0.954343
vt 0.445091 0.965243
vt 0.481612 0.930884
vt 0.472557 0.945288
vt 0.496673 0.901325
vt 0.492512 0.917821
vt 0.501863 0.868558
vt 0.503003 0.885533
vt 0.503003 0.851583
vt 0.135306 0.866109
vt 0.237315 0.898856
vt 0.233169 0.915539
vt 0.222203 0.928776
vt 0.213105 0.943361
vt 0.198584 0.952561
vt 0.185425 0.963621
vt 0.168772 0.967885
vt 0.152839 0.974336
vt 0.135684 0.973245
vt 0.118537 0.974457
vt 0.102558 0.968118
vt 0.085876 0.963972
vt 0.072639 0.953006
vt 0.058054 0.943908
vt 0.048853 0.929388
vt 0.037794 0.916228
vt 0.033530 0.899576
vt 0.027079 0.883642
vt 0.028170 0.866487
vt 0.026957 0.849340
vt 0.033297 0.833362
vt 0.037442 0.816680
vt 0.048409 0.803442
vt 0.057507 0.788857
vt 0.072027 0.779657
vt 0.085186 0.768597
vt 0.101839 0.764334
vt 0.117772 0.757882
vt 0.134927 0.758973
vt 0.152074 0.757761
vt 0.168053 0.764100
vt 0.184735 0.768246
vt 0.197972 0.779212
vt 0.212557 0.788310
vt 0.221758 0.802831
vt 0.232818 0.815990
vt 0.237081 0.832643
vt 0.243533 0.848576
vt 0.242441 0.865731
vt 0.243654 0.882878
vt 0.511866 0.830855
vt 0.504531 0.813171
vt 0.494536 0.796843
vt 0.381438 0.709486
vt 0.400226 0.708611
vt 0.419017 0.707828
vt 0.381238 0.705398
vt 0.400044 0.704522
vt 0.418854 0.703739
vt 0.482095 0.782291
vt 0.467543 0.769850
vt 0.437811 0.707128
vt 0.456609 0.706520
vt 0.437668 0.703038
vt 0.456484 0.702429
vt 0.451215 0.759855
vt 0.433531 0.752520
vt 0.475409 0.705995
vt 0.494211 0.705561
vt 0.475304 0.701903
vt 0.494125 0.701470
vt 0.414913 0.748060
vt 0.395828 0.746548
vt 0.513016 0.705211
vt 0.531821 0.704952
vt 0.512948 0.701119
vt 0.531773 0.700860
vt 0.376743 0.748060
vt 0.358124 0.752520
vt 0.550628 0.704777
vt 0.569435 0.704693
vt 0.550599 0.700684
vt 0.569425 0.700601
vt 0.340440 0.759855
vt 0.324112 0.769850
vt 0.588243 0.704693
vt 0.607050 0.704783
vt 0.588252 0.700600
vt 0.607078 0.700691
vt 0.309560 0.782291
vt 0.297119 0.796843
vt 0.625857 0.704958
vt 0.644662 0.705223
vt 0.625903 0.700865
vt 0.644728 0.701131
vt 0.287124 0.813171
vt 0.279789 0.830855
vt 0.663467 0.705573
vt 0.682269 0.706013
vt 0.663551 0.701480
vt 0.682372 0.701922
vt 0.275329 0.849473
vt 0.273818 0.868558
vt 0.701069 0.706537
vt 0.719866 0.707152
vt 0.701192 0.702446
vt 0.720008 0.703062
vt 0.275329 0.887643
vt 0.279789 0.906261
vt 0.738661 0.707851
vt 0.757452 0.708641
vt 0.738822 0.703761
vt 0.757632 0.704552
vt 0.287124 0.923945
vt 0.297119 0.940274
vt 0.776239 0.709514
vt 0.795022 0.710479
vt 0.776438 0.705426
vt 0.795239 0.706392
vt 0.309560 0.954826
vt 0.324112 0.967266
vt 0.813800 0.711527
vt 0.832573 0.712666
vt 0.814037 0.707441
vt 0.832828 0.708581
vt 0.340440 0.977262
vt 0.358124 0.984597
vt 0.851341 0.713889
vt 0.870101 0.715203
vt 0.851615 0.709805
vt 0.870395 0.711120
vt 0.376743 0.989057
vt 0.395828 0.990568
vt 0.888855 0.716601
vt 0.907597 0.718094
vt 0.889167 0.712520
vt 0.907925 0.714015
vt 0.414913 0.989057
vt 0.433531 0.984597
vt 0.926321 0.719676
vt 0.945012 0.721333
vt 0.926653 0.715601
vt 0.945297 0.717262
vt 0.451215 0.977262
vt 0.467543 0.967266
vt 0.963718 0.722747
vt 0.212717 0.721013
vt 0.231371 0.719640
vt 0.963723 0.718629
vt 0.212707 0.716876
vt 0.231098 0.715555
vt 0.482095 0.954826
vt 0.494536 0.940274
vt 0.250078 0.718062
vt 0.268820 0.716564
vt 0.249762 0.713983
vt 0.268508 0.712483
vt 0.504531 0.923945
vt 0.511866 0.906261
vt 0.287574 0.715158
vt 0.306336 0.713849
vt 0.287279 0.711076
vt 0.306060 0.709766
vt 0.516326 0.887643
vt 0.517838 0.868558
vt 0.325104 0.712625
vt 0.343877 0.711492
vt 0.324846 0.708540
vt 0.343639 0.707407
vt 0.516326 0.849473
vt 0.362656 0.710443
vt 0.362436 0.706356
vt 0.252682 0.903790
vt 0.257122 0.884962
vt 0.258581 0.865674
vt 0.382618 0.733688
vt 0.363947 0.734644
vt 0.345281 0.735682
vt 0.382820 0.737776
vt 0.364169 0.738732
vt 0.345522 0.739769
vt 0.245334 0.921683
vt 0.235294 0.938217
vt 0.401292 0.732823
vt 0.401476 0.736912
vt 0.419971 0.732040
vt 0.420136 0.736130
vt 0.222776 0.952964
vt 0.208117 0.965586
vt 0.438653 0.731349
vt 0.438798 0.735440
vt 0.457338 0.730740
vt 0.457465 0.734832
vt 0.191655 0.975743
vt 0.173814 0.983217
vt 0.476025 0.730222
vt 0.476133 0.734315
vt 0.494715 0.729787
vt 0.494804 0.733880
vt 0.155018 0.987790
vt 0.135741 0.989385
vt 0.513406 0.729443
vt 0.513476 0.733536
vt 0.532100 0.729182
vt 0.532151 0.733275
vt 0.116452 0.987926
vt 0.097625 0.983486
vt 0.550794 0.729011
vt 0.550825 0.733105
vt 0.569489 0.728924
vt 0.569501 0.733018
vt 0.079731 0.976138
vt 0.063198 0.966097
vt 0.588183 0.728927
vt 0.588177 0.733021
vt 0.606878 0.729014
vt 0.606853 0.733107
vt 0.048451 0.953579
vt 0.035829 0.938921
vt 0.625572 0.729191
vt 0.625527 0.733285
vt 0.644265 0.729451
vt 0.644202 0.733544
vt 0.025672 0.922459
vt 0.018198 0.904617
vt 0.662956 0.729802
vt 0.662874 0.733895
vt 0.681646 0.730236
vt 0.681545 0.734328
vt 0.013625 0.885822
vt 0.012030 0.866544
vt 0.700333 0.730761
vt 0.700213 0.734853
vt 0.719019 0.731368
vt 0.718879 0.735460
vt 0.013489 0.847256
vt 0.017929 0.828429
vt 0.737700 0.732067
vt 0.737542 0.736158
vt 0.756379 0.732848
vt 0.756201 0.736938
vt 0.025277 0.810535
vt 0.035318 0.794002
vt 0.775053 0.733720
vt 0.774856 0.737809
vt 0.793724 0.734675
vt 0.793508 0.738763
vt 0.047835 0.779254
vt 0.062494 0.766633
vt 0.812389 0.735721
vt 0.812154 0.739808
vt 0.831050 0.736849
vt 0.830797 0.740935
vt 0.078956 0.756476
vt 0.096797 0.749001
vt 0.849705 0.738068
vt 0.849432 0.742153
vt 0.868355 0.739369
vt 0.868064 0.743452
vt 0.115593 0.744429
vt 0.134870 0.742833
vt 0.887000 0.740759
vt 0.886689 0.744841
vt 0.905643 0.742223
vt 0.905312 0.746302
vt 0.154159 0.744292
vt 0.172986 0.748732
vt 0.924285 0.743756
vt 0.923923 0.747832
vt 0.942920 0.745353
vt 0.942478 0.749423
vt 0.190880 0.756081
vt 0.207413 0.766121
vt 0.961450 0.747292
vt 0.960727 0.751366
vt 0.215480 0.749619
vt 0.214757 0.745563
vt 0.233418 0.743681
vt 0.233841 0.747741
vt 0.222814 0.779969
vt 0.234782 0.793298
vt 0.252040 0.742154
vt 0.252388 0.746229
vt 0.270673 0.740702
vt 0.270992 0.744782
vt 0.244939 0.809760
vt 0.252413 0.827601
vt 0.289316 0.739325
vt 0.289614 0.743407
vt 0.307965 0.738024
vt 0.308244 0.742108
vt 0.256986 0.846396
vt 0.326620 0.736812
vt 0.326880 0.740898
s 1
usemtl initialShadingGroup
f 172/1/1 4/2/2 84/3/3 173/4/4
f 174/5/5 172/1/1 173/4/4 76/6/6
f 175/7/7 5/8/8 89/9/9 176/10/10
f 4/2/2 175/7/7 176/10/10 84/3/3
f 177/11/11 6/12/12 94/13/13 178/14/14
f 5/8/8 177/11/11 178/14/14 89/9/9
f 179/15/15 7/16/16 99/17/17 180/18/18
f 6/12/12 179/15/15 180/18/18 94/13/13
f 181/19/19 8/20/20 104/21/21 182/22/22
f 7/16/16 181/19/19 182/22/22 99/17/17
f 183/23/23 9/24/24 109/25/25 184/26/26
f 8/20/20 183/23/23 184/26/26 104/21/21
f 185/27/27 10/28/28 114/29/29 186/30/30
f 9/24/24 185/27/27 186/30/30 109/25/25
f 187/31/31 11/32/32 119/33/33 188/34/34
f 10/28/28 187/31/31 188/34/34 114/29/29
f 189/35/35 12/36/36 124/37/37 190/38/38
f 11/32/32 189/35/35 190/38/38 119/33/33
f 191/39/39 13/40/40 129/41/41 192/42/42
f 12/36/36 191/39/39 192/42/42 124/37/37
f 193/43/43 14/44/44 134/45/45 194/46/46
f 13/40/40 193/43/43 194/46/46 129/41/41
f 195/47/47 15/48/48 139/49/49 196/50/50
f 14/44/44 195/47/47 196/50/50 134/45/45
f 197/51/51 16/52/52 144/53/53 198/54/54
f 15/48/48 197/51/51 198/54/54 139/49/49
f 199/55/55 17/56/56 149/57/57 200/58/58
f 16/52/52 199/55/55 200/58/58 144/53/53
f 201/59/59 18/60/60 154/61/61 202/62/62
f 17/56/56 201/59/59 202/62/62 149/57/57
f 203/63/63 19/64/64 159/65/65 204/66/66
f 18/60/60 203/67/63 204/68/66 154/61/61
f 205/69/67 20/70/68 164/71/69 206/72/70
f 19/64/64 205/69/67 206/72/70 159/65/65
f 207/73/71 21/74/72 169/75/73 208/76/74
f 20/70/68 207/73/71 208/76/74 164/71/69
f 209/77/75 22/78/76 77/79/77 210/80/78
f 21/74/72 209/77/75 210/80/78 169/75/73
f 211/81/79 174/5/5 76/6/6 321/82/80
f 22/78/76 211/81/79 321/82/80 77/79/77
f 1/83/81 213/84/82 212/85/83 3/86/84
f 1/83/81 215/87/85 214/88/86 213/84/82
f 1/83/81 217/89/87 216/90/88 215/87/85
f 1/83/81 219/91/89 218/92/90 217/89/87
f 1/83/81 221/93/91 220/94/92 219/91/89
f 1/83/81 223/95/93 222/96/94 221/93/91
f 1/83/81 225/97/95 224/98/96 223/95/93
f 1/83/81 227/99/97 226/100/98 225/97/95
f 1/83/81 229/101/99 228/102/100 227/99/97
f 1/83/81 231/103/101 230/104/102 229/101/99
f 1/83/81 233/105/103 232/106/104 231/103/101
f 1/83/81 235/107/105 234/108/106 233/105/103
f 1/83/81 237/109/107 236/110/108 235/107/105
f 1/83/81 239/111/109 238/112/110 237/109/107
f 1/83/81 241/113/111 240/114/112 239/111/109
f 1/83/81 243/115/113 242/116/114 241/113/111
f 1/83/81 245/117/115 244/118/116 243/115/113
f 1/83/81 247/119/117 246/120/118 245/117/115
f 1/83/81 249/121/119 248/122/120 247/119/117
f 1/83/81 3/86/84 250/123/121 249/121/119
f 2/124/122 252/125/123 251/126/124 23/127/125
f 2/124/122 23/127/125 253/128/126 24/129/127
f 2/124/122 24/129/127 254/130/128 25/131/129
f 2/124/122 25/131/129 255/132/130 26/133/131
f 2/124/122 26/133/131 256/134/132 27/135/133
f 2/124/122 27/135/133 257/136/134 28/137/135
f 2/124/122 28/137/135 258/138/136 29/139/137
f 2/124/122 29/139/137 259/140/138 30/141/139
f 2/124/122 30/141/139 260/142/140 31/143/141
f 2/124/122 31/143/141 261/144/142 32/145/143
f 2/124/122 32/145/143 262/146/144 33/147/145
f 2/124/122 33/147/145 263/148/146 34/149/147
f 2/124/122 34/149/147 264/150/148 35/151/149
f 2/124/122 35/151/149 265/152/150 36/153/151
f 2/124/122 36/153/151 266/154/152 37/155/153
f 2/124/122 37/155/153 267/156/154 38/157/155
f 2/124/122 38/157/155 268/158/156 39/159/157
f 2/124/122 39/159/157 269/160/158 40/161/159
f 2/124/122 40/161/159 270/162/160 41/163/161
f 2/124/122 41/163/161 271/164/162 252/125/123
f 272/165/163 3/86/84 212/85/83 281/166/164
f 281/166/164 212/85/83 213/84/82 273/167/165
f 174/5/5 274/168/166 282/169/167 172/1/1
f 172/1/1 282/169/167 275/170/168 4/2/2
f 274/168/166 272/171/163 281/172/164 282/169/167
f 282/169/167 281/172/164 273/173/165 275/170/168
f 273/167/165 213/84/82 214/88/86 283/174/169
f 283/174/169 214/88/86 215/87/85 276/175/170
f 4/2/2 275/170/168 284/176/171 175/7/7
f 175/7/7 284/176/171 277/177/172 5/8/8
f 275/170/168 273/173/165 283/178/169 284/176/171
f 284/176/171 283/178/169 276/179/170 277/177/172
f 276/175/170 215/87/85 216/90/88 285/180/173
f 285/180/173 216/90/88 217/89/87 278/181/174
f 5/8/8 277/177/172 286/182/175 177/11/11
f 177/11/11 286/182/175 279/183/176 6/12/12
f 277/177/172 276/179/170 285/184/173 286/182/175
f 286/182/175 285/184/173 278/185/174 279/183/176
f 278/181/174 217/89/87 218/92/90 287/186/177
f 287/186/177 218/92/90 219/91/89 280/187/178
f 6/12/12 279/183/176 288/188/179 179/15/15
f 179/15/15 288/188/179 42/189/180 7/16/16
f 279/183/176 278/185/174 287/190/177 288/188/179
f 288/188/179 287/190/177 280/191/178 42/189/180
f 280/187/178 219/91/89 220/94/92 289/192/181
f 289/192/181 220/94/92 221/93/91 43/193/182
f 7/16/16 42/189/180 290/194/183 181/19/19
f 181/19/19 290/194/183 44/195/184 8/20/20
f 42/189/180 280/191/178 289/196/181 290/194/183
f 290/194/183 289/196/181 43/197/182 44/195/184
f 43/193/182 221/93/91 222/96/94 291/198/185
f 291/198/185 222/96/94 223/95/93 45/199/186
f 8/20/20 44/195/184 292/200/187 183/23/23
f 183/23/23 292/200/187 46/201/188 9/24/24
f 44/195/184 43/197/182 291/202/185 292/200/187
f 292/200/187 291/202/185 45/203/186 46/201/188
f 45/199/186 223/95/93 224/98/96 293/204/189
f 293/204/189 224/98/96 225/97/95 47/205/190
f 9/24/24 46/201/188 294/206/191 185/27/27
f 185/27/27 294/206/191 48/207/192 10/28/28
f 46/201/188 45/203/186 293/208/189 294/206/191
f 294/206/191 293/208/189 47/209/190 48/207/192
f 47/205/190 225/97/95 226/100/98 295/210/193
f 295/210/193 226/100/98 227/99/97 49/211/194
f 10/28/28 48/207/192 296/212/195 187/31/31
f 187/31/31 296/212/195 50/213/196 11/32/32
f 48/207/192 47/209/190 295/214/193 296/212/195
f 296/212/195 295/214/193 49/215/194 50/213/196
f 49/211/194 227/99/97 228/102/100 297/216/197
f 297/216/197 228/102/100 229/101/99 51/217/198
f 11/32/32 50/213/196 298/218/199 189/35/35
f 189/35/35 298/218/199 52/219/200 12/36/36
f 50/213/196 49/215/194 297/220/197 298/218/199
f 298/218/199 297/220/197 51/221/198 52/219/200
f 51/217/198 229/101/99 230/104/102 299/222/201
f 299/222/201 230/104/102 231/103/101 53/223/202
f 12/36/36 52/219/200 300/224/203 191/39/39
f 191/39/39 300/224/203 54/225/204 13/40/40
f 52/219/200 51/221/198 299/226/201 300/224/203
f 300/224/203 299/226/201 53/227/202 54/225/204
f 53/223/202 231/103/101 232/106/104 301/228/205
f 301/228/205 232/106/104 233/105/103 55/229/206
f 13/40/40 54/225/204 302/230/207 193/43/43
f 193/43/43 302/230/207 56/231/208 14/44/44
f 54/225/204 53/227/202 301/232/205 302/230/207
f 302/230/207 301/232/205 55/233/206 56/231/208
f 55/229/206 233/105/103 234/108/106 303/234/209
f 303/234/209 234/108/106 235/107/105 57/235/210
f 14/44/44 56/231/208 304/236/211 195/47/47
f 195/47/47 304/236/211 58/237/212 15/48/48
f 56/231/208 55/233/206 303/238/209 304/236/211
f 304/236/211 303/238/209 57/239/210 58/237/212
f 57/235/210 235/107/105 236/110/108 305/240/213
f 305/240/213 236/110/108 237/109/107 59/241/214
f 15/48/48 58/237/212 306/242/215 197/51/51
f 197/51/51 306/242/215 60/243/216 16/52/52
f 58/237/212 57/239/210 305/244/213 306/242/215
f 306/242/215 305/244/213 59/245/214 60/243/216
f 59/241/214 237/109/107 238/112/110 307/246/217
f 307/246/217 238/112/110 239/111/109 61/247/218
f 16/52/52 60/243/216 308/248/219 199/55/55
f 199/55/55 308/248/219 62/249/220 17/56/56
f 60/243/216 59/245/214 307/250/217 308/248/219
f 308/248/219 307/250/217 61/251/218 62/249/220
f 61/247/218 239/111/109 240/114/112 309/252/221
f 309/252/221 240/114/112 241/113/111 63/253/222
f 17/56/56 62/249/220 310/254/223 201/59/59
f 201/59/59 310/254/223 64/255/224 18/60/60
f 62/249/220 61/251/218 309/256/221 310/254/223
f 310/254/223 309/256/221 63/257/222 64/255/224
f 63/253/222 241/113/111 242/116/114 311/258/225
f 311/258/225 242/116/114 243/115/113 65/259/226
f 18/60/60 64/255/224 312/260/227 203/67/63
f 203/63/63 312/261/227 66/262/228 19/64/64
f 64/255/224 63/257/222 311/263/225 312/260/227
f 312/261/227 311/264/225 65/265/226 66/262/228
f 65/259/226 243/115/113 244/118/116 313/266/229
f 313/266/229 244/118/116 245/117/115 67/267/230
f 19/64/64 66/262/228 314/268/231 205/69/67
f 205/69/67 314/268/231 68/269/232 20/70/68
f 66/262/228 65/265/226 313/270/229 314/268/231
f 314/268/231 313/270/229 67/271/230 68/269/232
f 67/267/230 245/117/115 246/120/118 315/272/233
f 315/272/233 246/120/118 247/119/117 69/273/234
f 20/70/68 68/269/232 316/274/235 207/73/71
f 207/73/71 316/274/235 70/275/236 21/74/72
f 68/269/232 67/271/230 315/276/233 316/274/235
f 316/274/235 315/276/233 69/277/234 70/275/236
f 69/273/234 247/119/117 248/122/120 317/278/237
f 317/278/237 248/122/120 249/121/119 71/279/238
f 21/74/72 70/275/236 318/280/239 209/77/75
f 209/77/75 318/280/239 72/281/240 22/78/76
f 70/275/236 69/277/234 317/282/237 318/280/239
f 318/280/239 317/282/237 71/283/238 72/281/240
f 3/86/84 272/165/163 73/284/241 250/123/121
f 250/123/121 73/284/241 71/279/238 249/121/119
f 272/171/163 274/168/166 319/285/242 73/286/241
f 73/286/241 319/285/242 72/281/240 71/283/238
f 274/168/166 174/5/5 211/81/79 319/285/242
f 319/285/242 211/81/79 22/78/76 72/281/240
f 74/287/243 252/125/123 271/164/162 320/288/244
f 320/288/244 271/164/162 41/163/161 75/289/245
f 76/6/6 78/290/246 322/291/247 321/82/80
f 321/82/80 322/291/247 79/292/248 77/79/77
f 78/290/246 74/293/243 320/294/244 322/291/247
f 322/291/247 320/294/244 75/295/245 79/292/248
f 252/125/123 74/287/243 80/296/249 251/126/124
f 251/126/124 80/296/249 81/297/250 23/127/125
f 74/293/243 78/290/246 82/298/251 80/299/249
f 80/299/249 82/298/251 83/300/252 81/301/250
f 78/290/246 76/6/6 173/4/4 82/298/251
f 82/298/251 173/4/4 84/3/3 83/300/252
f 23/127/125 81/297/250 85/302/253 253/128/126
f 253/128/126 85/302/253 86/303/254 24/129/127
f 81/301/250 83/300/252 87/304/255 85/305/253
f 85/305/253 87/304/255 88/306/256 86/307/254
f 83/300/252 84/3/3 176/10/10 87/304/255
f 87/304/255 176/10/10 89/9/9 88/306/256
f 24/129/127 86/303/254 90/308/257 254/130/128
f 254/130/128 90/308/257 91/309/258 25/131/129
f 86/307/254 88/306/256 92/310/259 90/311/257
f 90/311/257 92/310/259 93/312/260 91/313/258
f 88/306/256 89/9/9 178/14/14 92/310/259
f 92/310/259 178/14/14 94/13/13 93/312/260
f 25/131/129 91/309/258 95/314/261 255/132/130
f 255/132/130 95/314/261 96/315/262 26/133/131
f 91/313/258 93/312/260 97/316/263 95/317/261
f 95/317/261 97/316/263 98/318/264 96/319/262
f 93/312/260 94/13/13 180/18/18 97/316/263
f 97/316/263 180/18/18 99/17/17 98/318/264
f 26/133/131 96/315/262 100/320/265 256/134/132
f 256/134/132 100/320/265 101/321/266 27/135/133
f 96/319/262 98/318/264 102/322/267 100/323/265
f 100/323/265 102/322/267 103/324/268 101/325/266
f 98/318/264 99/17/17 182/22/22 102/322/267
f 102/322/267 182/22/22 104/21/21 103/324/268
f 27/135/133 101/321/266 105/326/269 257/136/134
f 257/136/134 105/326/269 106/327/270 28/137/135
f 101/325/266 103/324/268 107/328/271 105/329/269
f 105/329/269 107/328/271 108/330/272 106/331/270
f 103/324/268 104/21/21 184/26/26 107/328/271
f 107/328/271 184/26/26 109/25/25 108/330/272
f 28/137/135 106/327/270 110/332/273 258/138/136
f 258/138/136 110/332/273 111/333/274 29/139/137
f 106/331/270 108/330/272 112/334/275 110/335/273
f 110/335/273 112/334/275 113/336/276 111/337/274
f 108/330/272 109/25/25 186/30/30 112/334/275
f 112/334/275 186/30/30 114/29/29 113/336/276
f 29/139/137 111/333/274 115/338/277 259/140/138
f 259/140/138 115/338/277 116/339/278 30/141/139
f 111/337/274 113/336/276 117/340/279 115/341/277
f 115/341/277 117/340/279 118/342/280 116/343/278
f 113/336/276 114/29/29 188/34/34 117/340/279
f 117/340/279 188/34/34 119/33/33 118/342/280
f 30/141/139 116/339/278 120/344/281 260/142/140
f 260/142/140 120/344/281 121/345/282 31/143/141
f 116/343/278 118/342/280 122/346/283 120/347/281
f 120/347/281 122/346/283 123/348/284 121/349/282
f 118/342/280 119/33/33 190/38/38 122/346/283
f 122/346/283 190/38/38 124/37/37 123/348/284
f 31/143/141 121/345/282 125/350/285 261/144/142
f 261/144/142 125/350/285 126/351/286 32/145/143
f 121/349/282 123/348/284 127/352/287 125/353/285
f 125/353/285 127/352/287 128/354/288 126/355/286
f 123/348/284 124/37/37 192/42/42 127/352/287
f 127/352/287 192/42/42 129/41/41 128/354/288
f 32/145/143 126/351/286 130/356/289 262/146/144
f 262/146/144 130/356/289 131/357/290 33/147/145
f 126/355/286 128/354/288 132/358/291 130/359/289
f 130/359/289 132/358/291 133/360/292 131/361/290
f 128/354/288 129/41/41 194/46/46 132/358/291
f 132/358/291 194/46/46 134/45/45 133/360/292
f 33/147/145 131/357/290 135/362/293 263/148/146
f 263/148/146 135/362/293 136/363/294 34/149/147
f 131/361/290 133/360/292 137/364/295 135/365/293
f 135/365/293 137/364/295 138/366/296 136/367/294
f 133/360/292 134/45/45 196/50/50 137/364/295
f 137/364/295 196/50/50 139/49/49 138/366/296
f 34/149/147 136/363/294 140/368/297 264/150/148
f 264/150/148 140/368/297 141/369/298 35/151/149
f 136/367/294 138/366/296 142/370/299 140/371/297
f 140/371/297 142/370/299 143/372/300 141/373/298
f 138/366/296 139/49/49 198/54/54 142/370/299
f 142/370/299 198/54/54 144/53/53 143/372/300
f 35/151/149 141/369/298 145/374/301 265/152/150
f 265/152/150 145/374/301 146/375/302 36/153/151
f 141/373/298 143/372/300 147/376/303 145/377/301
f 145/377/301 147/376/303 148/378/304 146/379/302
f 143/372/300 144/53/53 200/58/58 147/376/303
f 147/376/303 200/58/58 149/57/57 148/378/304
f 36/153/151 146/375/302 150/380/305 266/154/152
f 266/154/152 150/380/305 151/381/306 37/155/153
f 146/379/302 148/378/304 152/382/307 150/383/305
f 150/383/305 152/382/307 153/384/308 151/385/306
f 148/378/304 149/57/57 202/62/62 152/382/307
f 152/382/307 202/62/62 154/61/61 153/384/308
f 37/155/153 151/381/306 155/386/309 267/156/154
f 267/156/154 155/386/309 156/387/310 38/157/155
f 151/385/306 153/384/308 157/388/311 155/389/309
f 155/390/309 157/391/311 158/392/312 156/393/310
f 153/384/308 154/61/61 204/68/66 157/388/311
f 157/391/311 204/66/66 159/65/65 158/392/312
f 38/157/155 156/387/310 160/394/313 268/158/156
f 268/158/156 160/394/313 161/395/314 39/159/157
f 156/393/310 158/392/312 162/396/315 160/397/313
f 160/397/313 162/396/315 163/398/316 161/399/314
f 158/392/312 159/65/65 206/72/70 162/396/315
f 162/396/315 206/72/70 164/71/69 163/398/316
f 39/159/157 161/395/314 165/400/317 269/160/158
f 269/160/158 165/400/317 166/401/318 40/161/159
f 161/399/314 163/398/316 167/402/319 165/403/317
f 165/403/317 167/402/319 168/404/320 166/405/318
f 163/398/316 164/71/69 208/76/74 167/402/319
f 167/402/319 208/76/74 169/75/73 168/404/320
f 40/161/159 166/401/318 170/406/321 270/162/160
f 270/162/160 170/406/321 75/289/245 41/163/161
f 166/405/318 168/404/320 171/407/322 170/408/321
f 170/408/321 171/407/322 79/292/248 75/295/245
f 168/404/320 169/75/73 210/80/78 171/407/322
f 171/407/322 210/80/78 77/79/77 79/292/248
g glass_jar_glass_jar
v 0.113151 -0.000000 -0.101879
v 3.197661 9.743975 -1.104098
v 2.376758 9.649926 -1.746486
v 1.757758 9.649926 -2.365487
v 0.977772 9.649926 -2.762909
v 0.113151 9.649926 -2.899851
v -0.751469 9.649926 -2.762909
v -1.531455 9.649926 -2.365486
v -2.150454 9.649926 -1.746486
v -2.547877 9.649926 -0.966501
v -2.684819 9.649926 -0.101880
v -2.547876 9.649926 0.762740
v -2.150454 9.649926 1.542725
v -1.531455 9.649926 2.161725
v -0.751469 9.649926 2.559147
v 0.113151 9.649926 2.696089
v 0.977771 9.649926 2.559147
v 1.757756 9.649926 2.161724
v 2.376756 9.649926 1.542725
v 2.774178 9.649926 0.762740
v 2.911121 9.649926 -0.101880
v 2.437113 0.523086 -1.790336
v 4.069728 0.274474 -1.387449
v 3.641678 0.034100 -1.248368
v 3.693991 1.773970 -2.703511
v 3.478817 0.274474 -2.547178
v 2.714784 1.773970 -3.682718
v 2.558450 0.274474 -3.467544
v 1.480910 1.773970 -4.311408
v 1.398721 0.274474 -4.058455
v 0.113151 1.773970 -4.528039
v 0.113151 0.274474 -4.262070
v -1.254607 1.773970 -4.311407
v -1.172418 0.274474 -4.058455
v -2.488480 1.773970 -3.682717
v -2.332147 0.274474 -3.467544
v -3.467687 1.773970 -2.703510
v -3.252513 0.274474 -2.547178
v -4.096375 1.773970 -1.469637
v -3.843424 0.274474 -1.387448
v -4.313007 1.773970 -0.101879
v -4.047038 0.274474 -0.101879
v -4.096376 1.773970 1.265879
v -3.843424 0.274474 1.183690
v -3.467686 1.773970 2.499752
v -3.252512 0.274474 2.343419
v -2.488480 1.773970 3.478958
v -2.332147 0.274474 3.263784
v -1.254607 1.773970 4.107648
v -1.172418 0.274474 3.854696
v 0.113151 1.773970 4.324278
v 0.113151 0.274474 4.058311
v 1.480909 1.773970 4.107647
v 1.398720 0.274474 3.854696
v 2.714782 1.773970 3.478958
v 2.558449 0.274474 3.263784
v 3.693988 1.773970 2.499751
v 3.478814 0.274474 2.343418
v 4.322678 1.773970 1.265879
v 4.069726 0.274474 1.183690
v 4.539309 1.773970 -0.101879
v 4.273340 0.274474 -0.101879
v 3.754967 2.223085 -1.285177
v 3.502015 0.789035 -1.202988
v 2.845133 0.523086 -0.989554
v 3.211064 2.223085 -2.352645
v 2.995891 0.789035 -2.196312
v 2.363917 2.223085 -3.199792
v 2.207584 0.789035 -2.984618
v 1.801608 0.523086 -2.425841
v 1.296449 2.223085 -3.743695
v 1.214260 0.789035 -3.490743
v 1.000826 0.523086 -2.833861
v 0.113151 2.223085 -3.931109
v 0.113151 0.789035 -3.665140
v 0.113151 0.523086 -2.974453
v -1.070146 2.223085 -3.743695
v -0.987957 0.789035 -3.490743
v -0.774523 0.523086 -2.833860
v -2.137614 2.223085 -3.199791
v -1.981281 0.789035 -2.984617
v -1.575305 0.523086 -2.425840
v -2.984760 2.223085 -2.352644
v -2.769587 0.789035 -2.196311
v -2.210809 0.523086 -1.790336
v -3.528663 2.223085 -1.285176
v -3.275711 0.789035 -1.202987
v -2.618829 0.523086 -0.989553
v -3.716077 2.223085 -0.101879
v -3.450109 0.789035 -0.101879
v -2.759422 0.523086 -0.101879
v -3.528663 2.223085 1.081418
v -3.275711 0.789035 0.999229
v -2.618829 0.523086 0.785795
v -2.984759 2.223085 2.148885
v -2.769586 0.789035 1.992553
v -2.210809 0.523086 1.586577
v -2.137614 2.223085 2.996032
v -1.981281 0.789035 2.780858
v -1.575305 0.523086 2.222081
v -1.070146 2.223085 3.539935
v -0.987957 0.789035 3.286983
v -0.774523 0.523086 2.630100
v 0.113151 2.223085 3.727349
v 0.113151 0.789035 3.461380
v 0.113151 0.523086 2.770694
v 1.296448 2.223085 3.539935
v 1.214259 0.789035 3.286983
v 1.000825 0.523086 2.630100
v 2.363915 2.223085 2.996031
v 2.207582 0.789035 2.780858
v 1.801607 0.523086 2.222080
v 3.211061 2.223085 2.148885
v 2.995888 0.789035 1.992552
v 2.437111 0.523086 1.586576
v 3.754965 2.223085 1.081418
v 3.502013 0.789035 0.999229
v 2.845130 0.523086 0.785794
v 3.942380 2.223085 -0.101879
v 3.676411 0.789035 -0.101880
v 2.985724 0.523086 -0.101880
v 4.254306 8.650041 -1.447423
v 4.299867 8.459114 -1.462226
v 3.635827 8.650040 -2.661254
v 3.674584 8.459114 -2.689413
v 2.672525 8.650040 -3.624556
v 2.700684 8.459114 -3.663313
v 1.458694 8.650040 -4.243033
v 1.473498 8.459114 -4.288594
v 0.113151 8.650040 -4.456145
v 0.113151 8.459114 -4.504052
v -1.232391 8.650040 -4.243032
v -1.247195 8.459114 -4.288594
v -2.446222 8.650040 -3.624555
v -2.474380 8.459114 -3.663312
v -3.409523 8.650040 -2.661253
v -3.448281 8.459114 -2.689412
v -4.028001 8.650040 -1.447422
v -4.073562 8.459114 -1.462226
v -4.241114 8.650040 -0.101880
v -4.289020 8.459114 -0.101880
v -4.028000 8.650040 1.243662
v -4.073562 8.459114 1.258466
v -3.409523 8.650040 2.457493
v -3.448280 8.459114 2.485651
v -2.446222 8.650040 3.420794
v -2.474380 8.459114 3.459551
v -1.232391 8.650040 4.039272
v -1.247194 8.459114 4.084835
v 0.113151 8.650040 4.252386
v 0.113151 8.459114 4.300292
v 1.458693 8.650040 4.039272
v 1.473497 8.459114 4.084834
v 2.672523 8.650040 3.420794
v 2.700682 8.459114 3.459551
v 3.635825 8.650040 2.457493
v 3.674582 8.459114 2.485651
v 4.254303 8.650040 1.243662
v 4.299864 8.459114 1.258465
v 4.467416 8.650040 -0.101880
v 4.515322 8.459114 -0.101880
v 3.684909 8.641190 -1.262415
v 3.755172 7.447619 -1.285244
v 3.151468 8.641190 -2.309347
v 3.211238 7.447619 -2.352772
v 2.320618 8.641190 -3.140197
v 2.364043 7.447618 -3.199965
v 1.273685 8.641190 -3.673638
v 1.296515 7.447618 -3.743900
v 0.113151 8.641190 -3.857446
v 0.113151 7.447618 -3.931324
v -1.047383 8.641190 -3.673637
v -1.070213 7.447618 -3.743900
v -2.094315 8.641190 -3.140196
v -2.137740 7.447618 -3.199965
v -2.925164 8.641190 -2.309346
v -2.984934 7.447619 -2.352772
v -3.458605 8.641190 -1.262414
v -3.528867 7.447619 -1.285244
v -3.642414 8.641190 -0.101880
v -3.716292 7.447619 -0.101880
v -3.458604 8.641190 1.058654
v -3.528867 7.447619 1.081484
v -2.925164 8.641190 2.105586
v -2.984933 7.447619 2.149012
v -2.094315 8.641190 2.936435
v -2.137740 7.447619 2.996205
v -1.047383 8.641190 3.469876
v -1.070212 7.447619 3.540138
v 0.113151 8.641190 3.653684
v 0.113151 7.447619 3.727564
v 1.273685 8.641190 3.469875
v 1.296515 7.447619 3.540138
v 2.320617 8.641190 2.936434
v 2.364042 7.447619 2.996205
v 3.151466 8.641190 2.105586
v 3.211235 7.447619 2.149010
v 3.684906 8.641190 1.058653
v 3.755169 7.447619 1.081483
v 3.868715 8.641190 -0.101880
v 3.942594 7.447619 -0.101880
v 0.113151 1.239078 -3.905532
v 0.712129 2.223085 -3.883676
v -0.444223 0.789035 -3.621001
v -1.062243 1.239078 -3.719369
v -0.485827 2.223085 -3.883675
v -1.504412 0.789035 -3.276525
v -2.122580 1.239078 -3.179098
v -1.625150 2.223085 -3.513487
v -2.406261 0.789035 -2.621291
v -2.964068 1.239078 -2.337610
v -2.594315 2.223085 -2.809346
v -3.061493 0.789035 -1.719442
v -3.504338 1.239078 -1.277273
v -3.298456 2.223085 -1.840180
v -3.405969 0.789035 -0.659253
v -3.690501 1.239078 -0.101879
v -3.668644 2.223085 -0.700857
v -3.405969 0.789035 0.455495
v -3.504338 1.239078 1.073514
v -3.668644 2.223085 0.497099
v -3.061493 0.789035 1.515683
v -2.964067 1.239078 2.133852
v -3.298455 2.223085 1.636422
v -2.406260 0.789035 2.417532
v -2.122580 1.239078 2.975339
v -2.594315 2.223085 2.605587
v -1.504411 0.789035 3.072765
v -1.062242 1.239078 3.515610
v -1.625150 2.223085 3.309727
v -0.444223 0.789035 3.417241
v 0.113151 1.239078 3.701772
v -0.485826 2.223085 3.679916
v 0.670525 0.789035 3.417241
v 1.288544 1.239078 3.515610
v 0.712129 2.223085 3.679916
v 1.730713 0.789035 3.072765
v 2.348882 1.239078 2.975339
v 1.851452 2.223085 3.309727
v 2.632562 0.789035 2.417532
v 3.190369 1.239078 2.133851
v 2.820617 2.223085 2.605586
v 3.287795 0.789035 1.515683
v 3.730639 1.239078 1.073514
v 3.524757 2.223085 1.636421
v 3.632271 0.789035 0.455495
v 3.894946 2.223085 0.497098
v 2.736992 9.743975 -2.008212
v 2.019483 9.743975 -2.725721
v 1.115369 9.743975 -3.186390
v 0.113151 9.743975 -3.345126
v -0.889067 9.743975 -3.186390
v -1.793181 9.743975 -2.725721
v -2.510689 9.743975 -2.008212
v -2.971357 9.743975 -1.104098
v -3.130094 9.743975 -0.101880
v -2.971357 9.743975 0.900338
v -2.510689 9.743975 1.804451
v -1.793180 9.743975 2.521960
v -0.889067 9.743975 2.982628
v 0.113151 9.743975 3.141364
v 1.115369 9.743975 2.982628
v 2.019482 9.743975 2.521959
v 2.736991 9.743975 1.804451
v 3.197659 9.743975 0.900337
v 3.356395 9.743975 -0.101880
v 4.099240 9.141375 -0.733215
v 3.170150 9.128994 -1.659499
v 2.774180 9.649926 -0.966501
v 2.539198 9.128994 -2.527927
v 1.670769 9.128994 -3.158878
v 0.649870 9.128994 -3.490588
v -0.423567 9.128994 -3.490588
v -1.444467 9.128994 -3.158877
v -2.312895 9.128994 -2.527926
v -2.943845 9.128994 -1.659498
v -3.275555 9.128994 -0.638599
v -3.275555 9.128994 0.434838
v -2.943845 9.128994 1.455737
v -2.312895 9.128994 2.324165
v -1.444467 9.128994 2.955116
v -0.423567 9.128994 3.286826
v 0.649870 9.128994 3.286826
v 1.670768 9.128994 2.955116
v 2.539196 9.128994 2.324165
v 3.170147 9.128994 1.455737
v 3.501857 9.128994 0.434838
v 4.035215 8.459114 -2.100272
v 4.322680 1.773970 -1.469638
v 3.225719 8.459114 -3.214448
v 2.111543 8.459114 -4.023943
v 0.801750 8.459114 -4.449521
v -0.575447 8.459114 -4.449521
v -1.885240 8.459114 -4.023942
v -2.999415 8.459114 -3.214447
v -3.808911 8.459114 -2.100271
v -4.234488 8.459114 -0.790479
v -4.234488 8.459114 0.586719
v -3.808911 8.459114 1.896511
v -2.999415 8.459114 3.010686
v -1.885239 8.459114 3.820182
v -0.575447 8.459114 4.245759
v 0.801750 8.459114 4.245759
v 2.111541 8.459114 3.820182
v 3.225717 8.459114 3.010686
v 4.035213 8.459114 1.896510
v 4.460790 8.459114 0.586718
v 3.524951 7.447619 -1.840279
v 3.217962 4.832240 -2.357656
v 3.763076 4.832240 -1.287812
v 2.820770 7.447619 -2.809499
v 2.368928 4.832240 -3.206689
v 1.851550 7.447618 -3.513680
v 1.299083 4.832240 -3.751805
v 0.712163 7.447618 -3.883888
v 0.113151 4.832240 -3.939635
v -0.485860 7.447618 -3.883888
v -1.072781 4.832240 -3.751803
v -1.625247 7.447618 -3.513679
v -2.142625 4.832240 -3.206688
v -2.594467 7.447619 -2.809499
v -2.991658 4.832240 -2.357656
v -3.298647 7.447619 -1.840279
v -3.536771 4.832240 -1.287811
v -3.668856 7.447619 -0.700891
v -3.724603 4.832240 -0.101879
v -3.668856 7.447619 0.497131
v -3.536771 4.832240 1.084053
v -3.298646 7.447619 1.636518
v -2.991657 4.832240 2.153897
v -2.594466 7.447619 2.605737
v -2.142625 4.832240 3.002928
v -1.625247 7.447619 3.309917
v -1.072781 4.832241 3.548043
v -0.485860 7.447619 3.680128
v 0.113151 4.832241 3.735874
v 0.712162 7.447619 3.680128
v 1.299083 4.832241 3.548043
v 1.851549 7.447619 3.309917
v 2.368927 4.832240 3.002928
v 2.820768 7.447619 2.605737
v 3.217959 4.832240 2.153896
v 3.524948 7.447619 1.636518
v 3.763073 4.832240 1.084052
v 3.895158 7.447619 0.497131
v 3.950906 4.832240 -0.101879
v 3.895159 7.447619 -0.700892
v 3.992534 8.650041 -2.078524
v 3.951697 9.141375 -1.349099
v 3.378414 9.141375 -2.474232
v 4.179464 8.830540 -1.423105
v 3.572164 8.830540 -2.615000
v 3.191847 8.650041 -3.180575
v 2.485503 9.141375 -3.367143
v 2.626271 8.830540 -3.560893
v 2.089795 8.650041 -3.981262
v 1.360370 9.141375 -3.940426
v 1.434376 8.830540 -4.168192
v 0.794257 8.650041 -4.402207
v 0.113151 9.141375 -4.137966
v 0.113151 8.830540 -4.377453
v -0.567954 8.650041 -4.402207
v -1.134068 9.141375 -3.940426
v -1.208074 8.830540 -4.168192
v -1.863492 8.650041 -3.981262
v -2.259200 9.141375 -3.367142
v -2.399968 8.830540 -3.560892
v -2.965543 8.650041 -3.180575
v -3.152110 9.141375 -2.474232
v -3.345860 8.830540 -2.614999
v -3.766230 8.650041 -2.078524
v -3.725393 9.141375 -1.349099
v -3.953160 8.830540 -1.423105
v -4.187176 8.650041 -0.782985
v -3.922933 9.141375 -0.101880
v -4.162421 8.830540 -0.101880
v -4.187176 8.650041 0.579225
v -3.725394 9.141375 1.145339
v -3.953160 8.830540 1.219345
v -3.766230 8.650041 1.874763
v -3.152110 9.141375 2.270471
v -3.345860 8.830540 2.411239
v -2.965543 8.650041 2.976814
v -2.259200 9.141375 3.163381
v -2.399968 8.830540 3.357131
v -1.863492 8.650041 3.777501
v -1.134068 9.141375 3.736664
v -1.208073 8.830540 3.964431
v -0.567954 8.650041 4.198447
v 0.113151 9.141375 3.934204
v 0.113151 8.830540 4.173693
v 0.794256 8.650041 4.198447
v 1.360370 9.141375 3.736664
v 1.434376 8.830540 3.964431
v 2.089794 8.650041 3.777500
v 2.485502 9.141375 3.163380
v 2.626270 8.830540 3.357130
v 3.191845 8.650041 2.976814
v 3.378412 9.141375 2.270471
v 3.572162 8.830540 2.411238
v 3.992531 8.650041 1.874763
v 3.951695 9.141375 1.145338
v 4.179462 8.830540 1.219344
v 4.413477 8.650041 0.579225
v 4.149236 9.141375 -0.101880
v 4.388724 8.830540 -0.101880
v 4.413479 8.650041 -0.782985
v 4.335762 8.830540 -0.770676
v 3.731459 8.450299 -1.277540
v 3.917662 8.450299 -0.101880
v 3.822196 8.641190 -0.689335
v 3.376429 9.128994 -1.162183
v 3.544361 9.128994 -0.101880
v 3.191067 8.450299 -2.338116
v 3.459130 8.641190 -1.806741
v 2.889060 9.128994 -2.118696
v 2.349388 8.450299 -3.179795
v 2.768534 8.641190 -2.757263
v 2.129967 9.128994 -2.877788
v 1.288810 8.450299 -3.720187
v 1.818012 8.641190 -3.447858
v 1.173454 9.128994 -3.365157
v 0.113151 8.450299 -3.906391
v 0.700606 8.641190 -3.810925
v 0.113151 9.128994 -3.533091
v -1.062508 8.450299 -3.720187
v -0.474304 8.641190 -3.810925
v -0.947152 9.128994 -3.365157
v -2.123085 8.450299 -3.179794
v -1.591710 8.641190 -3.447857
v -1.903664 9.128994 -2.877787
v -2.964763 8.450299 -2.338116
v -2.542231 8.641190 -2.757262
v -2.662756 9.128994 -2.118696
v -3.505154 8.450299 -1.277539
v -3.232826 8.641190 -1.806741
v -3.150125 9.128994 -1.162183
v -3.691359 8.450299 -0.101880
v -3.595892 8.641190 -0.689335
v -3.318059 9.128994 -0.101880
v -3.505154 8.450299 1.073779
v -3.595892 8.641190 0.485575
v -3.150124 9.128994 0.958422
v -2.964762 8.450299 2.134355
v -3.232825 8.641190 1.602980
v -2.662756 9.128994 1.914935
v -2.123085 8.450299 2.976033
v -2.542230 8.641190 2.553501
v -1.903664 9.128994 2.674026
v -1.062508 8.450299 3.516425
v -1.591709 8.641190 3.244096
v -0.947151 9.128994 3.161395
v 0.113151 8.450299 3.702630
v -0.474304 8.641190 3.607163
v 0.113151 9.128994 3.329329
v 1.288810 8.450299 3.516425
v 0.700606 8.641190 3.607163
v 1.173454 9.128994 3.161395
v 2.349386 8.450299 2.976032
v 1.818012 8.641190 3.244096
v 2.129966 9.128994 2.674026
v 3.191064 8.450299 2.134355
v 2.768532 8.641190 2.553501
v 2.889057 9.128994 1.914934
v 3.731456 8.450299 1.073778
v 3.459127 8.641190 1.602980
v 3.376426 9.128994 0.958422
v 3.822194 8.641190 0.485575
v 3.002683 9.743975 -1.574170
v 2.782047 9.968778 -2.040946
v 3.052300 9.968778 -1.599451
v 3.250626 9.968778 -1.121308
v 2.406297 9.743975 -2.395026
v 2.052217 9.968778 -2.770776
v 2.445673 9.968778 -2.434402
v 1.585441 9.743975 -2.991412
v 1.132578 9.968778 -3.239355
v 1.610722 9.968778 -3.041029
v 0.620468 9.743975 -3.304951
v 0.113151 9.968778 -3.400816
v 0.629179 9.968778 -3.359951
v -0.394165 9.743975 -3.304950
v -0.906276 9.968778 -3.239355
v -0.402876 9.968778 -3.359951
v -1.359138 9.743975 -2.991411
v -1.825915 9.968778 -2.770775
v -1.384419 9.968778 -3.041028
v -2.179994 9.743975 -2.395025
v -2.555743 9.968778 -2.040946
v -2.219369 9.968778 -2.434401
v -2.776379 9.743975 -1.574170
v -3.024322 9.968778 -1.121307
v -2.825996 9.968778 -1.599451
v -3.089918 9.743975 -0.609197
v -3.185784 9.968778 -0.101880
v -3.144918 9.968778 -0.617908
v -3.089918 9.743975 0.405436
v -3.024322 9.968778 0.917547
v -3.144918 9.968778 0.414147
v -2.776379 9.743975 1.370409
v -2.555743 9.968778 1.837185
v -2.825996 9.968778 1.395690
v -2.179993 9.743975 2.191264
v -1.825914 9.968778 2.567014
v -2.219369 9.968778 2.230640
v -1.359138 9.743975 2.787650
v -0.906276 9.968778 3.035593
v -1.384419 9.968778 2.837266
v -0.394165 9.743975 3.101189
v 0.113151 9.968778 3.197054
v -0.402876 9.968778 3.156189
v 0.620467 9.743975 3.101189
v 1.132578 9.968778 3.035593
v 0.629179 9.968778 3.156189
v 1.585440 9.743975 2.787650
v 2.052216 9.968778 2.567013
v 1.610721 9.968778 2.837266
v 2.406295 9.743975 2.191264
v 2.782045 9.968778 1.837185
v 2.445671 9.968778 2.230639
v 3.002681 9.743975 1.370409
v 3.250624 9.968778 0.917547
v 3.052297 9.968778 1.395690
v 3.316220 9.743975 0.405436
v 3.412086 9.968778 -0.101880
v 3.371220 9.968778 0.414147
v 3.316221 9.743975 -0.609197
v 3.371221 9.968778 -0.617908
v 2.742284 10.215737 -2.012057
v 3.008511 10.215737 -1.577139
v 3.203882 10.215737 -1.106120
v 2.023328 10.215737 -2.731013
v 2.410922 10.215737 -2.399651
v 1.117390 10.215737 -3.192612
v 1.588410 10.215737 -2.997240
v 0.113151 10.215737 -3.351666
v 0.621491 10.215737 -3.311410
v -0.891088 10.215737 -3.192610
v -0.395188 10.215737 -3.311410
v -1.797025 10.215737 -2.731012
v -1.362108 10.215737 -2.997239
v -2.515980 10.215737 -2.012056
v -2.184618 10.215737 -2.399650
v -2.977578 10.215737 -1.106119
v -2.782206 10.215737 -1.577139
v -3.136634 10.215737 -0.101880
v -3.096377 10.215737 -0.610220
v -2.977578 10.215737 0.902359
v -3.096377 10.215737 0.406459
v -2.515980 10.215737 1.808296
v -2.782206 10.215737 1.373378
v -1.797025 10.215737 2.527251
v -2.184618 10.215737 2.195888
v -0.891088 10.215737 2.988849
v -1.362107 10.215737 2.793477
v 0.113151 10.215737 3.147905
v -0.395188 10.215737 3.107648
v 1.117390 10.215737 2.988849
v 0.621491 10.215737 3.107648
v 2.023327 10.215737 2.527250
v 1.588409 10.215737 2.793477
v 2.742282 10.215737 1.808295
v 2.410920 10.215737 2.195888
v 3.203880 10.215737 0.902359
v 3.008508 10.215737 1.373378
v 3.362936 10.215737 -0.101880
v 3.322679 10.215737 0.406459
v 3.322681 10.215737 -0.610220
v 2.380902 10.173533 -1.749497
v 2.610535 10.173532 -1.374361
v 2.779052 10.173533 -0.968084
v 1.760768 10.173533 -2.369631
v 2.095086 10.173532 -2.083815
v 0.979355 10.173533 -2.767781
v 1.385631 10.173532 -2.599264
v 0.113151 10.173533 -2.904974
v 0.551618 10.173532 -2.870251
v -0.753052 10.173533 -2.767780
v -0.325316 10.173532 -2.870250
v -1.534466 10.173533 -2.369630
v -1.159329 10.173532 -2.599263
v -2.154598 10.173533 -1.749497
v -1.868783 10.173532 -2.083814
v -2.552748 10.173533 -0.968084
v -2.384231 10.173532 -1.374360
v -2.689941 10.173533 -0.101880
v -2.655218 10.173532 -0.540347
v -2.552748 10.173533 0.764323
v -2.655218 10.173532 0.336586
v -2.154598 10.173533 1.545736
v -2.384231 10.173532 1.170599
v -1.534465 10.173533 2.165869
v -1.868783 10.173532 1.880053
v -0.753052 10.173533 2.564019
v -1.159329 10.173532 2.395501
v 0.113151 10.173533 2.701212
v -0.325316 10.173532 2.666489
v 0.979354 10.173533 2.564018
v 0.551618 10.173532 2.666489
v 1.760767 10.173533 2.165868
v 1.385630 10.173532 2.395501
v 2.380900 10.173533 1.545736
v 2.095084 10.173532 1.880053
v 2.779050 10.173533 0.764323
v 2.610532 10.173532 1.170599
v 2.916244 10.173533 -0.101880
v 2.881520 10.173532 0.336586
v 2.881521 10.173532 -0.540347
v 2.320672 9.933713 -1.705738
v 2.605971 9.649925 -1.372035
v 2.708247 9.933713 -0.945078
v 1.717008 9.933713 -2.309401
v 2.091464 9.649925 -2.080193
v 0.956349 9.933713 -2.696976
v 1.383306 9.649925 -2.594700
v 0.113151 9.933713 -2.830525
v 0.550817 9.649925 -2.865192
v -0.730046 9.933713 -2.696975
v -0.324514 9.649925 -2.865192
v -1.490706 9.933713 -2.309400
v -1.157004 9.649925 -2.594699
v -2.094368 9.933713 -1.705737
v -1.865161 9.649925 -2.080192
v -2.481943 9.933713 -0.945078
v -2.379667 9.649925 -1.372035
v -2.615492 9.933713 -0.101880
v -2.650159 9.649925 -0.539546
v -2.481943 9.933713 0.741317
v -2.650159 9.649925 0.335785
v -2.094368 9.933713 1.501976
v -2.379667 9.649925 1.168274
v -1.490706 9.933713 2.105638
v -1.865161 9.649925 1.876431
v -0.730046 9.933713 2.493213
v -1.157003 9.649925 2.390938
v 0.113151 9.933713 2.626763
v -0.324514 9.649925 2.661430
v 0.956348 9.933713 2.493213
v 0.550816 9.649925 2.661430
v 1.717007 9.933713 2.105638
v 1.383305 9.649925 2.390937
v 2.320670 9.933713 1.501976
v 2.091463 9.649925 1.876431
v 2.708245 9.933713 0.741317
v 2.605969 9.649925 1.168274
v 2.841795 9.933713 -0.101880
v 2.876461 9.649925 0.335785
v 2.876462 9.649925 -0.539546
v 3.418633 0.034100 -1.786106
v 3.114696 0.034100 -2.282629
v 2.736397 0.034100 -2.725124
v 2.293901 0.034100 -3.103424
v 1.797378 0.034100 -3.407360
v 1.259639 0.034100 -3.630406
v 0.693496 0.034100 -3.766033
v 0.113151 0.034100 -3.811992
v -0.467194 0.034100 -3.766033
v -1.033337 0.034100 -3.630406
v -1.571075 0.034100 -3.407360
v -2.067598 0.034100 -3.103423
v -2.510093 0.034100 -2.725123
v -2.888392 0.034100 -2.282629
v -3.192329 0.034100 -1.786106
v -3.415374 0.034100 -1.248367
v -3.551001 0.034100 -0.682224
v -3.596960 0.034100 -0.101879
v -3.551001 0.034100 0.478466
v -3.415374 0.034100 1.044609
v -3.192329 0.034100 1.582347
v -2.888392 0.034100 2.078870
v -2.510092 0.034100 2.521364
v -2.067598 0.034100 2.899664
v -1.571075 0.034100 3.203600
v -1.033336 0.034100 3.426646
v -0.467194 0.034100 3.562273
v 0.113151 0.034100 3.608232
v 0.693496 0.034100 3.562273
v 1.259638 0.034100 3.426646
v 1.797377 0.034100 3.203600
v 2.293899 0.034100 2.899664
v 2.736394 0.034100 2.521364
v 3.114694 0.034100 2.078869
v 3.418630 0.034100 1.582347
v 3.641676 0.034100 1.044608
v 3.777303 0.034100 0.478465
v 3.823263 0.034100 -0.101880
v 2.950141 0.523086 -0.551216
v 3.819624 0.274474 -1.990422
v 4.056587 1.773970 -2.111160
v 4.298355 0.724517 -1.461734
v 3.673298 0.724517 -2.688477
v 3.054625 0.274474 -3.043353
v 3.242679 1.773970 -3.231407
v 2.699749 0.724517 -3.662026
v 2.001694 0.274474 -3.808352
v 2.122432 1.773970 -4.045314
v 1.473006 0.724517 -4.287083
v 0.763899 0.274474 -4.210536
v 0.805502 1.773970 -4.473210
v 0.113151 0.724517 -4.502462
v -0.537596 0.274474 -4.210536
v -0.579199 1.773970 -4.473210
v -1.246704 0.724517 -4.287082
v -1.775391 0.274474 -3.808352
v -1.896129 1.773970 -4.045314
v -2.473446 0.724517 -3.662025
v -2.828322 0.274474 -3.043352
v -3.016376 1.773970 -3.231406
v -3.446995 0.724517 -2.688477
v -3.593321 0.274474 -1.990421
v -3.830283 1.773970 -2.111159
v -4.072051 0.724517 -1.461734
v -3.995504 0.274474 -0.752626
v -4.258178 1.773970 -0.794230
v -4.287430 0.724517 -0.101879
v -3.995504 0.274474 0.548868
v -4.258178 1.773970 0.590472
v -4.072051 0.724517 1.257976
v -3.593320 0.274474 1.786663
v -3.830283 1.773970 1.907401
v -3.446995 0.724517 2.484718
v -2.828321 0.274474 2.839593
v -3.016376 1.773970 3.027647
v -2.473446 0.724517 3.458266
v -1.775390 0.274474 3.604592
v -1.896129 1.773970 3.841555
v -1.246703 0.724517 4.083323
v -0.537596 0.274474 4.006776
v -0.579199 1.773970 4.269451
v 0.113151 0.724517 4.298702
v 0.763898 0.274474 4.006775
v 0.805502 1.773970 4.269450
v 1.473005 0.724517 4.083323
v 2.001692 0.274474 3.604592
v 2.122431 1.773970 3.841554
v 2.699748 0.724517 3.458266
v 3.054623 0.274474 2.839593
v 3.242677 1.773970 3.027647
v 3.673296 0.724517 2.484717
v 3.819622 0.274474 1.786662
v 4.056584 1.773970 1.907400
v 4.298352 0.724517 1.257975
v 4.221806 0.274474 0.548868
v 4.484480 1.773970 0.590472
v 4.513733 0.724517 -0.101879
v 4.221807 0.274474 -0.752627
v 4.484482 1.773970 -0.794230
v 3.632273 0.789035 -0.659254
v 3.894947 2.223085 -0.700857
v 3.730642 1.239078 -1.277273
v 3.916803 1.239078 -0.101879
v 3.287798 0.789035 -1.719442
v 3.190372 1.239078 -2.337611
v 3.524760 2.223085 -1.840181
v 2.632565 0.789035 -2.621292
v 2.348883 1.239078 -3.179099
v 2.820618 2.223085 -2.809346
v 1.730714 0.789035 -3.276525
v 1.288545 1.239078 -3.719370
v 1.851453 2.223085 -3.513487
v 0.670526 0.789035 -3.621001
v 2.544205 9.933714 -1.340564
v 2.042447 9.933714 -2.031176
v 1.351835 9.933714 -2.532934
v 0.539972 9.933714 -2.796724
v -0.313670 9.933714 -2.796724
v -1.125533 9.933714 -2.532934
v -1.816144 9.933714 -2.031175
v -2.317902 9.933714 -1.340564
v -2.581692 9.933714 -0.528701
v -2.581692 9.933714 0.324941
v -2.317901 9.933714 1.136803
v -1.816144 9.933714 1.827414
v -1.125532 9.933714 2.329172
v -0.313670 9.933714 2.592962
v 0.539972 9.933714 2.592962
v 1.351834 9.933714 2.329172
v 2.042445 9.933714 1.827414
v 2.544203 9.933714 1.136803
v 2.807993 9.933714 0.324941
v 2.807994 9.933714 -0.528702
v 0.113151 0.514560 -0.101880
v 4.033800 0.724517 -2.099549
v 3.224595 0.724517 -3.213323
v 2.110821 0.724517 -4.022527
v 0.801501 0.724517 -4.447950
v -0.575199 0.724517 -4.447950
v -1.884518 0.724517 -4.022526
v -2.998291 0.724517 -3.213322
v -3.807495 0.724517 -2.099548
v -4.232918 0.724517 -0.790229
v -4.232918 0.724517 0.586471
v -3.807495 0.724517 1.895790
v -2.998291 0.724517 3.009563
v -1.884518 0.724517 3.818767
v -0.575199 0.724517 4.244190
v 0.801501 0.724517 4.244190
v 2.110820 0.724517 3.818767
v 3.224593 0.724517 3.009563
v 4.033797 0.724517 1.895790
v 4.459220 0.724517 0.586471
v 3.777305 0.034100 -0.682225
v 4.459222 0.724517 -0.790229
v 3.869687 1.239078 -0.696856
v 2.672439 0.523086 -1.405901
v 3.501973 1.239078 -1.828570
v 2.144212 0.523086 -2.132940
v 2.802534 1.239078 -2.791262
v 1.417173 0.523086 -2.661166
v 1.839842 1.239078 -3.490700
v 0.562487 0.523086 -2.938870
v 0.708128 1.239078 -3.858416
v -0.336184 0.523086 -2.938870
v -0.481826 1.239078 -3.858415
v -1.190870 0.523086 -2.661165
v -1.613539 1.239078 -3.490699
v -1.917909 0.523086 -2.132939
v -2.576231 1.239078 -2.791261
v -2.446134 0.523086 -1.405900
v -3.275668 1.239078 -1.828569
v -2.723838 0.523086 -0.551214
v -3.643384 1.239078 -0.696856
v -2.723838 0.523086 0.347456
v -3.643384 1.239078 0.493098
v -2.446134 0.523086 1.202142
v -3.275668 1.239078 1.624811
v -1.917908 0.523086 1.929180
v -2.576230 1.239078 2.587502
v -1.190870 0.523086 2.457405
v -1.613539 1.239078 3.286940
v -0.336184 0.523086 2.735110
v -0.481826 1.239078 3.654655
v 0.562486 0.523086 2.735110
v 0.708128 1.239078 3.654655
v 1.417172 0.523086 2.457405
v 1.839841 1.239078 3.286940
v 2.144210 0.523086 1.929180
v 2.802532 1.239078 2.587502
v 2.672436 0.523086 1.202141
v 3.501970 1.239078 1.624811
v 2.950140 0.523086 0.347455
v 3.869685 1.239078 0.493097
v 3.532356 4.832240 -1.844051
v 2.826647 4.832240 -2.815374
v 1.855323 4.832240 -3.521084
v 0.713463 4.832240 -3.892097
v -0.487160 4.832240 -3.892096
v -1.629020 4.832240 -3.521082
v -2.600343 4.832240 -2.815373
v -3.306051 4.832240 -1.844050
v -3.677064 4.832240 -0.702190
v -3.677064 4.832240 0.498432
v -3.306051 4.832240 1.640292
v -2.600343 4.832240 2.611614
v -1.629020 4.832241 3.317322
v -0.487160 4.832241 3.688335
v 0.713462 4.832241 3.688335
v 1.855322 4.832241 3.317322
v 2.826645 4.832240 2.611614
v 3.532353 4.832240 1.640292
v 3.903365 4.832240 0.498432
v 3.903367 4.832240 -0.702191
v 3.709055 9.141375 -1.934084
v 3.922424 8.830540 -2.042801
v 2.966877 9.141375 -2.955606
v 3.136207 8.830540 -3.124936
v 1.945355 9.141375 -3.697784
v 2.054073 8.830540 -3.911153
v 0.744486 9.141375 -4.087968
v 0.781947 8.830540 -4.324491
v -0.518183 9.141375 -4.087968
v -0.555645 8.830540 -4.324491
v -1.719053 9.141375 -3.697783
v -1.827770 8.830540 -3.911152
v -2.740573 9.141375 -2.955605
v -2.909904 8.830540 -3.124935
v -3.482751 9.141375 -1.934084
v -3.696120 8.830540 -2.042801
v -3.872936 9.141375 -0.733214
v -4.109458 8.830540 -0.770676
v -3.872937 9.141375 0.529454
v -4.109458 8.830540 0.566916
v -3.482751 9.141375 1.730324
v -3.696120 8.830540 1.839041
v -2.740573 9.141375 2.751844
v -2.909904 8.830540 2.921174
v -1.719052 9.141375 3.494022
v -1.827769 8.830540 3.707391
v -0.518183 9.141375 3.884208
v -0.555644 8.830540 4.120729
v 0.744485 9.141375 3.884207
v 0.781947 8.830540 4.120729
v 1.945354 9.141375 3.494021
v 2.054071 8.830540 3.707390
v 2.966875 9.141375 2.751843
v 3.136205 8.830540 2.921174
v 3.709052 9.141375 1.730323
v 3.922422 8.830540 1.839040
v 4.099239 9.141375 0.529454
v 4.335760 8.830540 0.566916
v 4.460792 8.459114 -0.790479
v 3.870535 8.450299 -0.696992
v 3.501859 9.128994 -0.638599
v 3.502738 8.450299 -1.828960
v 2.803141 8.450299 -2.791870
v 1.840231 8.450299 -3.491466
v 0.708263 8.450299 -3.859265
v -0.481960 8.450299 -3.859264
v -1.613929 8.450299 -3.491465
v -2.576838 8.450299 -2.791869
v -3.276433 8.450299 -1.828960
v -3.644232 8.450299 -0.696991
v -3.644232 8.450299 0.493231
v -3.276433 8.450299 1.625200
v -2.576838 8.450299 2.588108
v -1.613929 8.450299 3.287704
v -0.481960 8.450299 3.655503
v 0.708262 8.450299 3.655502
v 1.840230 8.450299 3.287703
v 2.803139 8.450299 2.588108
v 3.502734 8.450299 1.625199
v 3.870533 8.450299 0.493231
vn 0.6961 0.6814 -0.2261
vn 0.6522 0.6814 -0.3323
vn 0.8909 -0.0135 -0.4539
vn 0.9510 -0.0135 -0.3090
vn 0.5921 0.6814 -0.4302
vn 0.8089 -0.0135 -0.5877
vn 0.5176 0.6814 -0.5176
vn 0.7070 -0.0135 -0.7070
vn 0.4302 0.6814 -0.5921
vn 0.5877 -0.0135 -0.8089
vn 0.3323 0.6814 -0.6522
vn 0.4539 -0.0135 -0.8909
vn 0.2262 0.6814 -0.6961
vn 0.3090 -0.0135 -0.9510
vn 0.1145 0.6814 -0.7229
vn 0.1564 -0.0135 -0.9876
vn -0.0000 0.6814 -0.7319
vn -0.0000 -0.0135 -0.9999
vn -0.1145 0.6814 -0.7229
vn -0.1564 -0.0135 -0.9876
vn -0.2262 0.6814 -0.6961
vn -0.3090 -0.0135 -0.9510
vn -0.3323 0.6814 -0.6522
vn -0.4539 -0.0135 -0.8909
vn -0.4302 0.6814 -0.5921
vn -0.5877 -0.0135 -0.8089
vn -0.5176 0.6814 -0.5176
vn -0.7070 -0.0135 -0.7070
vn -0.5921 0.6814 -0.4302
vn -0.8089 -0.0135 -0.5877
vn -0.6522 0.6814 -0.3323
vn -0.8909 -0.0135 -0.4539
vn -0.6961 0.6814 -0.2262
vn -0.9510 -0.0135 -0.3090
vn -0.7229 0.6814 -0.1145
vn -0.9876 -0.0135 -0.1564
vn -0.7319 0.6814 -0.0000
vn -0.9999 -0.0135 -0.0000
vn -0.7229 0.6814 0.1145
vn -0.9876 -0.0135 0.1564
vn -0.6961 0.6814 0.2262
vn -0.9510 -0.0135 0.3090
vn -0.6522 0.6814 0.3323
vn -0.8909 -0.0135 0.4539
vn -0.5921 0.6814 0.4302
vn -0.8089 -0.0135 0.5877
vn -0.5176 0.6814 0.5176
vn -0.7070 -0.0135 0.7070
vn -0.4302 0.6814 0.5921
vn -0.5877 -0.0135 0.8089
vn -0.3323 0.6814 0.6522
vn -0.4539 -0.0135 0.8909
vn -0.2262 0.6814 0.6961
vn -0.3090 -0.0135 0.9510
vn -0.1145 0.6814 0.7229
vn -0.1564 -0.0135 0.9876
vn -0.0000 0.6814 0.7319
vn -0.0000 -0.0135 0.9999
vn 0.1145 0.6814 0.7229
vn 0.1564 -0.0135 0.9876
vn 0.2262 0.6814 0.6961
vn 0.3090 -0.0135 0.9510
vn 0.3323 0.6814 0.6522
vn 0.4539 -0.0135 0.8909
vn 0.4302 0.6814 0.5921
vn 0.5877 -0.0135 0.8089
vn 0.5176 0.6814 0.5176
vn 0.7070 -0.0135 0.7070
vn 0.5921 0.6814 0.4302
vn 0.8089 -0.0135 0.5877
vn 0.6522 0.6814 0.3323
vn 0.8909 -0.0135 0.4539
vn 0.6961 0.6814 0.2262
vn 0.9510 -0.0135 0.3090
vn 0.7229 0.6814 0.1145
vn 0.9876 -0.0135 0.1564
vn 0.7319 0.6814 -0.0000
vn 0.9999 -0.0135 -0.0000
vn 0.7229 0.6814 -0.1145
vn 0.9876 -0.0135 -0.1564
vn 0.3857 0.9014 -0.1966
vn 0.4120 0.9013 -0.1338
vn 0.3504 0.9013 -0.2546
vn 0.3061 0.9014 -0.3061
vn 0.2546 0.9013 -0.3505
vn 0.1965 0.9014 -0.3857
vn 0.1338 0.9013 -0.4120
vn 0.0677 0.9014 -0.4276
vn -0.0000 0.9013 -0.4332
vn -0.0677 0.9014 -0.4276
vn -0.1339 0.9013 -0.4120
vn -0.1966 0.9014 -0.3857
vn -0.2546 0.9013 -0.3504
vn -0.3061 0.9014 -0.3061
vn -0.3505 0.9013 -0.2546
vn -0.3857 0.9014 -0.1965
vn -0.4120 0.9013 -0.1338
vn -0.4276 0.9014 -0.0677
vn -0.4332 0.9013 -0.0000
vn -0.4276 0.9014 0.0677
vn -0.4120 0.9013 0.1339
vn -0.3857 0.9014 0.1966
vn -0.3504 0.9013 0.2546
vn -0.3061 0.9014 0.3061
vn -0.2546 0.9013 0.3505
vn -0.1965 0.9014 0.3857
vn -0.1338 0.9013 0.4120
vn -0.0677 0.9014 0.4276
vn -0.0000 0.9013 0.4332
vn 0.0677 0.9014 0.4276
vn 0.1339 0.9013 0.4120
vn 0.1966 0.9014 0.3857
vn 0.2546 0.9013 0.3504
vn 0.3061 0.9014 0.3061
vn 0.3505 0.9013 0.2546
vn 0.3857 0.9014 0.1965
vn 0.4120 0.9013 0.1338
vn 0.4276 0.9014 0.0677
vn 0.4332 0.9013 -0.0000
vn 0.4276 0.9014 -0.0677
vn -0.3893 0.8995 0.1984
vn -0.4154 0.8996 0.1350
vn -0.3533 0.8996 0.2567
vn -0.3089 0.8995 0.3090
vn -0.2567 0.8996 0.3533
vn -0.1983 0.8995 0.3893
vn -0.1349 0.8996 0.4154
vn -0.0683 0.8995 0.4315
vn -0.0000 0.8996 0.4367
vn 0.0684 0.8995 0.4315
vn 0.1350 0.8996 0.4154
vn 0.1984 0.8995 0.3893
vn 0.2567 0.8996 0.3533
vn 0.3090 0.8995 0.3089
vn 0.3533 0.8996 0.2567
vn 0.3893 0.8995 0.1983
vn 0.4154 0.8996 0.1349
vn 0.4315 0.8995 0.0683
vn 0.4367 0.8996 -0.0000
vn 0.4315 0.8995 -0.0684
vn 0.4154 0.8996 -0.1350
vn 0.3893 0.8995 -0.1984
vn 0.3533 0.8996 -0.2567
vn 0.3089 0.8995 -0.3090
vn 0.2567 0.8996 -0.3533
vn 0.1983 0.8995 -0.3893
vn 0.1349 0.8996 -0.4154
vn 0.0683 0.8995 -0.4315
vn -0.0000 0.8996 -0.4367
vn -0.0684 0.8995 -0.4315
vn -0.1350 0.8996 -0.4154
vn -0.1984 0.8995 -0.3893
vn -0.2567 0.8996 -0.3533
vn -0.3090 0.8995 -0.3089
vn -0.3533 0.8996 -0.2567
vn -0.3893 0.8995 -0.1983
vn -0.4154 0.8996 -0.1349
vn -0.4315 0.8995 -0.0683
vn -0.4367 0.8996 -0.0000
vn -0.4315 0.8995 0.0684
vn -0.8910 0.0103 0.4540
vn -0.9510 0.0103 0.3090
vn -0.8090 0.0103 0.5878
vn -0.5985 -0.6729 0.4348
vn -0.6592 -0.6728 0.3359
vn -0.7035 -0.6729 0.2286
vn -0.7071 0.0103 0.7071
vn -0.5878 0.0103 0.8090
vn -0.4348 -0.6729 0.5985
vn -0.5232 -0.6728 0.5231
vn -0.4540 0.0103 0.8910
vn -0.3090 0.0103 0.9510
vn -0.2286 -0.6729 0.7035
vn -0.3359 -0.6728 0.6592
vn -0.1564 0.0103 0.9876
vn -0.0000 0.0103 0.9999
vn -0.0000 -0.6729 0.7397
vn -0.1157 -0.6728 0.7307
vn 0.1564 0.0103 0.9876
vn 0.3090 0.0103 0.9510
vn 0.2286 -0.6729 0.7035
vn 0.1157 -0.6728 0.7307
vn 0.4540 0.0103 0.8910
vn 0.5878 0.0103 0.8090
vn 0.4348 -0.6729 0.5985
vn 0.3359 -0.6728 0.6592
vn 0.7071 0.0103 0.7071
vn 0.8090 0.0103 0.5878
vn 0.5985 -0.6729 0.4348
vn 0.5232 -0.6728 0.5231
vn 0.8910 0.0103 0.4540
vn 0.9510 0.0103 0.3090
vn 0.7035 -0.6729 0.2286
vn 0.6592 -0.6728 0.3359
vn 0.9876 0.0103 0.1564
vn 0.9999 0.0103 -0.0000
vn 0.7397 -0.6729 -0.0000
vn 0.7307 -0.6728 0.1157
vn 0.9876 0.0103 -0.1564
vn 0.9510 0.0103 -0.3090
vn 0.7035 -0.6729 -0.2286
vn 0.7307 -0.6728 -0.1157
vn 0.8910 0.0103 -0.4540
vn 0.8090 0.0103 -0.5878
vn 0.5985 -0.6729 -0.4348
vn 0.6592 -0.6728 -0.3359
vn 0.7071 0.0103 -0.7071
vn 0.5878 0.0103 -0.8090
vn 0.4348 -0.6729 -0.5985
vn 0.5231 -0.6728 -0.5231
vn 0.4540 0.0103 -0.8910
vn 0.3090 0.0103 -0.9510
vn 0.2286 -0.6729 -0.7035
vn 0.3359 -0.6728 -0.6592
vn 0.1564 0.0103 -0.9876
vn -0.0000 0.0103 -0.9999
vn -0.0000 -0.6729 -0.7397
vn 0.1157 -0.6728 -0.7307
vn -0.1564 0.0103 -0.9876
vn -0.3090 0.0103 -0.9510
vn -0.2286 -0.6729 -0.7035
vn -0.1157 -0.6728 -0.7307
vn -0.4540 0.0103 -0.8910
vn -0.5878 0.0103 -0.8090
vn -0.4348 -0.6729 -0.5985
vn -0.3359 -0.6728 -0.6592
vn -0.7071 0.0103 -0.7071
vn -0.8090 0.0103 -0.5878
vn -0.5985 -0.6729 -0.4348
vn -0.5232 -0.6728 -0.5231
vn -0.8910 0.0103 -0.4540
vn -0.9510 0.0103 -0.3090
vn -0.7035 -0.6729 -0.2286
vn -0.6592 -0.6728 -0.3358
vn -0.9876 0.0103 -0.1564
vn -0.9999 0.0103 -0.0000
vn -0.7397 -0.6729 -0.0000
vn -0.7307 -0.6728 -0.1157
vn -0.9876 0.0103 0.1564
vn -0.7307 -0.6728 0.1157
vn -0.0729 0.9959 0.0530
vn -0.0637 0.9959 0.0636
vn -0.0000 1.0000 -0.0000
vn -0.0802 0.9959 0.0409
vn -0.0530 0.9959 0.0729
vn -0.0409 0.9959 0.0802
vn -0.0278 0.9959 0.0857
vn -0.0141 0.9959 0.0889
vn -0.0000 0.9959 0.0901
vn 0.0140 0.9959 0.0889
vn 0.0278 0.9959 0.0857
vn 0.0408 0.9959 0.0802
vn 0.0530 0.9959 0.0729
vn 0.0636 0.9959 0.0636
vn 0.0729 0.9959 0.0530
vn 0.0802 0.9959 0.0408
vn 0.0857 0.9959 0.0278
vn 0.0889 0.9959 0.0141
vn 0.0901 0.9959 -0.0000
vn 0.0889 0.9959 -0.0141
vn 0.0857 0.9959 -0.0278
vn 0.0802 0.9959 -0.0408
vn 0.0729 0.9959 -0.0530
vn 0.0636 0.9959 -0.0636
vn 0.0530 0.9959 -0.0729
vn 0.0409 0.9959 -0.0802
vn 0.0278 0.9959 -0.0857
vn 0.0141 0.9959 -0.0889
vn -0.0000 0.9959 -0.0901
vn -0.0141 0.9959 -0.0889
vn -0.0278 0.9959 -0.0857
vn -0.0408 0.9959 -0.0802
vn -0.0530 0.9959 -0.0729
vn -0.0636 0.9959 -0.0636
vn -0.0729 0.9959 -0.0530
vn -0.0802 0.9959 -0.0409
vn -0.0857 0.9959 -0.0278
vn -0.0889 0.9959 -0.0141
vn -0.0901 0.9959 -0.0000
vn -0.0889 0.9959 0.0141
vn -0.0857 0.9959 0.0278
vn -0.0000 -1.0000 -0.0000
vn 0.0599 -0.9973 -0.0435
vn 0.0659 -0.9973 -0.0336
vn 0.0704 -0.9973 -0.0229
vn 0.0435 -0.9973 -0.0599
vn 0.0523 -0.9973 -0.0524
vn 0.0229 -0.9973 -0.0704
vn 0.0336 -0.9973 -0.0660
vn -0.0000 -0.9973 -0.0740
vn 0.0116 -0.9973 -0.0731
vn -0.0229 -0.9973 -0.0704
vn -0.0116 -0.9973 -0.0731
vn -0.0435 -0.9973 -0.0599
vn -0.0336 -0.9973 -0.0659
vn -0.0599 -0.9973 -0.0435
vn -0.0524 -0.9973 -0.0523
vn -0.0704 -0.9973 -0.0229
vn -0.0660 -0.9973 -0.0336
vn -0.0740 -0.9973 -0.0000
vn -0.0731 -0.9973 -0.0116
vn -0.0704 -0.9973 0.0229
vn -0.0731 -0.9973 0.0116
vn -0.0599 -0.9973 0.0435
vn -0.0659 -0.9973 0.0336
vn -0.0435 -0.9973 0.0599
vn -0.0523 -0.9973 0.0524
vn -0.0229 -0.9973 0.0704
vn -0.0336 -0.9973 0.0660
vn -0.0000 -0.9973 0.0740
vn -0.0116 -0.9973 0.0731
vn 0.0229 -0.9973 0.0704
vn 0.0116 -0.9973 0.0731
vn 0.0435 -0.9973 0.0599
vn 0.0336 -0.9973 0.0659
vn 0.0599 -0.9973 0.0435
vn 0.0524 -0.9973 0.0523
vn 0.0704 -0.9973 0.0229
vn 0.0660 -0.9973 0.0336
vn 0.0740 -0.9973 -0.0000
vn 0.0731 -0.9973 0.0116
vn 0.0731 -0.9973 -0.0116
vn 0.6879 -0.6906 -0.2235
vn 0.6444 -0.6906 -0.3283
vn 0.5851 -0.6906 -0.4251
vn 0.9511 -0.0002 -0.3090
vn 0.9374 -0.1690 -0.3046
vn 0.8782 -0.1690 -0.4475
vn 0.8910 -0.0002 -0.4540
vn 0.7974 -0.1690 -0.5793
vn 0.8090 -0.0002 -0.5878
vn 0.5114 -0.6906 -0.5114
vn 0.4251 -0.6906 -0.5851
vn 0.6969 -0.1690 -0.6969
vn 0.7071 -0.0002 -0.7071
vn 0.5793 -0.1690 -0.7974
vn 0.5878 -0.0002 -0.8090
vn 0.3283 -0.6906 -0.6444
vn 0.2235 -0.6906 -0.6879
vn 0.4475 -0.1690 -0.8782
vn 0.4540 -0.0002 -0.8910
vn 0.3046 -0.1690 -0.9374
vn 0.3090 -0.0002 -0.9511
vn 0.1131 -0.6906 -0.7143
vn -0.0000 -0.6906 -0.7233
vn 0.1542 -0.1690 -0.9735
vn 0.1564 -0.0002 -0.9877
vn -0.0000 -0.1690 -0.9856
vn -0.0000 -0.0002 -1.0000
vn -0.1131 -0.6906 -0.7143
vn -0.2235 -0.6906 -0.6879
vn -0.1542 -0.1690 -0.9735
vn -0.1564 -0.0002 -0.9877
vn -0.3046 -0.1690 -0.9374
vn -0.3090 -0.0002 -0.9511
vn -0.3283 -0.6906 -0.6444
vn -0.4251 -0.6906 -0.5851
vn -0.4475 -0.1690 -0.8782
vn -0.4540 -0.0002 -0.8910
vn -0.5793 -0.1690 -0.7974
vn -0.5878 -0.0002 -0.8090
vn -0.5114 -0.6906 -0.5114
vn -0.5851 -0.6906 -0.4251
vn -0.6969 -0.1690 -0.6969
vn -0.7071 -0.0002 -0.7071
vn -0.7974 -0.1690 -0.5793
vn -0.8090 -0.0002 -0.5878
vn -0.6444 -0.6906 -0.3283
vn -0.6879 -0.6906 -0.2235
vn -0.8782 -0.1690 -0.4475
vn -0.8910 -0.0002 -0.4540
vn -0.9374 -0.1690 -0.3046
vn -0.9511 -0.0002 -0.3090
vn -0.7143 -0.6906 -0.1131
vn -0.7233 -0.6906 -0.0000
vn -0.9735 -0.1690 -0.1542
vn -0.9877 -0.0002 -0.1564
vn -0.9856 -0.1690 -0.0000
vn -1.0000 -0.0002 -0.0000
vn -0.7143 -0.6906 0.1131
vn -0.6879 -0.6906 0.2235
vn -0.9735 -0.1690 0.1542
vn -0.9877 -0.0002 0.1564
vn -0.9374 -0.1690 0.3046
vn -0.9511 -0.0002 0.3090
vn -0.6444 -0.6906 0.3283
vn -0.5851 -0.6906 0.4251
vn -0.8782 -0.1690 0.4475
vn -0.8910 -0.0002 0.4540
vn -0.7974 -0.1690 0.5793
vn -0.8090 -0.0002 0.5878
vn -0.5114 -0.6906 0.5114
vn -0.4251 -0.6906 0.5851
vn -0.6969 -0.1690 0.6969
vn -0.7071 -0.0002 0.7071
vn -0.5793 -0.1690 0.7974
vn -0.5878 -0.0002 0.8090
vn -0.3283 -0.6906 0.6444
vn -0.2235 -0.6906 0.6879
vn -0.4475 -0.1690 0.8782
vn -0.4540 -0.0002 0.8910
vn -0.3046 -0.1690 0.9374
vn -0.3090 -0.0002 0.9511
vn -0.1131 -0.6906 0.7143
vn -0.0000 -0.6906 0.7233
vn -0.1542 -0.1690 0.9735
vn -0.1564 -0.0002 0.9877
vn -0.0000 -0.1690 0.9856
vn -0.0000 -0.0002 1.0000
vn 0.1131 -0.6906 0.7143
vn 0.2235 -0.6906 0.6879
vn 0.1542 -0.1690 0.9735
vn 0.1564 -0.0002 0.9877
vn 0.3046 -0.1690 0.9374
vn 0.3090 -0.0002 0.9511
vn 0.3283 -0.6907 0.6444
vn 0.4251 -0.6906 0.5851
vn 0.4475 -0.1690 0.8782
vn 0.4540 -0.0002 0.8910
vn 0.5793 -0.1690 0.7974
vn 0.5878 -0.0002 0.8090
vn 0.5114 -0.6906 0.5114
vn 0.5851 -0.6906 0.4251
vn 0.6969 -0.1690 0.6969
vn 0.7071 -0.0002 0.7071
vn 0.7974 -0.1690 0.5793
vn 0.8090 -0.0002 0.5878
vn 0.6444 -0.6906 0.3283
vn 0.6879 -0.6906 0.2235
vn 0.8782 -0.1690 0.4475
vn 0.8910 -0.0002 0.4540
vn 0.9374 -0.1690 0.3046
vn 0.9511 -0.0002 0.3090
vn 0.7143 -0.6906 0.1131
vn 0.7233 -0.6906 -0.0000
vn 0.9735 -0.1690 0.1542
vn 0.9877 -0.0002 0.1564
vn 0.9856 -0.1690 -0.0000
vn 1.0000 -0.0002 -0.0000
vn 0.7143 -0.6906 -0.1131
vn 0.9735 -0.1690 -0.1542
vn 0.9877 -0.0002 -0.1564
vn -0.6077 0.7692 0.1975
vn -0.6310 0.7693 0.0999
vn -0.6390 0.7692 -0.0000
vn -0.9510 0.0095 0.3090
vn -0.9362 0.1761 0.3042
vn -0.9722 0.1761 0.1540
vn -0.9876 0.0095 0.1564
vn -0.9844 0.1761 -0.0000
vn -1.0000 0.0095 -0.0000
vn -0.5693 0.7693 0.2901
vn -0.5170 0.7692 0.3756
vn -0.8771 0.1761 0.4469
vn -0.7964 0.1761 0.5786
vn -0.8910 0.0095 0.4540
vn -0.8090 0.0095 0.5878
vn -0.4518 0.7693 0.4518
vn -0.3756 0.7692 0.5169
vn -0.6961 0.1761 0.6961
vn -0.5786 0.1761 0.7964
vn -0.7071 0.0095 0.7071
vn -0.5878 0.0095 0.8090
vn -0.2901 0.7693 0.5693
vn -0.1975 0.7692 0.6077
vn -0.4469 0.1761 0.8771
vn -0.3042 0.1761 0.9362
vn -0.4540 0.0094 0.8910
vn -0.3090 0.0095 0.9510
vn -0.1000 0.7693 0.6310
vn -0.0000 0.7692 0.6390
vn -0.1540 0.1761 0.9722
vn -0.0000 0.1761 0.9844
vn -0.1564 0.0095 0.9876
vn -0.0000 0.0095 1.0000
vn 0.0999 0.7693 0.6310
vn 0.1975 0.7692 0.6077
vn 0.1540 0.1761 0.9722
vn 0.3042 0.1761 0.9362
vn 0.1564 0.0095 0.9876
vn 0.3090 0.0095 0.9510
vn 0.2901 0.7693 0.5693
vn 0.3756 0.7692 0.5170
vn 0.4469 0.1761 0.8771
vn 0.5786 0.1761 0.7964
vn 0.4540 0.0095 0.8910
vn 0.5878 0.0095 0.8090
vn 0.4518 0.7693 0.4518
vn 0.5169 0.7692 0.3756
vn 0.6961 0.1761 0.6961
vn 0.7964 0.1761 0.5786
vn 0.7071 0.0095 0.7071
vn 0.8090 0.0095 0.5878
vn 0.5693 0.7693 0.2901
vn 0.6077 0.7692 0.1975
vn 0.8771 0.1761 0.4469
vn 0.9362 0.1761 0.3042
vn 0.8910 0.0095 0.4540
vn 0.9510 0.0095 0.3090
vn 0.6310 0.7693 0.1000
vn 0.6390 0.7692 -0.0000
vn 0.9722 0.1761 0.1540
vn 0.9844 0.1761 -0.0000
vn 0.9876 0.0095 0.1564
vn 1.0000 0.0095 -0.0000
vn 0.6310 0.7693 -0.0999
vn 0.6077 0.7692 -0.1974
vn 0.9722 0.1761 -0.1540
vn 0.9362 0.1761 -0.3042
vn 0.9876 0.0095 -0.1564
vn 0.9510 0.0095 -0.3090
vn 0.5693 0.7693 -0.2901
vn 0.5170 0.7692 -0.3756
vn 0.8771 0.1761 -0.4469
vn 0.7964 0.1761 -0.5786
vn 0.8910 0.0095 -0.4540
vn 0.8090 0.0095 -0.5878
vn 0.4518 0.7693 -0.4518
vn 0.3756 0.7692 -0.5169
vn 0.6961 0.1761 -0.6961
vn 0.5786 0.1761 -0.7964
vn 0.7071 0.0095 -0.7071
vn 0.5878 0.0095 -0.8090
vn 0.2901 0.7693 -0.5693
vn 0.1975 0.7692 -0.6077
vn 0.4469 0.1761 -0.8771
vn 0.3042 0.1761 -0.9362
vn 0.4540 0.0094 -0.8910
vn 0.3090 0.0095 -0.9510
vn 0.1000 0.7693 -0.6310
vn -0.0000 0.7692 -0.6390
vn 0.1540 0.1761 -0.9722
vn -0.0000 0.1761 -0.9844
vn 0.1564 0.0095 -0.9876
vn -0.0000 0.0095 -1.0000
vn -0.0999 0.7693 -0.6310
vn -0.1974 0.7692 -0.6077
vn -0.1540 0.1761 -0.9722
vn -0.3042 0.1761 -0.9362
vn -0.1564 0.0095 -0.9876
vn -0.3090 0.0095 -0.9510
vn -0.2901 0.7693 -0.5693
vn -0.3756 0.7692 -0.5170
vn -0.4469 0.1761 -0.8771
vn -0.5786 0.1761 -0.7964
vn -0.4540 0.0095 -0.8910
vn -0.5878 0.0095 -0.8090
vn -0.4518 0.7693 -0.4518
vn -0.5169 0.7692 -0.3756
vn -0.6961 0.1761 -0.6961
vn -0.7964 0.1761 -0.5786
vn -0.7071 0.0095 -0.7071
vn -0.8090 0.0095 -0.5878
vn -0.5693 0.7693 -0.2901
vn -0.6077 0.7692 -0.1975
vn -0.8771 0.1761 -0.4469
vn -0.9362 0.1761 -0.3042
vn -0.8910 0.0095 -0.4540
vn -0.9510 0.0095 -0.3090
vn -0.6310 0.7693 -0.1000
vn -0.9722 0.1761 -0.1540
vn -0.9876 0.0095 -0.1564
vn 0.6383 0.7413 -0.2074
vn 0.5980 0.7413 -0.3047
vn 0.5430 0.7413 -0.3945
vn 0.4746 0.7413 -0.4746
vn 0.3945 0.7413 -0.5430
vn 0.3047 0.7413 -0.5980
vn 0.2074 0.7413 -0.6383
vn 0.1050 0.7413 -0.6629
vn -0.0000 0.7413 -0.6712
vn -0.1050 0.7413 -0.6629
vn -0.2074 0.7413 -0.6383
vn -0.3047 0.7413 -0.5980
vn -0.3945 0.7413 -0.5430
vn -0.4746 0.7413 -0.4746
vn -0.5430 0.7413 -0.3945
vn -0.5980 0.7413 -0.3047
vn -0.6383 0.7413 -0.2074
vn -0.6629 0.7413 -0.1050
vn -0.6712 0.7413 -0.0000
vn -0.6629 0.7413 0.1050
vn -0.6383 0.7413 0.2074
vn -0.5980 0.7413 0.3047
vn -0.5430 0.7413 0.3945
vn -0.4746 0.7413 0.4746
vn -0.3945 0.7413 0.5430
vn -0.3047 0.7413 0.5980
vn -0.2074 0.7413 0.6383
vn -0.1050 0.7413 0.6629
vn -0.0000 0.7413 0.6712
vn 0.1050 0.7413 0.6629
vn 0.2074 0.7413 0.6383
vn 0.3047 0.7413 0.5980
vn 0.3945 0.7413 0.5430
vn 0.4746 0.7413 0.4746
vn 0.5430 0.7413 0.3945
vn 0.5980 0.7413 0.3047
vn 0.6383 0.7413 0.2074
vn 0.6629 0.7413 0.1050
vn 0.6712 0.7413 -0.0000
vn 0.6629 0.7413 -0.1050
vn -0.5953 -0.6772 0.4325
vn -0.6556 -0.6772 0.3340
vn -0.6998 -0.6772 0.2274
vn -0.4325 -0.6772 0.5953
vn -0.5203 -0.6772 0.5203
vn -0.2274 -0.6772 0.6998
vn -0.3340 -0.6772 0.6556
vn -0.0000 -0.6772 0.7358
vn -0.1151 -0.6772 0.7267
vn 0.2274 -0.6772 0.6998
vn 0.1151 -0.6772 0.7267
vn 0.4325 -0.6772 0.5953
vn 0.3340 -0.6772 0.6556
vn 0.5953 -0.6772 0.4325
vn 0.5203 -0.6772 0.5203
vn 0.6998 -0.6772 0.2274
vn 0.6556 -0.6772 0.3340
vn 0.7358 -0.6772 -0.0000
vn 0.7267 -0.6772 0.1151
vn 0.6998 -0.6772 -0.2274
vn 0.7267 -0.6772 -0.1151
vn 0.5953 -0.6772 -0.4325
vn 0.6556 -0.6772 -0.3340
vn 0.4325 -0.6772 -0.5953
vn 0.5203 -0.6772 -0.5203
vn 0.2274 -0.6772 -0.6998
vn 0.3340 -0.6772 -0.6556
vn -0.0000 -0.6772 -0.7358
vn 0.1151 -0.6772 -0.7267
vn -0.2274 -0.6772 -0.6998
vn -0.1151 -0.6772 -0.7267
vn -0.4325 -0.6772 -0.5953
vn -0.3340 -0.6772 -0.6556
vn -0.5953 -0.6772 -0.4325
vn -0.5203 -0.6772 -0.5203
vn -0.6998 -0.6772 -0.2274
vn -0.6556 -0.6772 -0.3340
vn -0.7358 -0.6772 -0.0000
vn -0.7267 -0.6772 -0.1151
vn -0.7267 -0.6772 0.1151
vn 0.8910 0.0104 -0.4540
vn 0.7071 0.0104 -0.7071
vn 0.4540 0.0104 -0.8910
vn 0.1564 0.0104 -0.9876
vn -0.1564 0.0104 -0.9876
vn -0.4540 0.0104 -0.8910
vn -0.7071 0.0104 -0.7071
vn -0.8910 0.0104 -0.4540
vn -0.9876 0.0104 -0.1564
vn -0.9876 0.0104 0.1564
vn -0.8910 0.0104 0.4540
vn -0.7071 0.0104 0.7071
vn -0.4540 0.0104 0.8910
vn -0.1564 0.0104 0.9876
vn 0.1564 0.0104 0.9876
vn 0.4540 0.0104 0.8910
vn 0.8090 0.0103 0.5877
vn 0.7071 0.0104 0.7071
vn 0.8910 0.0104 0.4540
vn 0.9876 0.0104 0.1564
vn 0.9876 0.0104 -0.1564
vn -0.9510 -0.0092 0.3090
vn -0.8910 -0.0092 0.4540
vn -0.8910 -0.0000 0.4540
vn -0.9511 -0.0000 0.3090
vn -0.8090 -0.0092 0.5878
vn -0.8090 -0.0000 0.5878
vn -0.7071 -0.0092 0.7071
vn -0.7071 -0.0000 0.7071
vn -0.5878 -0.0092 0.8090
vn -0.5878 -0.0000 0.8090
vn -0.4540 -0.0092 0.8910
vn -0.4540 -0.0000 0.8910
vn -0.3090 -0.0092 0.9510
vn -0.3090 -0.0000 0.9511
vn -0.1564 -0.0092 0.9876
vn -0.1564 -0.0000 0.9877
vn -0.0000 -0.0092 1.0000
vn -0.0000 -0.0000 1.0000
vn 0.1564 -0.0092 0.9876
vn 0.1564 -0.0000 0.9877
vn 0.3090 -0.0092 0.9510
vn 0.3090 -0.0000 0.9511
vn 0.4540 -0.0092 0.8910
vn 0.4540 -0.0000 0.8910
vn 0.5878 -0.0092 0.8090
vn 0.5878 -0.0000 0.8090
vn 0.7071 -0.0092 0.7071
vn 0.7071 -0.0000 0.7071
vn 0.8090 -0.0092 0.5878
vn 0.8090 -0.0000 0.5878
vn 0.8910 -0.0092 0.4540
vn 0.8910 -0.0000 0.4540
vn 0.9510 -0.0092 0.3090
vn 0.9511 -0.0000 0.3090
vn 0.9876 -0.0092 0.1564
vn 0.9877 -0.0000 0.1564
vn 1.0000 -0.0092 -0.0000
vn 1.0000 -0.0000 -0.0000
vn 0.9876 -0.0092 -0.1564
vn 0.9877 -0.0000 -0.1564
vn 0.9510 -0.0092 -0.3090
vn 0.9511 -0.0000 -0.3090
vn 0.8910 -0.0092 -0.4540
vn 0.8910 -0.0000 -0.4540
vn 0.8090 -0.0092 -0.5878
vn 0.8090 -0.0000 -0.5878
vn 0.7071 -0.0092 -0.7071
vn 0.7071 -0.0000 -0.7071
vn 0.5878 -0.0092 -0.8090
vn 0.5878 -0.0000 -0.8090
vn 0.4540 -0.0092 -0.8910
vn 0.4540 -0.0000 -0.8910
vn 0.3090 -0.0092 -0.9510
vn 0.3090 -0.0000 -0.9511
vn 0.1564 -0.0092 -0.9876
vn 0.1564 -0.0000 -0.9877
vn -0.0000 -0.0092 -1.0000
vn -0.0000 -0.0000 -1.0000
vn -0.1564 -0.0092 -0.9876
vn -0.1564 -0.0000 -0.9877
vn -0.3090 -0.0092 -0.9510
vn -0.3090 -0.0000 -0.9511
vn -0.4540 -0.0092 -0.8910
vn -0.4540 -0.0000 -0.8910
vn -0.5878 -0.0092 -0.8090
vn -0.5878 -0.0000 -0.8090
vn -0.7071 -0.0092 -0.7071
vn -0.7071 -0.0000 -0.7071
vn -0.8090 -0.0092 -0.5878
vn -0.8090 -0.0000 -0.5878
vn -0.8910 -0.0092 -0.4540
vn -0.8910 -0.0000 -0.4540
vn -0.9510 -0.0092 -0.3090
vn -0.9511 -0.0000 -0.3090
vn -0.9876 -0.0092 -0.1564
vn -0.9877 -0.0000 -0.1564
vn -1.0000 -0.0092 -0.0000
vn -1.0000 -0.0000 -0.0000
vn -0.9876 -0.0092 0.1564
vn -0.9877 -0.0000 0.1564
vn 0.9008 0.3208 -0.2927
vn 0.8439 0.3209 -0.4300
vn 0.7663 0.3208 -0.5567
vn 0.8008 0.5394 -0.2602
vn 0.7503 0.5394 -0.3823
vn 0.6812 0.5394 -0.4949
vn 0.6697 0.3208 -0.6697
vn 0.5567 0.3209 -0.7662
vn 0.5954 0.5394 -0.5954
vn 0.4949 0.5394 -0.6812
vn 0.4300 0.3209 -0.8439
vn 0.2927 0.3209 -0.9008
vn 0.3823 0.5394 -0.7503
vn 0.2602 0.5394 -0.8008
vn 0.1482 0.3208 -0.9355
vn -0.0000 0.3209 -0.9471
vn 0.1317 0.5394 -0.8317
vn -0.0000 0.5394 -0.8420
vn -0.1482 0.3209 -0.9355
vn -0.2927 0.3207 -0.9008
vn -0.1317 0.5394 -0.8317
vn -0.2602 0.5394 -0.8008
vn -0.4300 0.3208 -0.8439
vn -0.5567 0.3209 -0.7662
vn -0.3823 0.5394 -0.7503
vn -0.4949 0.5394 -0.6812
vn -0.6698 0.3207 -0.6698
vn -0.7662 0.3209 -0.5567
vn -0.5954 0.5394 -0.5954
vn -0.6812 0.5394 -0.4949
vn -0.8439 0.3209 -0.4300
vn -0.9008 0.3208 -0.2927
vn -0.7503 0.5394 -0.3823
vn -0.8008 0.5394 -0.2602
vn -0.9355 0.3209 -0.1482
vn -0.9471 0.3209 -0.0000
vn -0.8317 0.5394 -0.1317
vn -0.8420 0.5394 -0.0000
vn -0.9355 0.3209 0.1482
vn -0.9008 0.3207 0.2927
vn -0.8317 0.5394 0.1317
vn -0.8008 0.5394 0.2602
vn -0.8439 0.3208 0.4300
vn -0.7663 0.3207 0.5567
vn -0.7503 0.5394 0.3823
vn -0.6812 0.5394 0.4949
vn -0.6697 0.3208 0.6697
vn -0.5567 0.3209 0.7662
vn -0.5954 0.5394 0.5954
vn -0.4949 0.5394 0.6812
vn -0.4300 0.3209 0.8439
vn -0.2927 0.3207 0.9008
vn -0.3823 0.5394 0.7503
vn -0.2602 0.5394 0.8008
vn -0.1482 0.3208 0.9355
vn -0.0000 0.3209 0.9471
vn -0.1317 0.5394 0.8317
vn -0.0000 0.5394 0.8420
vn 0.1482 0.3208 0.9355
vn 0.2927 0.3208 0.9008
vn 0.1317 0.5394 0.8317
vn 0.2602 0.5394 0.8008
vn 0.4300 0.3209 0.8439
vn 0.5567 0.3209 0.7662
vn 0.3823 0.5394 0.7503
vn 0.4949 0.5394 0.6812
vn 0.6698 0.3207 0.6698
vn 0.7663 0.3207 0.5567
vn 0.5954 0.5394 0.5954
vn 0.6812 0.5394 0.4949
vn 0.8439 0.3209 0.4300
vn 0.9008 0.3208 0.2927
vn 0.7503 0.5394 0.3823
vn 0.8008 0.5394 0.2602
vn 0.9355 0.3209 0.1482
vn 0.9471 0.3210 -0.0000
vn 0.8317 0.5394 0.1317
vn 0.8420 0.5394 -0.0000
vn 0.9355 0.3208 -0.1482
vn 0.8317 0.5394 -0.1317
vn -0.8360 -0.4767 0.2716
vn -0.9493 -0.0611 0.3084
vn -0.9858 -0.0611 0.1561
vn -0.8682 -0.4767 0.1375
vn -0.9981 -0.0611 -0.0000
vn -0.8790 -0.4767 -0.0000
vn -0.8893 -0.0611 0.4531
vn -0.7832 -0.4767 0.3991
vn -0.7112 -0.4767 0.5167
vn -0.8075 -0.0611 0.5867
vn -0.7058 -0.0611 0.7058
vn -0.6216 -0.4767 0.6216
vn -0.5167 -0.4767 0.7112
vn -0.5867 -0.0611 0.8075
vn -0.4531 -0.0611 0.8893
vn -0.3991 -0.4767 0.7832
vn -0.2716 -0.4767 0.8360
vn -0.3084 -0.0611 0.9493
vn -0.1561 -0.0611 0.9858
vn -0.1375 -0.4767 0.8682
vn -0.0000 -0.4767 0.8790
vn -0.0000 -0.0611 0.9981
vn 0.1561 -0.0611 0.9858
vn 0.1375 -0.4767 0.8682
vn 0.2716 -0.4767 0.8360
vn 0.3084 -0.0611 0.9493
vn 0.4531 -0.0611 0.8893
vn 0.3991 -0.4767 0.7832
vn 0.5167 -0.4767 0.7112
vn 0.5867 -0.0611 0.8075
vn 0.7058 -0.0611 0.7058
vn 0.6216 -0.4767 0.6216
vn 0.7112 -0.4767 0.5167
vn 0.8075 -0.0611 0.5867
vn 0.8893 -0.0611 0.4532
vn 0.7832 -0.4767 0.3991
vn 0.8360 -0.4767 0.2716
vn 0.9493 -0.0611 0.3084
vn 0.9858 -0.0611 0.1561
vn 0.8682 -0.4767 0.1375
vn 0.8790 -0.4767 -0.0000
vn 0.9981 -0.0611 -0.0000
vn 0.9858 -0.0611 -0.1561
vn 0.8682 -0.4767 -0.1375
vn 0.8360 -0.4767 -0.2716
vn 0.9493 -0.0611 -0.3084
vn 0.8893 -0.0611 -0.4531
vn 0.7832 -0.4767 -0.3991
vn 0.7112 -0.4767 -0.5167
vn 0.8075 -0.0611 -0.5867
vn 0.7058 -0.0611 -0.7058
vn 0.6216 -0.4767 -0.6216
vn 0.5167 -0.4767 -0.7112
vn 0.5867 -0.0611 -0.8075
vn 0.4532 -0.0611 -0.8893
vn 0.3991 -0.4767 -0.7832
vn 0.2716 -0.4767 -0.8360
vn 0.3084 -0.0611 -0.9493
vn 0.1561 -0.0611 -0.9858
vn 0.1375 -0.4767 -0.8682
vn -0.0000 -0.4767 -0.8791
vn -0.0000 -0.0611 -0.9981
vn -0.1561 -0.0611 -0.9858
vn -0.1375 -0.4767 -0.8682
vn -0.2716 -0.4767 -0.8360
vn -0.3084 -0.0611 -0.9493
vn -0.4531 -0.0611 -0.8893
vn -0.3991 -0.4767 -0.7832
vn -0.5167 -0.4767 -0.7112
vn -0.5867 -0.0611 -0.8075
vn -0.7058 -0.0611 -0.7058
vn -0.6216 -0.4767 -0.6216
vn -0.7112 -0.4767 -0.5167
vn -0.8075 -0.0611 -0.5867
vn -0.8893 -0.0611 -0.4532
vn -0.7832 -0.4767 -0.3991
vn -0.8360 -0.4767 -0.2716
vn -0.9493 -0.0611 -0.3084
vn -0.9858 -0.0611 -0.1561
vn -0.8682 -0.4767 -0.1375
vt 0.327401 0.527934
vt 0.325620 0.512157
vt 0.331433 0.511456
vt 0.333206 0.527175
vt 0.323938 0.496321
vt 0.329759 0.495670
vt 0.322359 0.480437
vt 0.328185 0.479832
vt 0.320870 0.464516
vt 0.326702 0.463953
vt 0.319480 0.448565
vt 0.325315 0.448043
vt 0.318178 0.432593
vt 0.324017 0.432108
vt 0.316974 0.416601
vt 0.322816 0.416155
vt 0.315862 0.400597
vt 0.321709 0.400189
vt 0.314855 0.384582
vt 0.320706 0.384214
vt 0.313951 0.368563
vt 0.319810 0.368236
vt 0.313176 0.352547
vt 0.319047 0.352261
vt 0.312583 0.336567
vt 0.318441 0.336285
vt 0.312105 0.320428
vt 0.317905 0.320208
vt 0.311338 0.304454
vt 0.317205 0.304229
vt 0.310792 0.288456
vt 0.316658 0.288270
vt 0.310392 0.272451
vt 0.316256 0.272310
vt 0.310120 0.256448
vt 0.315981 0.256351
vt 0.309952 0.240458
vt 0.315812 0.240404
vt 0.309891 0.224488
vt 0.315750 0.224477
vt 0.309929 0.208546
vt 0.315787 0.208581
vt 0.310077 0.192643
vt 0.315931 0.192729
vt 0.310330 0.176792
vt 0.316182 0.176937
vt 0.310707 0.161008
vt 0.316553 0.161222
vt 0.311214 0.145314
vt 0.317054 0.145612
vt 0.311881 0.129735
vt 0.317711 0.130137
vt 0.312732 0.114311
vt 0.318551 0.114843
vt 0.313825 0.099093
vt 0.319630 0.099789
vt 0.315219 0.084159
vt 0.321011 0.085058
vt 0.317014 0.069625
vt 0.322800 0.070763
vt 0.319315 0.055675
vt 0.325111 0.057047
vt 0.322272 0.042637
vt 0.327984 0.043975
vt 0.352392 0.660459
vt 0.348115 0.647803
vt 0.353723 0.645847
vt 0.357895 0.658530
vt 0.344413 0.634145
vt 0.350063 0.632416
vt 0.341200 0.619836
vt 0.346883 0.618343
vt 0.338366 0.605079
vt 0.344079 0.603784
vt 0.335811 0.590008
vt 0.341551 0.588872
vt 0.333477 0.574705
vt 0.339239 0.573696
vt 0.331313 0.559234
vt 0.337093 0.558325
vt 0.329297 0.543633
vt 0.335090 0.542806
vt 0.337757 0.510709
vt 0.339522 0.526370
vt 0.336089 0.494974
vt 0.334520 0.479181
vt 0.333041 0.463346
vt 0.331658 0.447476
vt 0.330364 0.431582
vt 0.329167 0.415669
vt 0.328063 0.399744
vt 0.327062 0.383811
vt 0.326172 0.367876
vt 0.325415 0.351942
vt 0.324804 0.335986
vt 0.324247 0.319939
vt 0.323571 0.303978
vt 0.323027 0.288063
vt 0.322625 0.272149
vt 0.322350 0.256235
vt 0.322181 0.240330
vt 0.322118 0.224446
vt 0.322155 0.208597
vt 0.322298 0.192795
vt 0.322547 0.177060
vt 0.322915 0.161413
vt 0.323412 0.145884
vt 0.324062 0.130512
vt 0.324893 0.115348
vt 0.325957 0.100458
vt 0.327320 0.085930
vt 0.329087 0.071870
vt 0.331365 0.058380
vt 0.334173 0.045511
vt 0.359807 0.643874
vt 0.363897 0.656375
vt 0.356208 0.630667
vt 0.353075 0.616817
vt 0.350308 0.602451
vt 0.347808 0.587694
vt 0.345517 0.572643
vt 0.343388 0.557373
vt 0.341397 0.541934
vt 0.984081 0.898542
vt 0.978117 0.912921
vt 0.965968 0.906731
vt 0.971112 0.894328
vt 0.969989 0.926199
vt 0.958957 0.918183
vt 0.959874 0.938031
vt 0.950232 0.928389
vt 0.948041 0.948147
vt 0.940026 0.937114
vt 0.934764 0.956274
vt 0.928574 0.944125
vt 0.920385 0.962238
vt 0.916171 0.949269
vt 0.905246 0.965865
vt 0.903113 0.952397
vt 0.889728 0.967094
vt 0.889728 0.953457
vt 0.874209 0.965865
vt 0.876342 0.952397
vt 0.859071 0.962238
vt 0.863285 0.949269
vt 0.844691 0.956274
vt 0.850882 0.944125
vt 0.831415 0.948147
vt 0.839430 0.937114
vt 0.819582 0.938031
vt 0.829224 0.928389
vt 0.809467 0.926199
vt 0.820499 0.918183
vt 0.801339 0.912921
vt 0.813488 0.906731
vt 0.795375 0.898542
vt 0.808344 0.894328
vt 0.791748 0.883403
vt 0.805216 0.881270
vt 0.790519 0.867885
vt 0.804156 0.867885
vt 0.791748 0.852367
vt 0.805216 0.854500
vt 0.795375 0.837228
vt 0.808344 0.841442
vt 0.801339 0.822849
vt 0.813488 0.829039
vt 0.809467 0.809572
vt 0.820499 0.817587
vt 0.819582 0.797739
vt 0.829224 0.807381
vt 0.831415 0.787624
vt 0.839430 0.798656
vt 0.844692 0.779496
vt 0.850882 0.791646
vt 0.859071 0.773532
vt 0.863285 0.786501
vt 0.874209 0.769905
vt 0.876342 0.783373
vt 0.889728 0.768677
vt 0.889728 0.782313
vt 0.905246 0.769905
vt 0.903113 0.783373
vt 0.920385 0.773532
vt 0.916171 0.786501
vt 0.934764 0.779496
vt 0.928574 0.791646
vt 0.948041 0.787624
vt 0.940026 0.798656
vt 0.959874 0.797739
vt 0.950232 0.807381
vt 0.969989 0.809572
vt 0.958957 0.817587
vt 0.978117 0.822849
vt 0.965967 0.829039
vt 0.984081 0.837228
vt 0.971112 0.841442
vt 0.987708 0.852367
vt 0.974240 0.854500
vt 0.988937 0.867885
vt 0.975300 0.867885
vt 0.987708 0.883404
vt 0.974240 0.881270
vt 0.686772 0.436286
vt 0.687286 0.421692
vt 0.694293 0.421907
vt 0.693777 0.436580
vt 0.687667 0.407071
vt 0.694677 0.407210
vt 0.702837 0.407386
vt 0.702447 0.422174
vt 0.701928 0.436941
vt 0.687918 0.392433
vt 0.694929 0.392497
vt 0.688040 0.377781
vt 0.695052 0.377772
vt 0.703214 0.377770
vt 0.703089 0.392583
vt 0.688033 0.363124
vt 0.695043 0.363042
vt 0.687897 0.348464
vt 0.694907 0.348309
vt 0.703068 0.348133
vt 0.703204 0.362952
vt 0.687632 0.333809
vt 0.694640 0.333582
vt 0.687239 0.319164
vt 0.694244 0.318862
vt 0.702399 0.318509
vt 0.702796 0.333317
vt 0.686716 0.304536
vt 0.693716 0.304159
vt 0.686061 0.289930
vt 0.693058 0.289476
vt 0.701201 0.288939
vt 0.701864 0.303715
vt 0.685273 0.275356
vt 0.692264 0.274820
vt 0.684349 0.260819
vt 0.691333 0.260200
vt 0.699459 0.259465
vt 0.700397 0.274187
vt 0.683286 0.246332
vt 0.690260 0.245624
vt 0.682076 0.231905
vt 0.689041 0.231103
vt 0.697142 0.230145
vt 0.698373 0.244782
vt 0.680714 0.217555
vt 0.687665 0.216650
vt 0.679189 0.203296
vt 0.686126 0.202280
vt 0.694192 0.201061
vt 0.695749 0.215568
vt 0.677489 0.189154
vt 0.684405 0.188015
vt 0.675593 0.175156
vt 0.682487 0.173877
vt 0.690502 0.172333
vt 0.692446 0.186643
vt 0.673478 0.161339
vt 0.680343 0.159904
vt 0.671111 0.147750
vt 0.677940 0.146136
vt 0.685886 0.144167
vt 0.688324 0.158163
vt 0.668447 0.134453
vt 0.675230 0.132636
vt 0.665425 0.121525
vt 0.672155 0.119481
vt 0.680008 0.116938
vt 0.683131 0.130401
vt 0.661970 0.109061
vt 0.668636 0.106781
vt 0.658016 0.097130
vt 0.664615 0.094667
vt 0.672323 0.091423
vt 0.676432 0.103892
vt 0.653661 0.085641
vt 0.660184 0.083282
vt 0.656327 0.640785
vt 0.660513 0.629086
vt 0.667188 0.631469
vt 0.662966 0.643022
vt 0.674952 0.634585
vt 0.670382 0.646314
vt 0.667521 0.079792
vt 0.664350 0.617052
vt 0.671047 0.619256
vt 0.667686 0.604533
vt 0.674433 0.606492
vt 0.682300 0.608905
vt 0.678872 0.622018
vt 0.670588 0.591583
vt 0.677387 0.593301
vt 0.673132 0.578281
vt 0.679977 0.579783
vt 0.687934 0.581616
vt 0.685298 0.595402
vt 0.675378 0.564702
vt 0.682259 0.566015
vt 0.677369 0.550901
vt 0.684281 0.552049
vt 0.692311 0.553445
vt 0.690254 0.567614
vt 0.679140 0.536925
vt 0.686073 0.537926
vt 0.680713 0.522805
vt 0.687666 0.523678
vt 0.695746 0.524739
vt 0.694129 0.539145
vt 0.682107 0.508571
vt 0.689074 0.509327
vt 0.683337 0.494242
vt 0.690315 0.494892
vt 0.698430 0.495684
vt 0.697171 0.510247
vt 0.684411 0.479837
vt 0.691398 0.480389
vt 0.685338 0.465367
vt 0.692333 0.465829
vt 0.700470 0.466393
vt 0.699523 0.481063
vt 0.686124 0.450848
vt 0.693123 0.451223
vt 0.701267 0.451683
vt 0.722033 0.924226
vt 0.712396 0.935499
vt 0.645569 0.868673
vt 0.729775 0.911578
vt 0.701123 0.945136
vt 0.688474 0.952879
vt 0.674776 0.958561
vt 0.660354 0.962016
vt 0.645569 0.963186
vt 0.630785 0.962016
vt 0.616363 0.958560
vt 0.602664 0.952878
vt 0.590016 0.945136
vt 0.578743 0.935499
vt 0.569106 0.924226
vt 0.561364 0.911578
vt 0.555682 0.897879
vt 0.552227 0.883457
vt 0.551056 0.868673
vt 0.552227 0.853889
vt 0.555682 0.839467
vt 0.561364 0.825768
vt 0.569106 0.813119
vt 0.578743 0.801847
vt 0.590016 0.792210
vt 0.602664 0.784467
vt 0.616363 0.778785
vt 0.630785 0.775330
vt 0.645569 0.774159
vt 0.660353 0.775330
vt 0.674776 0.778785
vt 0.688475 0.784467
vt 0.701123 0.792210
vt 0.712396 0.801847
vt 0.722033 0.813119
vt 0.729775 0.825768
vt 0.735457 0.839467
vt 0.738912 0.853889
vt 0.740083 0.868673
vt 0.738913 0.883457
vt 0.735457 0.897879
vt 0.494825 0.234439
vt 0.585932 0.168246
vt 0.595158 0.183317
vt 0.601928 0.199639
vt 0.561018 0.143332
vt 0.574449 0.154815
vt 0.529625 0.127337
vt 0.545947 0.134107
vt 0.494825 0.121825
vt 0.512441 0.123220
vt 0.460026 0.127337
vt 0.477210 0.123220
vt 0.428632 0.143333
vt 0.443704 0.134107
vt 0.403719 0.168246
vt 0.415201 0.154815
vt 0.387723 0.199640
vt 0.394493 0.183317
vt 0.382211 0.234439
vt 0.383606 0.216824
vt 0.387723 0.269239
vt 0.383606 0.252055
vt 0.403719 0.300632
vt 0.394493 0.285561
vt 0.428632 0.325546
vt 0.415201 0.314063
vt 0.460026 0.341541
vt 0.443704 0.334771
vt 0.494825 0.347053
vt 0.477210 0.345658
vt 0.529625 0.341541
vt 0.512441 0.345658
vt 0.561018 0.325546
vt 0.545947 0.334771
vt 0.585932 0.300632
vt 0.574449 0.314063
vt 0.601928 0.269239
vt 0.595157 0.285561
vt 0.607439 0.234439
vt 0.606044 0.252055
vt 0.606044 0.216824
vt 0.614920 0.195418
vt 0.607329 0.177116
vt 0.596984 0.160216
vt 0.115807 0.554188
vt 0.089465 0.557078
vt 0.087425 0.539596
vt 0.113786 0.536830
vt 0.085497 0.522101
vt 0.111873 0.519469
vt 0.076660 0.558493
vt 0.074611 0.540946
vt 0.072678 0.523382
vt 0.584109 0.145156
vt 0.569048 0.132280
vt 0.083678 0.504597
vt 0.110071 0.502104
vt 0.081975 0.487086
vt 0.108378 0.484734
vt 0.070851 0.505807
vt 0.069142 0.488223
vt 0.552149 0.121936
vt 0.533847 0.114344
vt 0.080380 0.469572
vt 0.106794 0.467358
vt 0.078900 0.452056
vt 0.105314 0.449975
vt 0.067541 0.470638
vt 0.066057 0.453056
vt 0.514578 0.109728
vt 0.494825 0.108164
vt 0.077523 0.434543
vt 0.103934 0.432584
vt 0.076250 0.417031
vt 0.102647 0.415182
vt 0.064677 0.435482
vt 0.063406 0.417926
vt 0.475073 0.109728
vt 0.455804 0.114344
vt 0.075058 0.399521
vt 0.101444 0.397768
vt 0.073918 0.381997
vt 0.100316 0.380341
vt 0.062222 0.400400
vt 0.061107 0.382930
vt 0.437502 0.121936
vt 0.420603 0.132280
vt 0.072735 0.364416
vt 0.099263 0.362901
vt 0.071347 0.346631
vt 0.098326 0.345456
vt 0.059971 0.365591
vt 0.058477 0.348685
vt 0.405542 0.145156
vt 0.392666 0.160216
vt 0.071123 0.328695
vt 0.097680 0.328022
vt 0.070775 0.311005
vt 0.097234 0.310550
vt 0.058197 0.345724
vt 0.058204 0.328571
vt 0.057897 0.311084
vt 0.382322 0.177116
vt 0.374730 0.195418
vt 0.070449 0.293394
vt 0.096904 0.293080
vt 0.070199 0.275805
vt 0.096666 0.275614
vt 0.057573 0.293508
vt 0.057322 0.275898
vt 0.370114 0.214687
vt 0.368550 0.234439
vt 0.070036 0.258218
vt 0.096518 0.258147
vt 0.069978 0.240625
vt 0.096467 0.240680
vt 0.057155 0.258267
vt 0.057096 0.240617
vt 0.370114 0.254191
vt 0.374730 0.273460
vt 0.070022 0.223024
vt 0.096519 0.223209
vt 0.070182 0.205415
vt 0.096677 0.205733
vt 0.057140 0.222952
vt 0.057301 0.205276
vt 0.382322 0.291763
vt 0.392666 0.308662
vt 0.070451 0.187802
vt 0.096945 0.188252
vt 0.070838 0.170188
vt 0.097323 0.170765
vt 0.057570 0.187594
vt 0.057960 0.169913
vt 0.405542 0.323723
vt 0.420603 0.336598
vt 0.071334 0.152579
vt 0.097811 0.153270
vt 0.071940 0.134981
vt 0.098404 0.135767
vt 0.058456 0.152240
vt 0.059066 0.134586
vt 0.437502 0.346943
vt 0.455804 0.354534
vt 0.072642 0.117402
vt 0.099093 0.118254
vt 0.073431 0.099854
vt 0.099864 0.100730
vt 0.059770 0.116965
vt 0.060563 0.099395
vt 0.475073 0.359150
vt 0.494825 0.360714
vt 0.074272 0.082348
vt 0.100695 0.083192
vt 0.075127 0.064894
vt 0.101555 0.065636
vt 0.061406 0.081900
vt 0.062264 0.064512
vt 0.514578 0.359150
vt 0.533847 0.354534
vt 0.075904 0.047496
vt 0.102405 0.048059
vt 0.076455 0.030141
vt 0.103204 0.030459
vt 0.063042 0.047273
vt 0.063588 0.030253
vt 0.552149 0.346943
vt 0.569048 0.336598
vt 0.076492 0.012774
vt 0.103934 0.012842
vt 0.137000 0.710368
vt 0.109737 0.713279
vt 0.107974 0.695908
vt 0.134626 0.693031
vt 0.063472 0.013604
vt 0.096581 0.713741
vt 0.095071 0.697005
vt 0.584108 0.323723
vt 0.596984 0.308662
vt 0.105791 0.678652
vt 0.132216 0.675671
vt 0.103431 0.661396
vt 0.129764 0.658309
vt 0.092963 0.680027
vt 0.090631 0.662901
vt 0.607329 0.291763
vt 0.614920 0.273460
vt 0.100998 0.644106
vt 0.127300 0.640951
vt 0.098567 0.626771
vt 0.124860 0.623597
vt 0.088208 0.645668
vt 0.085781 0.628346
vt 0.619536 0.254191
vt 0.621101 0.234439
vt 0.096172 0.609395
vt 0.122472 0.606245
vt 0.093848 0.591983
vt 0.120159 0.588894
vt 0.083383 0.610955
vt 0.081056 0.593506
vt 0.619536 0.214687
vt 0.091606 0.574542
vt 0.078807 0.576016
vt 0.117933 0.571542
vt 0.757070 0.904902
vt 0.761356 0.887012
vt 0.762808 0.868673
vt 0.918683 0.446758
vt 0.946048 0.447885
vt 0.945178 0.465027
vt 0.917823 0.463691
vt 0.944139 0.482148
vt 0.916797 0.480611
vt 0.960255 0.448467
vt 0.959381 0.465721
vt 0.958335 0.482948
vt 0.750022 0.921894
vt 0.740418 0.937584
vt 0.946752 0.430725
vt 0.960964 0.431193
vt 0.947281 0.413552
vt 0.961496 0.413904
vt 0.919375 0.429814
vt 0.919897 0.412862
vt 0.728463 0.951567
vt 0.714481 0.963521
vt 0.947642 0.396370
vt 0.961860 0.396605
vt 0.947825 0.379184
vt 0.962044 0.379300
vt 0.920250 0.395904
vt 0.920431 0.378943
vt 0.698791 0.973125
vt 0.681798 0.980173
vt 0.947839 0.361996
vt 0.962060 0.361993
vt 0.947676 0.344810
vt 0.961895 0.344689
vt 0.920441 0.361982
vt 0.920280 0.345022
vt 0.663908 0.984459
vt 0.645569 0.985911
vt 0.947344 0.327630
vt 0.961563 0.327391
vt 0.946836 0.310459
vt 0.961052 0.310104
vt 0.919949 0.328067
vt 0.919448 0.311118
vt 0.627231 0.984459
vt 0.609341 0.980173
vt 0.946163 0.293301
vt 0.960376 0.292832
vt 0.945318 0.276161
vt 0.959527 0.275580
vt 0.918780 0.294178
vt 0.917945 0.277250
vt 0.592348 0.973125
vt 0.576658 0.963521
vt 0.944313 0.259041
vt 0.958518 0.258352
vt 0.943144 0.241948
vt 0.957343 0.241155
vt 0.916948 0.260334
vt 0.915790 0.243435
vt 0.562676 0.951567
vt 0.550721 0.937584
vt 0.941825 0.224884
vt 0.956019 0.223993
vt 0.940354 0.207856
vt 0.954543 0.206874
vt 0.914477 0.226555
vt 0.913016 0.209696
vt 0.541117 0.921894
vt 0.534069 0.904901
vt 0.938751 0.190868
vt 0.952936 0.189804
vt 0.937021 0.173928
vt 0.951201 0.172791
vt 0.911416 0.192860
vt 0.909688 0.176049
vt 0.529783 0.887012
vt 0.528331 0.868673
vt 0.935187 0.157038
vt 0.949366 0.155842
vt 0.933263 0.140206
vt 0.947441 0.138968
vt 0.907847 0.159266
vt 0.905913 0.142509
vt 0.529783 0.850334
vt 0.534069 0.832444
vt 0.931284 0.123436
vt 0.945465 0.122176
vt 0.929276 0.106732
vt 0.943463 0.105478
vt 0.903912 0.125779
vt 0.901875 0.109073
vt 0.541117 0.815452
vt 0.550721 0.799762
vt 0.927291 0.090094
vt 0.941489 0.088882
vt 0.925377 0.073518
vt 0.939591 0.072400
vt 0.899843 0.092387
vt 0.897862 0.075715
vt 0.562676 0.785779
vt 0.576658 0.773825
vt 0.923617 0.056987
vt 0.937865 0.056050
vt 0.922118 0.040458
vt 0.936448 0.039873
vt 0.895981 0.059049
vt 0.894237 0.042387
vt 0.592348 0.764220
vt 0.609341 0.757172
vt 0.921096 0.023828
vt 0.935693 0.023973
vt 0.937550 0.700108
vt 0.923100 0.700398
vt 0.923931 0.683848
vt 0.938162 0.684367
vt 0.892600 0.025741
vt 0.894568 0.698881
vt 0.896097 0.682096
vt 0.627231 0.752886
vt 0.645569 0.751434
vt 0.925338 0.667353
vt 0.939536 0.668288
vt 0.927066 0.650834
vt 0.941249 0.651990
vt 0.897796 0.665342
vt 0.899650 0.648613
vt 0.663908 0.752886
vt 0.681798 0.757172
vt 0.928966 0.634256
vt 0.943140 0.635523
vt 0.930932 0.617605
vt 0.945100 0.618917
vt 0.901604 0.631896
vt 0.903602 0.615176
vt 0.698791 0.764220
vt 0.714481 0.773825
vt 0.932907 0.600879
vt 0.947074 0.602194
vt 0.934837 0.584082
vt 0.949004 0.585367
vt 0.905591 0.598442
vt 0.907532 0.581686
vt 0.728463 0.785779
vt 0.740418 0.799762
vt 0.936696 0.567218
vt 0.950866 0.568454
vt 0.938451 0.550296
vt 0.952624 0.551464
vt 0.909392 0.564904
vt 0.911146 0.548094
vt 0.750022 0.815452
vt 0.757070 0.832444
vt 0.940088 0.533321
vt 0.954268 0.534410
vt 0.941587 0.516300
vt 0.955771 0.517300
vt 0.912776 0.531258
vt 0.914268 0.514397
vt 0.761356 0.850334
vt 0.942943 0.499240
vt 0.957134 0.500144
vt 0.915611 0.497514
vt 0.302499 0.531202
vt 0.300670 0.515141
vt 0.298945 0.499057
vt 0.297336 0.482952
vt 0.295818 0.466830
vt 0.294406 0.450691
vt 0.293082 0.434539
vt 0.291861 0.418375
vt 0.290725 0.402200
vt 0.289694 0.386012
vt 0.288750 0.369808
vt 0.287910 0.353575
vt 0.287145 0.337289
vt 0.287723 0.321319
vt 0.285991 0.305334
vt 0.285531 0.289073
vt 0.285172 0.272835
vt 0.284927 0.256623
vt 0.284775 0.240428
vt 0.284733 0.224247
vt 0.284789 0.208077
vt 0.284963 0.191920
vt 0.285246 0.175777
vt 0.285668 0.159652
vt 0.286224 0.143545
vt 0.286955 0.127464
vt 0.287869 0.111411
vt 0.289025 0.095397
vt 0.290462 0.079431
vt 0.292292 0.063537
vt 0.294694 0.047741
vt 0.298177 0.032122
vt 0.328741 0.673318
vt 0.323919 0.658080
vt 0.320100 0.642534
vt 0.316810 0.626829
vt 0.313890 0.611021
vt 0.311232 0.595145
vt 0.308803 0.579214
vt 0.306549 0.563244
vt 0.304459 0.547238
vt 0.725690 0.408055
vt 0.725284 0.423108
vt 0.724747 0.438151
vt 0.726083 0.377925
vt 0.725950 0.392993
vt 0.725935 0.347781
vt 0.726072 0.362853
vt 0.725249 0.317646
vt 0.725656 0.332711
vt 0.724017 0.287541
vt 0.724698 0.302588
vt 0.722222 0.257490
vt 0.723187 0.272507
vt 0.719830 0.227521
vt 0.721099 0.242493
vt 0.716778 0.197668
vt 0.718388 0.212578
vt 0.712958 0.167980
vt 0.714969 0.182800
vt 0.708181 0.138526
vt 0.710701 0.153219
vt 0.702104 0.109414
vt 0.705332 0.123919
vt 0.693952 0.080860
vt 0.698373 0.095044
vt 0.696355 0.644847
vt 0.690910 0.658838
vt 0.688388 0.067030
vt 0.704299 0.616202
vt 0.700668 0.630599
vt 0.710177 0.587082
vt 0.707429 0.601688
vt 0.714738 0.557641
vt 0.712592 0.572394
vt 0.718320 0.527972
vt 0.716633 0.542830
vt 0.721115 0.498140
vt 0.719803 0.513073
vt 0.723235 0.468188
vt 0.722250 0.483176
vt 0.724060 0.453178
vt 0.279245 0.501369
vt 0.281008 0.517641
vt 0.282890 0.533912
vt 0.276057 0.468812
vt 0.277599 0.485093
vt 0.273277 0.436230
vt 0.274619 0.452524
vt 0.270881 0.403625
vt 0.272034 0.419929
vt 0.268844 0.371017
vt 0.269822 0.387320
vt 0.267060 0.338436
vt 0.267937 0.354724
vt 0.265892 0.305790
vt 0.266248 0.322110
vt 0.265252 0.273158
vt 0.265553 0.289479
vt 0.264898 0.240489
vt 0.265030 0.256827
vt 0.264947 0.207795
vt 0.264870 0.224145
vt 0.265463 0.175069
vt 0.265144 0.191437
vt 0.266534 0.142277
vt 0.265923 0.158684
vt 0.268303 0.109359
vt 0.267321 0.125840
vt 0.270967 0.076201
vt 0.269511 0.092820
vt 0.274703 0.042593
vt 0.272700 0.059473
vt 0.304500 0.665139
vt 0.308325 0.682069
vt 0.276884 0.025492
vt 0.297667 0.631908
vt 0.300937 0.648447
vt 0.291934 0.599098
vt 0.294679 0.615469
vt 0.287075 0.566470
vt 0.289411 0.582770
vt 0.284910 0.550187
vt 0.774308 0.440550
vt 0.774898 0.424924
vt 0.847155 0.427491
vt 0.846498 0.443849
vt 0.775337 0.409301
vt 0.847648 0.411138
vt 0.775626 0.393680
vt 0.847977 0.394788
vt 0.775768 0.378060
vt 0.848144 0.378441
vt 0.775764 0.362442
vt 0.848148 0.362096
vt 0.775614 0.346824
vt 0.847991 0.345752
vt 0.775318 0.331206
vt 0.847674 0.329409
vt 0.774877 0.315589
vt 0.847194 0.313065
vt 0.774287 0.299970
vt 0.846554 0.296720
vt 0.773548 0.284351
vt 0.845753 0.280373
vt 0.772658 0.268729
vt 0.844791 0.264022
vt 0.771612 0.253104
vt 0.843668 0.247667
vt 0.770405 0.237473
vt 0.842384 0.231305
vt 0.769033 0.221835
vt 0.840940 0.214935
vt 0.767486 0.206186
vt 0.839338 0.198555
vt 0.765756 0.190522
vt 0.837580 0.182162
vt 0.763831 0.174839
vt 0.835671 0.165754
vt 0.761696 0.159128
vt 0.833618 0.149329
vt 0.759335 0.143382
vt 0.831430 0.132883
vt 0.756729 0.127588
vt 0.829124 0.116416
vt 0.753862 0.111731
vt 0.826720 0.099926
vt 0.750721 0.095793
vt 0.824249 0.083411
vt 0.747314 0.079748
vt 0.821750 0.066871
vt 0.743690 0.063559
vt 0.819278 0.050301
vt 0.739997 0.047173
vt 0.816895 0.033691
vt 0.742683 0.677475
vt 0.746144 0.661251
vt 0.821439 0.674292
vt 0.819044 0.690930
vt 0.749621 0.645167
vt 0.823871 0.657685
vt 0.752919 0.629183
vt 0.826304 0.641104
vt 0.755961 0.613276
vt 0.828697 0.624550
vt 0.758733 0.597430
vt 0.831017 0.608023
vt 0.761239 0.581633
vt 0.833235 0.591523
vt 0.763497 0.565876
vt 0.835329 0.575049
vt 0.765521 0.550150
vt 0.837284 0.558596
vt 0.767330 0.534451
vt 0.839087 0.542164
vt 0.768937 0.518771
vt 0.840733 0.525749
vt 0.770354 0.503107
vt 0.842217 0.509348
vt 0.771592 0.487456
vt 0.843536 0.492960
vt 0.772660 0.471814
vt 0.844689 0.476581
vt 0.773563 0.456179
vt 0.845676 0.460212
vt 0.287801 0.533242
vt 0.285933 0.517021
vt 0.284179 0.500795
vt 0.292713 0.532567
vt 0.290858 0.516398
vt 0.289114 0.500219
vt 0.282542 0.484562
vt 0.281006 0.468320
vt 0.287487 0.484028
vt 0.285956 0.467826
vt 0.279575 0.452069
vt 0.278238 0.435810
vt 0.284533 0.451612
vt 0.283199 0.435389
vt 0.277001 0.419544
vt 0.275852 0.403271
vt 0.281968 0.419157
vt 0.280824 0.402917
vt 0.274801 0.386994
vt 0.273834 0.370715
vt 0.279780 0.386668
vt 0.278823 0.370412
vt 0.272947 0.354440
vt 0.272057 0.338205
vt 0.277957 0.354151
vt 0.277066 0.337961
vt 0.271093 0.321908
vt 0.270897 0.305661
vt 0.275920 0.321701
vt 0.285397 0.321391
vt 0.275918 0.305544
vt 0.270561 0.289384
vt 0.270244 0.273085
vt 0.275568 0.289288
vt 0.275235 0.273009
vt 0.270014 0.256783
vt 0.269876 0.240480
vt 0.274999 0.256736
vt 0.274855 0.240469
vt 0.269844 0.224176
vt 0.269915 0.207871
vt 0.274820 0.224205
vt 0.274885 0.207945
vt 0.270106 0.191562
vt 0.270415 0.175249
vt 0.275070 0.191686
vt 0.275370 0.175429
vt 0.270865 0.158927
vt 0.271461 0.142591
vt 0.275810 0.159171
vt 0.276392 0.142909
vt 0.272234 0.126237
vt 0.273198 0.109854
vt 0.277151 0.126643
vt 0.278097 0.110364
vt 0.274393 0.093434
vt 0.275844 0.076959
vt 0.279279 0.094071
vt 0.280725 0.077753
vt 0.277606 0.060410
vt 0.279731 0.043748
vt 0.282513 0.061401
vt 0.284751 0.044989
vt 0.282358 0.026914
vt 0.313630 0.680083
vt 0.309404 0.663498
vt 0.287730 0.028503
vt 0.318812 0.677965
vt 0.314286 0.661772
vt 0.305747 0.647052
vt 0.302466 0.630695
vt 0.310552 0.645598
vt 0.307262 0.629442
vt 0.299492 0.614397
vt 0.296768 0.598137
vt 0.304305 0.613296
vt 0.301602 0.597156
vt 0.294268 0.581900
vt 0.291952 0.565677
vt 0.299126 0.581016
vt 0.296830 0.564874
vt 0.289806 0.549459
vt 0.294703 0.548724
vt 0.741032 0.438917
vt 0.746506 0.439185
vt 0.745796 0.454483
vt 0.740328 0.454148
vt 0.744937 0.469775
vt 0.739478 0.469370
vt 0.747065 0.423882
vt 0.741585 0.423679
vt 0.742000 0.408435
vt 0.747483 0.408575
vt 0.747755 0.393265
vt 0.742268 0.393187
vt 0.742403 0.377936
vt 0.747891 0.377952
vt 0.747883 0.362638
vt 0.742394 0.362683
vt 0.742253 0.347430
vt 0.747739 0.347324
vt 0.747453 0.332012
vt 0.741968 0.332178
vt 0.741549 0.316929
vt 0.747030 0.316701
vt 0.746463 0.301394
vt 0.740986 0.301684
vt 0.740286 0.286444
vt 0.745757 0.286091
vt 0.744902 0.270793
vt 0.739437 0.271212
vt 0.738445 0.255988
vt 0.743900 0.255501
vt 0.742741 0.240216
vt 0.737295 0.240775
vt 0.735990 0.225571
vt 0.741425 0.224937
vt 0.739935 0.209667
vt 0.734512 0.210381
vt 0.732859 0.195203
vt 0.738267 0.194403
vt 0.736401 0.179146
vt 0.731006 0.180040
vt 0.728943 0.164890
vt 0.734322 0.163894
vt 0.732001 0.148644
vt 0.726636 0.149756
vt 0.724061 0.134632
vt 0.729412 0.133389
vt 0.726504 0.118122
vt 0.721162 0.119515
vt 0.717887 0.104394
vt 0.723225 0.102826
vt 0.719482 0.087475
vt 0.714129 0.089255
vt 0.709745 0.074067
vt 0.715168 0.072029
vt 0.710195 0.056435
vt 0.704439 0.058777
vt 0.712979 0.669101
vt 0.707238 0.666801
vt 0.712270 0.651402
vt 0.717713 0.653320
vt 0.721853 0.637814
vt 0.716491 0.636134
vt 0.720124 0.620962
vt 0.725465 0.622446
vt 0.728633 0.607149
vt 0.723289 0.605832
vt 0.726083 0.590715
vt 0.731435 0.591886
vt 0.733919 0.576634
vt 0.728552 0.575592
vt 0.730749 0.560459
vt 0.736130 0.561385
vt 0.738093 0.546133
vt 0.732695 0.545311
vt 0.734427 0.530149
vt 0.739838 0.530875
vt 0.741379 0.515611
vt 0.735952 0.514973
vt 0.737299 0.499784
vt 0.742737 0.500339
vt 0.743918 0.485060
vt 0.738467 0.484582
s 1
usemtl initialShadingGroup
f 324/409/323 791/410/324 793/411/325 794/412/326
f 791/410/324 570/413/327 792/414/328 793/411/325
f 570/413/327 795/415/329 797/416/330 792/414/328
f 795/415/329 571/417/331 796/418/332 797/416/330
f 571/417/331 798/419/333 800/420/334 796/418/332
f 798/419/333 572/421/335 799/422/336 800/420/334
f 572/421/335 801/423/337 803/424/338 799/422/336
f 801/423/337 573/425/339 802/426/340 803/424/338
f 573/425/339 804/427/341 806/428/342 802/426/340
f 804/427/341 574/429/343 805/430/344 806/428/342
f 574/429/343 807/431/345 809/432/346 805/430/344
f 807/431/345 575/433/347 808/434/348 809/432/346
f 575/433/347 810/435/349 812/436/350 808/434/348
f 810/435/349 576/437/351 811/438/352 812/436/350
f 576/437/351 813/439/353 815/440/354 811/438/352
f 813/439/353 577/441/355 814/442/356 815/440/354
f 577/441/355 816/443/357 818/444/358 814/442/356
f 816/443/357 578/445/359 817/446/360 818/444/358
f 578/445/359 819/447/361 821/448/362 817/446/360
f 819/447/361 579/449/363 820/450/364 821/448/362
f 579/449/363 822/451/365 824/452/366 820/450/364
f 822/451/365 580/453/367 823/454/368 824/452/366
f 580/453/367 825/455/369 827/456/370 823/454/368
f 825/455/369 581/457/371 826/458/372 827/456/370
f 581/457/371 828/459/373 830/460/374 826/458/372
f 828/459/373 582/461/375 829/462/376 830/460/374
f 582/461/375 831/463/377 833/464/378 829/462/376
f 831/463/377 583/465/379 832/466/380 833/464/378
f 583/465/379 834/467/381 836/468/382 832/466/380
f 834/467/381 584/469/383 835/470/384 836/468/382
f 584/469/383 837/471/385 839/472/386 835/470/384
f 837/473/385 585/474/387 838/475/388 839/476/386
f 585/474/387 840/477/389 842/478/390 838/475/388
f 840/477/389 586/479/391 841/480/392 842/478/390
f 586/479/391 843/481/393 845/482/394 841/480/392
f 843/481/393 587/483/395 844/484/396 845/482/394
f 587/483/395 846/485/397 848/486/398 844/484/396
f 846/485/397 588/487/399 847/488/400 848/486/398
f 588/487/399 849/489/401 850/490/402 847/488/400
f 849/489/401 324/409/323 794/412/326 850/490/402
f 794/412/326 793/411/325 852/491/403 853/492/404
f 793/411/325 792/414/328 851/493/405 852/491/403
f 792/414/328 797/416/330 855/494/406 851/493/405
f 797/416/330 796/418/332 854/495/407 855/494/406
f 796/418/332 800/420/334 857/496/408 854/495/407
f 800/420/334 799/422/336 856/497/409 857/496/408
f 799/422/336 803/424/338 859/498/410 856/497/409
f 803/424/338 802/426/340 858/499/411 859/498/410
f 802/426/340 806/428/342 861/500/412 858/499/411
f 806/428/342 805/430/344 860/501/413 861/500/412
f 805/430/344 809/432/346 863/502/414 860/501/413
f 809/432/346 808/434/348 862/503/415 863/502/414
f 808/434/348 812/436/350 865/504/416 862/503/415
f 812/436/350 811/438/352 864/505/417 865/504/416
f 811/438/352 815/440/354 867/506/418 864/505/417
f 815/440/354 814/442/356 866/507/419 867/506/418
f 814/442/356 818/444/358 869/508/420 866/507/419
f 818/444/358 817/446/360 868/509/421 869/508/420
f 817/446/360 821/448/362 871/510/422 868/509/421
f 821/448/362 820/450/364 870/511/423 871/510/422
f 820/450/364 824/452/366 873/512/424 870/511/423
f 824/452/366 823/454/368 872/513/425 873/512/424
f 823/454/368 827/456/370 875/514/426 872/513/425
f 827/456/370 826/458/372 874/515/427 875/514/426
f 826/458/372 830/460/374 877/516/428 874/515/427
f 830/460/374 829/462/376 876/517/429 877/516/428
f 829/462/376 833/464/378 879/518/430 876/517/429
f 833/464/378 832/466/380 878/519/431 879/518/430
f 832/466/380 836/468/382 881/520/432 878/519/431
f 836/468/382 835/470/384 880/521/433 881/520/432
f 835/470/384 839/472/386 883/522/434 880/521/433
f 839/476/386 838/475/388 882/523/435 883/524/434
f 838/475/388 842/478/390 885/525/436 882/523/435
f 842/478/390 841/480/392 884/526/437 885/525/436
f 841/480/392 845/482/394 887/527/438 884/526/437
f 845/482/394 844/484/396 886/528/439 887/527/438
f 844/484/396 848/486/398 889/529/440 886/528/439
f 848/486/398 847/488/400 888/530/441 889/529/440
f 847/488/400 850/490/402 890/531/442 888/530/441
f 850/490/402 794/412/326 853/492/404 890/531/442
f 853/532/404 852/533/403 892/534/443 893/535/444
f 852/533/403 851/536/405 891/537/445 892/534/443
f 851/536/405 855/538/406 895/539/446 891/537/445
f 855/538/406 854/540/407 894/541/447 895/539/446
f 854/540/407 857/542/408 897/543/448 894/541/447
f 857/542/408 856/544/409 896/545/449 897/543/448
f 856/544/409 859/546/410 899/547/450 896/545/449
f 859/546/410 858/548/411 898/549/451 899/547/450
f 858/548/411 861/550/412 901/551/452 898/549/451
f 861/550/412 860/552/413 900/553/453 901/551/452
f 860/552/413 863/554/414 903/555/454 900/553/453
f 863/554/414 862/556/415 902/557/455 903/555/454
f 862/556/415 865/558/416 905/559/456 902/557/455
f 865/558/416 864/560/417 904/561/457 905/559/456
f 864/560/417 867/562/418 907/563/458 904/561/457
f 867/562/418 866/564/419 906/565/459 907/563/458
f 866/564/419 869/566/420 909/567/460 906/565/459
f 869/566/420 868/568/421 908/569/461 909/567/460
f 868/568/421 871/570/422 911/571/462 908/569/461
f 871/570/422 870/572/423 910/573/463 911/571/462
f 870/572/423 873/574/424 913/575/464 910/573/463
f 873/574/424 872/576/425 912/577/465 913/575/464
f 872/576/425 875/578/426 915/579/466 912/577/465
f 875/578/426 874/580/427 914/581/467 915/579/466
f 874/580/427 877/582/428 917/583/468 914/581/467
f 877/582/428 876/584/429 916/585/469 917/583/468
f 876/584/429 879/586/430 919/587/470 916/585/469
f 879/586/430 878/588/431 918/589/471 919/587/470
f 878/588/431 881/590/432 921/591/472 918/589/471
f 881/590/432 880/592/433 920/593/473 921/591/472
f 880/592/433 883/594/434 923/595/474 920/593/473
f 883/594/434 882/596/435 922/597/475 923/595/474
f 882/596/435 885/598/436 925/599/476 922/597/475
f 885/598/436 884/600/437 924/601/477 925/599/476
f 884/600/437 887/602/438 927/603/478 924/601/477
f 887/602/438 886/604/439 926/605/479 927/603/478
f 886/604/439 889/606/440 929/607/480 926/605/479
f 889/606/440 888/608/441 928/609/481 929/607/480
f 888/608/441 890/610/442 930/611/482 928/609/481
f 890/610/442 853/532/404 893/535/444 930/611/482
f 893/612/444 892/613/443 1084/614/483 933/615/484
f 892/613/443 891/616/445 931/617/485 1084/614/483
f 1084/614/483 931/617/485 325/618/486 932/619/487
f 933/615/484 1084/614/483 932/619/487 591/620/488
f 891/616/445 895/621/446 1085/622/489 931/617/485
f 895/621/446 894/623/447 934/624/490 1085/622/489
f 1085/622/489 934/624/490 326/625/491 935/626/492
f 931/617/485 1085/622/489 935/626/492 325/618/486
f 894/623/447 897/627/448 1086/628/493 934/624/490
f 897/627/448 896/629/449 936/630/494 1086/628/493
f 1086/628/493 936/630/494 327/631/495 937/632/496
f 934/624/490 1086/628/493 937/632/496 326/625/491
f 896/629/449 899/633/450 1087/634/497 936/630/494
f 899/633/450 898/635/451 938/636/498 1087/634/497
f 1087/634/497 938/636/498 328/637/499 939/638/500
f 936/630/494 1087/634/497 939/638/500 327/631/495
f 898/635/451 901/639/452 1088/640/501 938/636/498
f 901/639/452 900/641/453 940/642/502 1088/640/501
f 1088/640/501 940/642/502 329/643/503 941/644/504
f 938/636/498 1088/640/501 941/644/504 328/637/499
f 900/641/453 903/645/454 1089/646/505 940/642/502
f 903/645/454 902/647/455 942/648/506 1089/646/505
f 1089/646/505 942/648/506 330/649/507 943/650/508
f 940/642/502 1089/646/505 943/650/508 329/643/503
f 902/647/455 905/651/456 1090/652/509 942/648/506
f 905/651/456 904/653/457 944/654/510 1090/652/509
f 1090/652/509 944/654/510 331/655/511 945/656/512
f 942/648/506 1090/652/509 945/656/512 330/649/507
f 904/653/457 907/657/458 1091/658/513 944/654/510
f 907/657/458 906/659/459 946/660/514 1091/658/513
f 1091/658/513 946/660/514 332/661/515 947/662/516
f 944/654/510 1091/658/513 947/662/516 331/655/511
f 906/659/459 909/663/460 1092/664/517 946/660/514
f 909/663/460 908/665/461 948/666/518 1092/664/517
f 1092/664/517 948/666/518 333/667/519 949/668/520
f 946/660/514 1092/664/517 949/668/520 332/661/515
f 908/665/461 911/669/462 1093/670/521 948/666/518
f 911/669/462 910/671/463 950/672/522 1093/670/521
f 1093/670/521 950/672/522 334/673/523 951/674/524
f 948/666/518 1093/670/521 951/674/524 333/667/519
f 910/671/463 913/675/464 1094/676/525 950/672/522
f 913/675/464 912/677/465 952/678/526 1094/676/525
f 1094/676/525 952/678/526 335/679/527 953/680/528
f 950/672/522 1094/676/525 953/680/528 334/673/523
f 912/677/465 915/681/466 1095/682/529 952/678/526
f 915/681/466 914/683/467 954/684/530 1095/682/529
f 1095/682/529 954/684/530 336/685/531 955/686/532
f 952/678/526 1095/682/529 955/686/532 335/679/527
f 914/683/467 917/687/468 1096/688/533 954/684/530
f 917/689/468 916/690/469 956/691/534 1096/692/533
f 1096/692/533 956/691/534 337/693/535 957/694/536
f 954/684/530 1096/688/533 957/695/536 336/685/531
f 916/690/469 919/696/470 1097/697/537 956/691/534
f 919/696/470 918/698/471 958/699/538 1097/697/537
f 1097/697/537 958/699/538 338/700/539 959/701/540
f 956/691/534 1097/697/537 959/701/540 337/693/535
f 918/698/471 921/702/472 1098/703/541 958/699/538
f 921/702/472 920/704/473 960/705/542 1098/703/541
f 1098/703/541 960/705/542 339/706/543 961/707/544
f 958/699/538 1098/703/541 961/707/544 338/700/539
f 920/704/473 923/708/474 1099/709/545 960/705/542
f 923/708/474 922/710/475 962/711/546 1099/709/545
f 1099/709/545 962/711/546 340/712/547 963/713/548
f 960/705/542 1099/709/545 963/713/548 339/706/543
f 922/710/475 925/714/476 1100/715/549 962/711/546
f 925/714/476 924/716/477 964/717/550 1100/715/549
f 1100/715/549 964/717/550 341/718/551 965/719/552
f 962/711/546 1100/715/549 965/719/552 340/712/547
f 924/716/477 927/720/478 1101/721/553 964/717/550
f 927/720/478 926/722/479 966/723/554 1101/721/553
f 1101/721/553 966/723/554 342/724/555 967/725/556
f 964/717/550 1101/721/553 967/725/556 341/718/551
f 926/722/479 929/726/480 1102/727/557 966/723/554
f 929/726/480 928/728/481 968/729/558 1102/727/557
f 1102/727/557 968/729/558 343/730/559 969/731/560
f 966/723/554 1102/727/557 969/731/560 342/724/555
f 928/728/481 930/732/482 1103/733/561 968/729/558
f 930/732/482 893/612/444 933/615/484 1103/733/561
f 1103/733/561 933/615/484 591/620/488 970/734/562
f 968/729/558 1103/733/561 970/734/562 343/730/559
f 344/735/563 1129/736/564 1104/737/565 1127/738/566
f 392/739/567 1131/740/568 1104/737/565 1129/736/564
f 395/741/569 1133/742/570 1104/737/565 1131/740/568
f 398/743/571 1135/744/572 1104/737/565 1133/742/570
f 401/745/573 1137/746/574 1104/737/565 1135/744/572
f 404/747/575 1139/748/576 1104/737/565 1137/746/574
f 407/749/577 1141/750/578 1104/737/565 1139/748/576
f 410/751/579 1143/752/580 1104/737/565 1141/750/578
f 413/753/581 1145/754/582 1104/737/565 1143/752/580
f 416/755/583 1147/756/584 1104/737/565 1145/754/582
f 419/757/585 1149/758/586 1104/737/565 1147/756/584
f 422/759/587 1151/760/588 1104/737/565 1149/758/586
f 425/761/589 1153/762/590 1104/737/565 1151/760/588
f 428/763/591 1155/764/592 1104/737/565 1153/762/590
f 431/765/593 1157/766/594 1104/737/565 1155/764/592
f 434/767/595 1159/768/596 1104/737/565 1157/766/594
f 437/769/597 1161/770/598 1104/737/565 1159/768/596
f 440/771/599 1163/772/600 1104/737/565 1161/770/598
f 443/773/601 1009/774/602 1104/737/565 1163/772/600
f 387/775/603 1127/738/566 1104/737/565 1009/774/602
f 323/776/604 972/777/605 971/778/606 346/779/607
f 323/776/604 974/780/608 973/781/609 972/777/605
f 323/776/604 976/782/610 975/783/611 974/780/608
f 323/776/604 978/784/612 977/785/613 976/782/610
f 323/776/604 980/786/614 979/787/615 978/784/612
f 323/776/604 982/788/616 981/789/617 980/786/614
f 323/776/604 984/790/618 983/791/619 982/788/616
f 323/776/604 986/792/620 985/793/621 984/790/618
f 323/776/604 988/794/622 987/795/623 986/792/620
f 323/776/604 990/796/624 989/797/625 988/794/622
f 323/776/604 992/798/626 991/799/627 990/796/624
f 323/776/604 994/800/628 993/801/629 992/798/626
f 323/776/604 996/802/630 995/803/631 994/800/628
f 323/776/604 998/804/632 997/805/633 996/802/630
f 323/776/604 1000/806/634 999/807/635 998/804/632
f 323/776/604 1002/808/636 1001/809/637 1000/806/634
f 323/776/604 1004/810/638 1003/811/639 1002/808/636
f 323/776/604 1006/812/640 1005/813/641 1004/810/638
f 323/776/604 1008/814/642 1007/815/643 1006/812/640
f 323/776/604 346/779/607 1124/816/644 1008/814/642
f 345/817/645 346/779/607 971/778/606 1010/818/646
f 1010/818/646 971/778/606 972/777/605 348/819/647
f 611/820/648 1012/821/649 1105/822/650 1011/823/651
f 1011/823/651 1105/822/650 1013/824/652 347/825/653
f 1012/821/649 345/826/645 1010/827/646 1105/822/650
f 1105/822/650 1010/827/646 348/828/647 1013/824/652
f 348/819/647 972/777/605 973/781/609 1014/829/654
f 1014/829/654 973/781/609 974/780/608 350/830/655
f 347/825/653 1013/824/652 1106/831/656 1015/832/657
f 1015/832/657 1106/831/656 1016/833/658 349/834/659
f 1013/824/652 348/828/647 1014/835/654 1106/831/656
f 1106/831/656 1014/835/654 350/836/655 1016/833/658
f 350/830/655 974/780/608 975/783/611 1017/837/660
f 1017/837/660 975/783/611 976/782/610 352/838/661
f 349/834/659 1016/833/658 1107/839/662 1018/840/663
f 1018/840/663 1107/839/662 1019/841/664 351/842/665
f 1016/833/658 350/836/655 1017/843/660 1107/839/662
f 1107/839/662 1017/843/660 352/844/661 1019/841/664
f 352/838/661 976/782/610 977/785/613 1020/845/666
f 1020/845/666 977/785/613 978/784/612 354/846/667
f 351/842/665 1019/841/664 1108/847/668 1021/848/669
f 1021/848/669 1108/847/668 1022/849/670 353/850/671
f 1019/841/664 352/844/661 1020/851/666 1108/847/668
f 1108/847/668 1020/851/666 354/852/667 1022/849/670
f 354/846/667 978/784/612 979/787/615 1023/853/672
f 1023/853/672 979/787/615 980/786/614 356/854/673
f 353/850/671 1022/849/670 1109/855/674 1024/856/675
f 1024/856/675 1109/855/674 1025/857/676 355/858/677
f 1022/849/670 354/852/667 1023/859/672 1109/855/674
f 1109/855/674 1023/859/672 356/860/673 1025/857/676
f 356/854/673 980/786/614 981/789/617 1026/861/678
f 1026/861/678 981/789/617 982/788/616 358/862/679
f 355/858/677 1025/857/676 1110/863/680 1027/864/681
f 1027/864/681 1110/863/680 1028/865/682 357/866/683
f 1025/857/676 356/860/673 1026/867/678 1110/863/680
f 1110/863/680 1026/867/678 358/868/679 1028/865/682
f 358/862/679 982/788/616 983/791/619 1029/869/684
f 1029/869/684 983/791/619 984/790/618 360/870/685
f 357/866/683 1028/865/682 1111/871/686 1030/872/687
f 1030/872/687 1111/871/686 1031/873/688 359/874/689
f 1028/865/682 358/875/679 1029/876/684 1111/871/686
f 1111/871/686 1029/876/684 360/877/685 1031/873/688
f 360/870/685 984/790/618 985/793/621 1032/878/690
f 1032/878/690 985/793/621 986/792/620 362/879/691
f 359/874/689 1031/873/688 1112/880/692 1033/881/693
f 1033/881/693 1112/880/692 1034/882/694 361/883/695
f 1031/873/688 360/877/685 1032/884/690 1112/880/692
f 1112/880/692 1032/884/690 362/885/691 1034/882/694
f 362/879/691 986/792/620 987/795/623 1035/886/696
f 1035/886/696 987/795/623 988/794/622 364/887/697
f 361/883/695 1034/882/694 1113/888/698 1036/889/699
f 1036/889/699 1113/888/698 1037/890/700 363/891/701
f 1034/882/694 362/885/691 1035/892/696 1113/888/698
f 1113/888/698 1035/892/696 364/893/697 1037/890/700
f 364/887/697 988/794/622 989/797/625 1038/894/702
f 1038/894/702 989/797/625 990/796/624 366/895/703
f 363/891/701 1037/890/700 1114/896/704 1039/897/705
f 1039/897/705 1114/896/704 1040/898/706 365/899/707
f 1037/890/700 364/893/697 1038/900/702 1114/896/704
f 1114/896/704 1038/900/702 366/901/703 1040/898/706
f 366/895/703 990/796/624 991/799/627 1041/902/708
f 1041/902/708 991/799/627 992/798/626 368/903/709
f 365/899/707 1040/898/706 1115/904/710 1042/905/711
f 1042/905/711 1115/904/710 1043/906/712 367/907/713
f 1040/898/706 366/901/703 1041/908/708 1115/904/710
f 1115/904/710 1041/908/708 368/909/709 1043/906/712
f 368/903/709 992/798/626 993/801/629 1044/910/714
f 1044/910/714 993/801/629 994/800/628 370/911/715
f 367/907/713 1043/906/712 1116/912/716 1045/913/717
f 1045/913/717 1116/912/716 1046/914/718 369/915/719
f 1043/906/712 368/909/709 1044/916/714 1116/912/716
f 1116/912/716 1044/916/714 370/917/715 1046/914/718
f 370/911/715 994/800/628 995/803/631 1047/918/720
f 1047/918/720 995/803/631 996/802/630 372/919/721
f 369/915/719 1046/914/718 1117/920/722 1048/921/723
f 1048/921/723 1117/920/722 1049/922/724 371/923/725
f 1046/914/718 370/917/715 1047/924/720 1117/920/722
f 1117/920/722 1047/924/720 372/925/721 1049/922/724
f 372/919/721 996/802/630 997/805/633 1050/926/726
f 1050/926/726 997/805/633 998/804/632 374/927/727
f 371/923/725 1049/922/724 1118/928/728 1051/929/729
f 1051/929/729 1118/928/728 1052/930/730 373/931/731
f 1049/922/724 372/925/721 1050/932/726 1118/928/728
f 1118/928/728 1050/932/726 374/933/727 1052/930/730
f 374/927/727 998/804/632 999/807/635 1053/934/732
f 1053/934/732 999/807/635 1000/806/634 376/935/733
f 373/931/731 1052/930/730 1119/936/734 1054/937/735
f 1054/937/735 1119/936/734 1055/938/736 375/939/737
f 1052/930/730 374/933/727 1053/940/732 1119/936/734
f 1119/936/734 1053/940/732 376/941/733 1055/938/736
f 376/935/733 1000/806/634 1001/809/637 1056/942/738
f 1056/942/738 1001/809/637 1002/808/636 378/943/739
f 375/939/737 1055/938/736 1120/944/740 1057/945/741
f 1057/946/741 1120/947/740 1058/948/742 377/949/743
f 1055/938/736 376/941/733 1056/950/738 1120/944/740
f 1120/947/740 1056/951/738 378/952/739 1058/948/742
f 378/943/739 1002/808/636 1003/811/639 1059/953/744
f 1059/953/744 1003/811/639 1004/810/638 380/954/745
f 377/949/743 1058/948/742 1121/955/746 1060/956/747
f 1060/956/747 1121/955/746 1061/957/748 379/958/749
f 1058/948/742 378/952/739 1059/959/744 1121/955/746
f 1121/955/746 1059/959/744 380/960/745 1061/957/748
f 380/954/745 1004/810/638 1005/813/641 1062/961/750
f 1062/961/750 1005/813/641 1006/812/640 382/962/751
f 379/958/749 1061/957/748 1122/963/752 1063/964/753
f 1063/964/753 1122/963/752 1064/965/754 381/966/755
f 1061/957/748 380/960/745 1062/967/750 1122/963/752
f 1122/963/752 1062/967/750 382/968/751 1064/965/754
f 382/962/751 1006/812/640 1007/815/643 1065/969/756
f 1065/969/756 1007/815/643 1008/814/642 384/970/757
f 381/966/755 1064/965/754 1123/971/758 1066/972/759
f 1066/972/759 1123/971/758 1067/973/760 383/974/761
f 1064/965/754 382/968/751 1065/975/756 1123/971/758
f 1123/971/758 1065/975/756 384/976/757 1067/973/760
f 346/779/607 345/817/645 1068/977/762 1124/816/644
f 1124/816/644 1068/977/762 384/970/757 1008/814/642
f 345/826/645 1012/821/649 1125/978/763 1068/979/762
f 1068/979/762 1125/978/763 1067/973/760 384/976/757
f 1012/821/649 611/820/648 1069/980/764 1125/978/763
f 1125/978/763 1069/980/764 383/974/761 1067/973/760
f 386/981/765 387/775/603 1009/774/602 1070/982/766
f 1070/982/766 1009/774/602 443/773/601 442/983/767
f 385/984/768 1072/985/769 1126/986/770 1071/987/771
f 1071/987/771 1126/986/770 1073/988/772 441/989/773
f 1072/985/769 386/990/765 1070/991/766 1126/986/770
f 1126/986/770 1070/991/766 442/992/767 1073/988/772
f 387/775/603 386/981/765 1074/993/774 1127/738/566
f 1127/738/566 1074/993/774 389/994/775 344/735/563
f 386/990/765 1072/985/769 1128/995/776 1074/996/774
f 1074/996/774 1128/995/776 1075/997/777 389/998/775
f 1072/985/769 385/984/768 1076/999/778 1128/995/776
f 1128/995/776 1076/999/778 388/1000/779 1075/997/777
f 344/735/563 389/994/775 1077/1001/780 1129/736/564
f 1129/736/564 1077/1001/780 391/1002/781 392/739/567
f 389/998/775 1075/997/777 1130/1003/782 1077/1004/780
f 1077/1004/780 1130/1003/782 1078/1005/783 391/1006/781
f 1075/997/777 388/1000/779 1079/1007/784 1130/1003/782
f 1130/1003/782 1079/1007/784 390/1008/785 1078/1005/783
f 392/739/567 391/1002/781 1080/1009/786 1131/740/568
f 1131/740/568 1080/1009/786 394/1010/787 395/741/569
f 391/1006/781 1078/1005/783 1132/1011/788 1080/1012/786
f 1080/1012/786 1132/1011/788 1081/1013/789 394/1014/787
f 1078/1005/783 390/1008/785 1082/1015/790 1132/1011/788
f 1132/1011/788 1082/1015/790 393/1016/791 1081/1013/789
f 395/741/569 394/1010/787 1083/1017/792 1133/742/570
f 1133/742/570 1083/1017/792 397/1018/793 398/743/571
f 394/1014/787 1081/1013/789 1134/1019/794 1083/1020/792
f 1083/1020/792 1134/1019/794 524/1021/795 397/1022/793
f 1081/1013/789 393/1016/791 525/1023/796 1134/1019/794
f 1134/1019/794 525/1023/796 396/1024/797 524/1021/795
f 398/743/571 397/1018/793 526/1025/798 1135/744/572
f 1135/744/572 526/1025/798 400/1026/799 401/745/573
f 397/1022/793 524/1021/795 1136/1027/800 526/1028/798
f 526/1028/798 1136/1027/800 527/1029/801 400/1030/799
f 524/1021/795 396/1024/797 528/1031/802 1136/1027/800
f 1136/1027/800 528/1031/802 399/1032/803 527/1029/801
f 401/745/573 400/1026/799 529/1033/804 1137/746/574
f 1137/746/574 529/1033/804 403/1034/805 404/747/575
f 400/1030/799 527/1029/801 1138/1035/806 529/1036/804
f 529/1036/804 1138/1035/806 530/1037/807 403/1038/805
f 527/1029/801 399/1032/803 531/1039/808 1138/1035/806
f 1138/1035/806 531/1039/808 402/1040/809 530/1037/807
f 404/747/575 403/1034/805 532/1041/810 1139/748/576
f 1139/748/576 532/1041/810 406/1042/811 407/749/577
f 403/1038/805 530/1037/807 1140/1043/812 532/1044/810
f 532/1044/810 1140/1043/812 533/1045/813 406/1046/811
f 530/1037/807 402/1040/809 534/1047/814 1140/1043/812
f 1140/1043/812 534/1047/814 405/1048/815 533/1045/813
f 407/749/577 406/1042/811 535/1049/816 1141/750/578
f 1141/750/578 535/1049/816 409/1050/817 410/751/579
f 406/1046/811 533/1045/813 1142/1051/818 535/1052/816
f 535/1052/816 1142/1051/818 536/1053/819 409/1054/817
f 533/1045/813 405/1048/815 537/1055/820 1142/1051/818
f 1142/1051/818 537/1055/820 408/1056/821 536/1053/819
f 410/751/579 409/1050/817 538/1057/822 1143/752/580
f 1143/752/580 538/1057/822 412/1058/823 413/753/581
f 409/1054/817 536/1053/819 1144/1059/824 538/1060/822
f 538/1060/822 1144/1059/824 539/1061/825 412/1062/823
f 536/1053/819 408/1056/821 540/1063/826 1144/1059/824
f 1144/1059/824 540/1063/826 411/1064/827 539/1061/825
f 413/753/581 412/1058/823 541/1065/828 1145/754/582
f 1145/754/582 541/1065/828 415/1066/829 416/755/583
f 412/1062/823 539/1061/825 1146/1067/830 541/1068/828
f 541/1068/828 1146/1067/830 542/1069/831 415/1070/829
f 539/1061/825 411/1064/827 543/1071/832 1146/1067/830
f 1146/1067/830 543/1071/832 414/1072/833 542/1069/831
f 416/755/583 415/1066/829 544/1073/834 1147/756/584
f 1147/756/584 544/1073/834 418/1074/835 419/757/585
f 415/1070/829 542/1069/831 1148/1075/836 544/1076/834
f 544/1076/834 1148/1075/836 545/1077/837 418/1078/835
f 542/1069/831 414/1072/833 546/1079/838 1148/1075/836
f 1148/1075/836 546/1079/838 417/1080/839 545/1077/837
f 419/757/585 418/1074/835 547/1081/840 1149/758/586
f 1149/758/586 547/1081/840 421/1082/841 422/759/587
f 418/1078/835 545/1077/837 1150/1083/842 547/1084/840
f 547/1084/840 1150/1083/842 548/1085/843 421/1086/841
f 545/1077/837 417/1080/839 549/1087/844 1150/1083/842
f 1150/1083/842 549/1087/844 420/1088/845 548/1085/843
f 422/759/587 421/1082/841 550/1089/846 1151/760/588
f 1151/760/588 550/1089/846 424/1090/847 425/761/589
f 421/1086/841 548/1085/843 1152/1091/848 550/1092/846
f 550/1093/846 1152/1094/848 551/1095/849 424/1096/847
f 548/1085/843 420/1088/845 552/1097/850 1152/1091/848
f 1152/1094/848 552/1098/850 423/1099/851 551/1095/849
f 425/761/589 424/1090/847 553/1100/852 1153/762/590
f 1153/762/590 553/1100/852 427/1101/853 428/763/591
f 424/1096/847 551/1095/849 1154/1102/854 553/1103/852
f 553/1103/852 1154/1102/854 554/1104/855 427/1105/853
f 551/1095/849 423/1099/851 555/1106/856 1154/1102/854
f 1154/1102/854 555/1106/856 426/1107/857 554/1104/855
f 428/763/591 427/1101/853 556/1108/858 1155/764/592
f 1155/764/592 556/1108/858 430/1109/859 431/765/593
f 427/1105/853 554/1104/855 1156/1110/860 556/1111/858
f 556/1111/858 1156/1110/860 557/1112/861 430/1113/859
f 554/1104/855 426/1107/857 558/1114/862 1156/1110/860
f 1156/1110/860 558/1114/862 429/1115/863 557/1112/861
f 431/765/593 430/1109/859 559/1116/864 1157/766/594
f 1157/766/594 559/1116/864 433/1117/865 434/767/595
f 430/1113/859 557/1112/861 1158/1118/866 559/1119/864
f 559/1119/864 1158/1118/866 560/1120/867 433/1121/865
f 557/1112/861 429/1115/863 561/1122/868 1158/1118/866
f 1158/1118/866 561/1122/868 432/1123/869 560/1120/867
f 434/767/595 433/1117/865 562/1124/870 1159/768/596
f 1159/768/596 562/1124/870 436/1125/871 437/769/597
f 433/1121/865 560/1120/867 1160/1126/872 562/1127/870
f 562/1127/870 1160/1126/872 563/1128/873 436/1129/871
f 560/1120/867 432/1123/869 564/1130/874 1160/1126/872
f 1160/1126/872 564/1130/874 435/1131/875 563/1128/873
f 437/769/597 436/1125/871 565/1132/876 1161/770/598
f 1161/770/598 565/1132/876 439/1133/877 440/771/599
f 436/1129/871 563/1128/873 1162/1134/878 565/1135/876
f 565/1135/876 1162/1134/878 566/1136/879 439/1137/877
f 563/1128/873 435/1131/875 567/1138/880 1162/1134/878
f 1162/1134/878 567/1138/880 438/1139/881 566/1136/879
f 440/771/599 439/1133/877 568/1140/882 1163/772/600
f 1163/772/600 568/1140/882 442/983/767 443/773/601
f 439/1137/877 566/1136/879 1164/1141/883 568/1142/882
f 568/1142/882 1164/1141/883 1073/988/772 442/992/767
f 566/1136/879 438/1139/881 569/1143/884 1164/1141/883
f 1164/1141/883 569/1143/884 441/989/773 1073/988/772
f 671/1144/885 1185/1145/886 791/410/324 324/409/323
f 1185/1145/886 672/1146/887 570/413/327 791/410/324
f 672/1146/887 1187/1147/888 795/415/329 570/413/327
f 1187/1147/888 676/1148/889 571/417/331 795/415/329
f 676/1148/889 1189/1149/890 798/419/333 571/417/331
f 1189/1149/890 679/1150/891 572/421/335 798/419/333
f 679/1150/891 1191/1151/892 801/423/337 572/421/335
f 1191/1151/892 682/1152/893 573/425/339 801/423/337
f 682/1152/893 1193/1153/894 804/427/341 573/425/339
f 1193/1153/894 685/1154/895 574/429/343 804/427/341
f 685/1154/895 1195/1155/896 807/431/345 574/429/343
f 1195/1155/896 688/1156/897 575/433/347 807/431/345
f 688/1156/897 1197/1157/898 810/435/349 575/433/347
f 1197/1157/898 691/1158/899 576/437/351 810/435/349
f 691/1158/899 1199/1159/900 813/439/353 576/437/351
f 1199/1159/900 694/1160/901 577/441/355 813/439/353
f 694/1160/901 1201/1161/902 816/443/357 577/441/355
f 1201/1161/902 697/1162/903 578/445/359 816/443/357
f 697/1162/903 1203/1163/904 819/447/361 578/445/359
f 1203/1163/904 700/1164/905 579/449/363 819/447/361
f 700/1164/905 1205/1165/906 822/451/365 579/449/363
f 1205/1165/906 703/1166/907 580/453/367 822/451/365
f 703/1166/907 1207/1167/908 825/455/369 580/453/367
f 1207/1167/908 706/1168/909 581/457/371 825/455/369
f 706/1168/909 1209/1169/910 828/459/373 581/457/371
f 1209/1169/910 709/1170/911 582/461/375 828/459/373
f 709/1170/911 1211/1171/912 831/463/377 582/461/375
f 1211/1171/912 712/1172/913 583/465/379 831/463/377
f 712/1172/913 1213/1173/914 834/467/381 583/465/379
f 1213/1173/914 715/1174/915 584/469/383 834/467/381
f 715/1174/915 1215/1175/916 837/471/385 584/469/383
f 1215/1176/916 718/1177/917 585/474/387 837/473/385
f 718/1177/917 1217/1178/918 840/477/389 585/474/387
f 1217/1178/918 721/1179/919 586/479/391 840/477/389
f 721/1179/919 1219/1180/920 843/481/393 586/479/391
f 1219/1180/920 724/1181/921 587/483/395 843/481/393
f 724/1181/921 1221/1182/922 846/485/397 587/483/395
f 1221/1182/922 727/1183/923 588/487/399 846/485/397
f 727/1183/923 589/1184/924 849/489/401 588/487/399
f 589/1184/924 671/1144/885 324/409/323 849/489/401
f 932/619/487 325/618/486 738/1185/925 590/1186/926
f 591/620/488 932/619/487 590/1186/926 734/1187/927
f 935/626/492 326/625/491 741/1188/928 592/1189/929
f 325/618/486 935/626/492 592/1189/929 738/1185/925
f 937/632/496 327/631/495 744/1190/930 593/1191/931
f 326/625/491 937/632/496 593/1191/931 741/1188/928
f 939/638/500 328/637/499 747/1192/932 594/1193/933
f 327/631/495 939/638/500 594/1193/933 744/1190/930
f 941/644/504 329/643/503 750/1194/934 595/1195/935
f 328/637/499 941/644/504 595/1195/935 747/1192/932
f 943/650/508 330/649/507 753/1196/936 596/1197/937
f 329/643/503 943/650/508 596/1197/937 750/1194/934
f 945/656/512 331/655/511 756/1198/938 597/1199/939
f 330/649/507 945/656/512 597/1199/939 753/1196/936
f 947/662/516 332/661/515 759/1200/940 598/1201/941
f 331/655/511 947/662/516 598/1201/941 756/1198/938
f 949/668/520 333/667/519 762/1202/942 599/1203/943
f 332/661/515 949/668/520 599/1203/943 759/1200/940
f 951/674/524 334/673/523 765/1204/944 600/1205/945
f 333/667/519 951/674/524 600/1205/945 762/1202/942
f 953/680/528 335/679/527 768/1206/946 601/1207/947
f 334/673/523 953/680/528 601/1207/947 765/1204/944
f 955/686/532 336/685/531 771/1208/948 602/1209/949
f 335/679/527 955/686/532 602/1209/949 768/1206/946
f 957/694/536 337/693/535 774/1210/950 603/1211/951
f 336/685/531 957/695/536 603/1212/951 771/1208/948
f 959/701/540 338/700/539 777/1213/952 604/1214/953
f 337/693/535 959/701/540 604/1214/953 774/1210/950
f 961/707/544 339/706/543 780/1215/954 605/1216/955
f 338/700/539 961/707/544 605/1216/955 777/1213/952
f 963/713/548 340/712/547 783/1217/956 606/1218/957
f 339/706/543 963/713/548 606/1218/957 780/1215/954
f 965/719/552 341/718/551 786/1219/958 607/1220/959
f 340/712/547 965/719/552 607/1220/959 783/1217/956
f 967/725/556 342/724/555 789/1221/960 608/1222/961
f 341/718/551 967/725/556 608/1222/961 786/1219/958
f 969/731/560 343/730/559 735/1223/962 609/1224/963
f 342/724/555 969/731/560 609/1224/963 789/1221/960
f 970/734/562 591/620/488 734/1187/927 1225/1225/964
f 343/730/559 970/734/562 1225/1225/964 735/1223/962
f 1011/823/651 347/825/653 447/1226/526 610/1227/965
f 611/820/648 1011/823/651 610/1227/965 445/1228/522
f 1015/832/657 349/834/659 449/1229/530 612/1230/966
f 347/825/653 1015/832/657 612/1230/966 447/1226/526
f 1018/840/663 351/842/665 451/1231/534 613/1232/967
f 349/834/659 1018/840/663 613/1232/967 449/1229/530
f 1021/848/669 353/850/671 453/1233/538 614/1234/968
f 351/842/665 1021/848/669 614/1234/968 451/1231/534
f 1024/856/675 355/858/677 455/1235/542 615/1236/969
f 353/850/671 1024/856/675 615/1236/969 453/1233/538
f 1027/864/681 357/866/683 457/1237/546 616/1238/970
f 355/858/677 1027/864/681 616/1238/970 455/1235/542
f 1030/872/687 359/874/689 459/1239/550 617/1240/971
f 357/866/683 1030/872/687 617/1240/971 457/1237/546
f 1033/881/693 361/883/695 461/1241/554 618/1242/972
f 359/874/689 1033/881/693 618/1242/972 459/1239/550
f 1036/889/699 363/891/701 463/1243/558 619/1244/973
f 361/883/695 1036/889/699 619/1244/973 461/1241/554
f 1039/897/705 365/899/707 465/1245/484 620/1246/974
f 363/891/701 1039/897/705 620/1246/974 463/1243/558
f 1042/905/711 367/907/713 467/1247/485 621/1248/975
f 365/899/707 1042/905/711 621/1248/975 465/1245/484
f 1045/913/717 369/915/719 469/1249/490 622/1250/976
f 367/907/713 1045/913/717 622/1250/976 467/1247/485
f 1048/921/723 371/923/725 471/1251/494 623/1252/977
f 369/915/719 1048/921/723 623/1252/977 469/1249/490
f 1051/929/729 373/931/731 473/1253/498 624/1254/978
f 371/923/725 1051/929/729 624/1254/978 471/1251/494
f 1054/937/735 375/939/737 475/1255/502 625/1256/979
f 373/931/731 1054/937/735 625/1256/979 473/1253/498
f 1057/946/741 377/949/743 477/1257/506 626/1258/980
f 375/939/737 1057/945/741 626/1259/980 475/1255/502
f 1060/956/747 379/958/749 479/1260/981 627/1261/982
f 377/949/743 1060/956/747 627/1261/982 477/1257/506
f 1063/964/753 381/966/755 481/1262/514 628/1263/983
f 379/958/749 1063/964/753 628/1263/983 479/1260/981
f 1066/972/759 383/974/761 483/1264/518 629/1265/984
f 381/966/755 1066/972/759 629/1265/984 481/1262/514
f 1069/980/764 611/820/648 445/1228/522 1223/1266/985
f 383/974/761 1069/980/764 1223/1266/985 483/1264/518
f 485/1267/986 630/1268/987 1165/1269/988 632/1270/989
f 630/1268/987 487/1271/990 631/1272/991 1165/1269/988
f 1165/1269/988 631/1272/991 388/1000/779 1076/999/778
f 632/1270/989 1165/1269/988 1076/999/778 385/984/768
f 487/1271/990 633/1273/992 1166/1274/993 631/1272/991
f 633/1273/992 489/1275/994 634/1276/995 1166/1274/993
f 1166/1274/993 634/1276/995 390/1008/785 1079/1007/784
f 631/1272/991 1166/1274/993 1079/1007/784 388/1000/779
f 489/1275/994 635/1277/996 1167/1278/997 634/1276/995
f 635/1277/996 491/1279/998 636/1280/999 1167/1278/997
f 1167/1278/997 636/1280/999 393/1016/791 1082/1015/790
f 634/1276/995 1167/1278/997 1082/1015/790 390/1008/785
f 491/1279/998 637/1281/1000 1168/1282/1001 636/1280/999
f 637/1281/1000 493/1283/1002 638/1284/1003 1168/1282/1001
f 1168/1282/1001 638/1284/1003 396/1024/797 525/1023/796
f 636/1280/999 1168/1282/1001 525/1023/796 393/1016/791
f 493/1283/1002 639/1285/1004 1169/1286/1005 638/1284/1003
f 639/1285/1004 495/1287/1006 640/1288/1007 1169/1286/1005
f 1169/1286/1005 640/1288/1007 399/1032/803 528/1031/802
f 638/1284/1003 1169/1286/1005 528/1031/802 396/1024/797
f 495/1287/1006 641/1289/1008 1170/1290/1009 640/1288/1007
f 641/1289/1008 497/1291/1010 642/1292/1011 1170/1290/1009
f 1170/1290/1009 642/1292/1011 402/1040/809 531/1039/808
f 640/1288/1007 1170/1290/1009 531/1039/808 399/1032/803
f 497/1291/1010 643/1293/1012 1171/1294/1013 642/1292/1011
f 643/1293/1012 499/1295/1014 644/1296/1015 1171/1294/1013
f 1171/1294/1013 644/1296/1015 405/1048/815 534/1047/814
f 642/1292/1011 1171/1294/1013 534/1047/814 402/1040/809
f 499/1295/1014 645/1297/1016 1172/1298/1017 644/1296/1015
f 645/1297/1016 501/1299/1018 646/1300/1019 1172/1298/1017
f 1172/1298/1017 646/1300/1019 408/1056/821 537/1055/820
f 644/1296/1015 1172/1298/1017 537/1055/820 405/1048/815
f 501/1299/1018 647/1301/1020 1173/1302/1021 646/1300/1019
f 647/1301/1020 503/1303/1022 648/1304/1023 1173/1302/1021
f 1173/1302/1021 648/1304/1023 411/1064/827 540/1063/826
f 646/1300/1019 1173/1302/1021 540/1063/826 408/1056/821
f 503/1303/1022 649/1305/1024 1174/1306/1025 648/1304/1023
f 649/1305/1024 505/1307/1026 650/1308/1027 1174/1306/1025
f 1174/1306/1025 650/1308/1027 414/1072/833 543/1071/832
f 648/1304/1023 1174/1306/1025 543/1071/832 411/1064/827
f 505/1307/1026 651/1309/1028 1175/1310/1029 650/1308/1027
f 651/1309/1028 507/1311/1030 652/1312/1031 1175/1310/1029
f 1175/1310/1029 652/1312/1031 417/1080/839 546/1079/838
f 650/1308/1027 1175/1310/1029 546/1079/838 414/1072/833
f 507/1311/1030 653/1313/1032 1176/1314/1033 652/1312/1031
f 653/1313/1032 509/1315/1034 654/1316/1035 1176/1314/1033
f 1176/1314/1033 654/1316/1035 420/1088/845 549/1087/844
f 652/1312/1031 1176/1314/1033 549/1087/844 417/1080/839
f 509/1315/1034 655/1317/1036 1177/1318/1037 654/1316/1035
f 655/1319/1036 511/1320/1038 656/1321/1039 1177/1322/1037
f 1177/1322/1037 656/1321/1039 423/1099/851 552/1098/850
f 654/1316/1035 1177/1318/1037 552/1097/850 420/1088/845
f 511/1320/1038 657/1323/1040 1178/1324/1041 656/1321/1039
f 657/1323/1040 513/1325/1042 658/1326/1043 1178/1324/1041
f 1178/1324/1041 658/1326/1043 426/1107/857 555/1106/856
f 656/1321/1039 1178/1324/1041 555/1106/856 423/1099/851
f 513/1325/1042 659/1327/1044 1179/1328/1045 658/1326/1043
f 659/1327/1044 515/1329/1046 660/1330/1047 1179/1328/1045
f 1179/1328/1045 660/1330/1047 429/1115/863 558/1114/862
f 658/1326/1043 1179/1328/1045 558/1114/862 426/1107/857
f 515/1329/1046 661/1331/1048 1180/1332/1049 660/1330/1047
f 661/1331/1048 517/1333/1050 662/1334/1051 1180/1332/1049
f 1180/1332/1049 662/1334/1051 432/1123/869 561/1122/868
f 660/1330/1047 1180/1332/1049 561/1122/868 429/1115/863
f 517/1333/1050 663/1335/1052 1181/1336/1053 662/1334/1051
f 663/1335/1052 519/1337/1054 664/1338/1055 1181/1336/1053
f 1181/1336/1053 664/1338/1055 435/1131/875 564/1130/874
f 662/1334/1051 1181/1336/1053 564/1130/874 432/1123/869
f 519/1337/1054 665/1339/1056 1182/1340/1057 664/1338/1055
f 665/1339/1056 521/1341/1058 666/1342/1059 1182/1340/1057
f 1182/1340/1057 666/1342/1059 438/1139/881 567/1138/880
f 664/1338/1055 1182/1340/1057 567/1138/880 435/1131/875
f 521/1341/1058 667/1343/1060 1183/1344/1061 666/1342/1059
f 667/1343/1060 523/1345/1062 668/1346/1063 1183/1344/1061
f 1183/1344/1061 668/1346/1063 441/989/773 569/1143/884
f 666/1342/1059 1183/1344/1061 569/1143/884 438/1139/881
f 523/1345/1062 669/1347/1064 1184/1348/1065 668/1346/1063
f 669/1347/1064 485/1267/986 632/1270/989 1184/1348/1065
f 1184/1348/1065 632/1270/989 385/984/768 1071/987/771
f 668/1346/1063 1184/1348/1065 1071/987/771 441/989/773
f 444/1349/1066 445/1228/522 610/1227/965 670/1350/1067
f 670/1350/1067 610/1227/965 447/1226/526 446/1351/1068
f 671/1144/885 673/1352/1069 1186/1353/1070 1185/1145/886
f 1185/1145/886 1186/1353/1070 674/1354/1071 672/1146/887
f 673/1352/1069 444/1349/1066 670/1350/1067 1186/1353/1070
f 1186/1353/1070 670/1350/1067 446/1351/1068 674/1354/1071
f 446/1351/1068 447/1226/526 612/1230/966 675/1355/1072
f 675/1355/1072 612/1230/966 449/1229/530 448/1356/1073
f 672/1146/887 674/1354/1071 1188/1357/1074 1187/1147/888
f 1187/1147/888 1188/1357/1074 677/1358/1075 676/1148/889
f 674/1354/1071 446/1351/1068 675/1355/1072 1188/1357/1074
f 1188/1357/1074 675/1355/1072 448/1356/1073 677/1358/1075
f 448/1356/1073 449/1229/530 613/1232/967 678/1359/1076
f 678/1359/1076 613/1232/967 451/1231/534 450/1360/1077
f 676/1148/889 677/1358/1075 1190/1361/1078 1189/1149/890
f 1189/1149/890 1190/1361/1078 680/1362/1079 679/1150/891
f 677/1358/1075 448/1356/1073 678/1359/1076 1190/1361/1078
f 1190/1361/1078 678/1359/1076 450/1360/1077 680/1362/1079
f 450/1360/1077 451/1231/534 614/1234/968 681/1363/1080
f 681/1363/1080 614/1234/968 453/1233/538 452/1364/1081
f 679/1150/891 680/1362/1079 1192/1365/1082 1191/1151/892
f 1191/1151/892 1192/1365/1082 683/1366/1083 682/1152/893
f 680/1362/1079 450/1360/1077 681/1363/1080 1192/1365/1082
f 1192/1365/1082 681/1363/1080 452/1364/1081 683/1366/1083
f 452/1364/1081 453/1233/538 615/1236/969 684/1367/1084
f 684/1367/1084 615/1236/969 455/1235/542 454/1368/1085
f 682/1152/893 683/1366/1083 1194/1369/1086 1193/1153/894
f 1193/1153/894 1194/1369/1086 686/1370/1087 685/1154/895
f 683/1366/1083 452/1364/1081 684/1367/1084 1194/1369/1086
f 1194/1369/1086 684/1367/1084 454/1368/1085 686/1370/1087
f 454/1368/1085 455/1235/542 616/1238/970 687/1371/1088
f 687/1371/1088 616/1238/970 457/1237/546 456/1372/1089
f 685/1154/895 686/1370/1087 1196/1373/1090 1195/1155/896
f 1195/1155/896 1196/1373/1090 689/1374/1091 688/1156/897
f 686/1370/1087 454/1368/1085 687/1371/1088 1196/1373/1090
f 1196/1373/1090 687/1371/1088 456/1372/1089 689/1374/1091
f 456/1372/1089 457/1237/546 617/1240/971 690/1375/1092
f 690/1375/1092 617/1240/971 459/1239/550 458/1376/1093
f 688/1156/897 689/1374/1091 1198/1377/1094 1197/1378/898
f 1197/1378/898 1198/1377/1094 692/1379/1095 691/1158/899
f 689/1374/1091 456/1372/1089 690/1375/1092 1198/1377/1094
f 1198/1377/1094 690/1375/1092 458/1376/1093 692/1379/1095
f 458/1376/1093 459/1239/550 618/1242/972 693/1380/1096
f 693/1380/1096 618/1242/972 461/1241/554 460/1381/1097
f 691/1158/899 692/1379/1095 1200/1382/1098 1199/1159/900
f 1199/1159/900 1200/1382/1098 695/1383/1099 694/1160/901
f 692/1379/1095 458/1376/1093 693/1380/1096 1200/1382/1098
f 1200/1382/1098 693/1380/1096 460/1381/1097 695/1383/1099
f 460/1381/1097 461/1241/554 619/1244/973 696/1384/1100
f 696/1384/1100 619/1244/973 463/1243/558 462/1385/1101
f 694/1160/901 695/1383/1099 1202/1386/1102 1201/1161/902
f 1201/1161/902 1202/1386/1102 698/1387/1103 697/1162/903
f 695/1383/1099 460/1381/1097 696/1384/1100 1202/1386/1102
f 1202/1386/1102 696/1384/1100 462/1385/1101 698/1387/1103
f 462/1385/1101 463/1243/558 620/1246/974 699/1388/1104
f 699/1388/1104 620/1246/974 465/1245/484 464/1389/1105
f 697/1162/903 698/1387/1103 1204/1390/1106 1203/1163/904
f 1203/1163/904 1204/1390/1106 701/1391/1107 700/1164/905
f 698/1387/1103 462/1385/1101 699/1388/1104 1204/1390/1106
f 1204/1390/1106 699/1388/1104 464/1389/1105 701/1391/1107
f 464/1389/1105 465/1245/484 621/1248/975 702/1392/1108
f 702/1392/1108 621/1248/975 467/1247/485 466/1393/1109
f 700/1164/905 701/1391/1107 1206/1394/1110 1205/1165/906
f 1205/1165/906 1206/1394/1110 704/1395/1111 703/1166/907
f 701/1391/1107 464/1389/1105 702/1392/1108 1206/1394/1110
f 1206/1394/1110 702/1392/1108 466/1393/1109 704/1395/1111
f 466/1393/1109 467/1247/485 622/1250/976 705/1396/1112
f 705/1396/1112 622/1250/976 469/1249/490 468/1397/1113
f 703/1166/907 704/1395/1111 1208/1398/1114 1207/1167/908
f 1207/1167/908 1208/1398/1114 707/1399/1115 706/1168/909
f 704/1395/1111 466/1393/1109 705/1396/1112 1208/1398/1114
f 1208/1398/1114 705/1396/1112 468/1397/1113 707/1399/1115
f 468/1397/1113 469/1249/490 623/1252/977 708/1400/1116
f 708/1400/1116 623/1252/977 471/1251/494 470/1401/1117
f 706/1168/909 707/1399/1115 1210/1402/1118 1209/1169/910
f 1209/1169/910 1210/1402/1118 710/1403/1119 709/1170/911
f 707/1399/1115 468/1397/1113 708/1400/1116 1210/1402/1118
f 1210/1402/1118 708/1400/1116 470/1401/1117 710/1403/1119
f 470/1401/1117 471/1251/494 624/1254/978 711/1404/1120
f 711/1404/1120 624/1254/978 473/1253/498 472/1405/1121
f 709/1170/911 710/1403/1119 1212/1406/1122 1211/1171/912
f 1211/1171/912 1212/1406/1122 713/1407/1123 712/1172/913
f 710/1403/1119 470/1401/1117 711/1404/1120 1212/1406/1122
f 1212/1406/1122 711/1404/1120 472/1405/1121 713/1407/1123
f 472/1405/1121 473/1253/498 625/1256/979 714/1408/1124
f 714/1408/1124 625/1256/979 475/1255/502 474/1409/1125
f 712/1172/913 713/1407/1123 1214/1410/1126 1213/1173/914
f 1213/1173/914 1214/1410/1126 716/1411/1127 715/1174/915
f 713/1407/1123 472/1405/1121 714/1408/1124 1214/1410/1126
f 1214/1410/1126 714/1408/1124 474/1409/1125 716/1411/1127
f 474/1409/1125 475/1255/502 626/1259/980 717/1412/1128
f 717/1413/1128 626/1258/980 477/1257/506 476/1414/1129
f 715/1174/915 716/1411/1127 1216/1415/1130 1215/1175/916
f 1215/1176/916 1216/1416/1130 719/1417/1131 718/1177/917
f 716/1411/1127 474/1409/1125 717/1412/1128 1216/1415/1130
f 1216/1416/1130 717/1413/1128 476/1414/1129 719/1417/1131
f 476/1414/1129 477/1257/506 627/1261/982 720/1418/1132
f 720/1418/1132 627/1261/982 479/1260/981 478/1419/1133
f 718/1177/917 719/1417/1131 1218/1420/1134 1217/1178/918
f 1217/1178/918 1218/1420/1134 722/1421/1135 721/1179/919
f 719/1417/1131 476/1414/1129 720/1418/1132 1218/1420/1134
f 1218/1420/1134 720/1418/1132 478/1419/1133 722/1421/1135
f 478/1419/1133 479/1260/981 628/1263/983 723/1422/1136
f 723/1422/1136 628/1263/983 481/1262/514 480/1423/1137
f 721/1179/919 722/1421/1135 1220/1424/1138 1219/1180/920
f 1219/1180/920 1220/1424/1138 725/1425/1139 724/1181/921
f 722/1421/1135 478/1419/1133 723/1422/1136 1220/1424/1138
f 1220/1424/1138 723/1422/1136 480/1423/1137 725/1425/1139
f 480/1423/1137 481/1262/514 629/1265/984 726/1426/1140
f 726/1426/1140 629/1265/984 483/1264/518 482/1427/1141
f 724/1181/921 725/1425/1139 1222/1428/1142 1221/1182/922
f 1221/1182/922 1222/1428/1142 728/1429/1143 727/1183/923
f 725/1425/1139 480/1423/1137 726/1426/1140 1222/1428/1142
f 1222/1428/1142 726/1426/1140 482/1427/1141 728/1429/1143
f 445/1228/522 444/1349/1066 729/1430/1144 1223/1266/985
f 1223/1266/985 729/1430/1144 482/1427/1141 483/1264/518
f 444/1349/1066 673/1352/1069 730/1431/1145 729/1430/1144
f 729/1430/1144 730/1431/1145 728/1429/1143 482/1427/1141
f 673/1352/1069 671/1144/885 589/1184/924 730/1431/1145
f 730/1431/1145 589/1184/924 727/1183/923 728/1429/1143
f 484/1432/1146 731/1433/1147 1224/1434/1148 733/1435/1149
f 731/1433/1147 485/1267/986 669/1347/1064 1224/1434/1148
f 1224/1434/1148 669/1347/1064 523/1345/1062 732/1436/1150
f 733/1435/1149 1224/1434/1148 732/1436/1150 522/1437/1151
f 734/1187/927 484/1432/1146 733/1435/1149 1225/1225/964
f 1225/1225/964 733/1435/1149 522/1437/1151 735/1223/962
f 485/1267/986 731/1433/1147 1226/1438/1152 630/1268/987
f 731/1433/1147 484/1432/1146 737/1439/1153 1226/1438/1152
f 1226/1438/1152 737/1439/1153 486/1440/1154 736/1441/1155
f 630/1268/987 1226/1438/1152 736/1441/1155 487/1271/990
f 484/1432/1146 734/1187/927 590/1186/926 737/1439/1153
f 737/1439/1153 590/1186/926 738/1185/925 486/1440/1154
f 487/1271/990 736/1441/1155 1227/1442/1156 633/1273/992
f 736/1441/1155 486/1440/1154 740/1443/1157 1227/1442/1156
f 1227/1442/1156 740/1443/1157 488/1444/1158 739/1445/1159
f 633/1273/992 1227/1442/1156 739/1445/1159 489/1275/994
f 486/1440/1154 738/1185/925 592/1189/929 740/1443/1157
f 740/1443/1157 592/1189/929 741/1188/928 488/1444/1158
f 489/1275/994 739/1445/1159 1228/1446/1160 635/1277/996
f 739/1445/1159 488/1444/1158 743/1447/1161 1228/1446/1160
f 1228/1446/1160 743/1447/1161 490/1448/1162 742/1449/1163
f 635/1277/996 1228/1446/1160 742/1449/1163 491/1279/998
f 488/1444/1158 741/1188/928 593/1191/931 743/1447/1161
f 743/1447/1161 593/1191/931 744/1190/930 490/1448/1162
f 491/1279/998 742/1449/1163 1229/1450/1164 637/1281/1000
f 742/1449/1163 490/1448/1162 746/1451/1165 1229/1450/1164
f 1229/1450/1164 746/1451/1165 492/1452/1166 745/1453/1167
f 637/1281/1000 1229/1450/1164 745/1453/1167 493/1283/1002
f 490/1448/1162 744/1190/930 594/1193/933 746/1451/1165
f 746/1451/1165 594/1193/933 747/1192/932 492/1452/1166
f 493/1283/1002 745/1453/1167 1230/1454/1168 639/1285/1004
f 745/1453/1167 492/1452/1166 749/1455/1169 1230/1454/1168
f 1230/1454/1168 749/1455/1169 494/1456/1170 748/1457/1171
f 639/1285/1004 1230/1454/1168 748/1457/1171 495/1287/1006
f 492/1452/1166 747/1192/932 595/1195/935 749/1455/1169
f 749/1455/1169 595/1195/935 750/1194/934 494/1456/1170
f 495/1287/1006 748/1457/1171 1231/1458/1172 641/1289/1008
f 748/1457/1171 494/1456/1170 752/1459/1173 1231/1458/1172
f 1231/1458/1172 752/1459/1173 496/1460/1174 751/1461/1175
f 641/1289/1008 1231/1458/1172 751/1461/1175 497/1291/1010
f 494/1456/1170 750/1194/934 596/1197/937 752/1459/1173
f 752/1459/1173 596/1197/937 753/1196/936 496/1460/1174
f 497/1291/1010 751/1461/1175 1232/1462/1176 643/1293/1012
f 751/1461/1175 496/1460/1174 755/1463/1177 1232/1462/1176
f 1232/1462/1176 755/1463/1177 498/1464/1178 754/1465/1179
f 643/1293/1012 1232/1462/1176 754/1465/1179 499/1295/1014
f 496/1460/1174 753/1196/936 597/1199/939 755/1463/1177
f 755/1463/1177 597/1199/939 756/1198/938 498/1464/1178
f 499/1295/1014 754/1465/1179 1233/1466/1180 645/1297/1016
f 754/1465/1179 498/1464/1178 758/1467/1181 1233/1466/1180
f 1233/1466/1180 758/1467/1181 500/1468/1182 757/1469/1183
f 645/1297/1016 1233/1466/1180 757/1469/1183 501/1299/1018
f 498/1464/1178 756/1198/938 598/1201/941 758/1467/1181
f 758/1467/1181 598/1201/941 759/1200/940 500/1468/1182
f 501/1299/1018 757/1469/1183 1234/1470/1184 647/1301/1020
f 757/1469/1183 500/1468/1182 761/1471/1185 1234/1470/1184
f 1234/1470/1184 761/1471/1185 502/1472/1186 760/1473/1187
f 647/1301/1020 1234/1470/1184 760/1473/1187 503/1303/1022
f 500/1468/1182 759/1200/940 599/1203/943 761/1471/1185
f 761/1471/1185 599/1203/943 762/1202/942 502/1472/1186
f 503/1303/1022 760/1473/1187 1235/1474/1188 649/1305/1024
f 760/1473/1187 502/1472/1186 764/1475/1189 1235/1474/1188
f 1235/1474/1188 764/1475/1189 504/1476/1190 763/1477/1191
f 649/1305/1024 1235/1474/1188 763/1477/1191 505/1307/1026
f 502/1472/1186 762/1202/942 600/1205/945 764/1475/1189
f 764/1475/1189 600/1205/945 765/1204/944 504/1476/1190
f 505/1307/1026 763/1477/1191 1236/1478/1192 651/1309/1028
f 763/1477/1191 504/1476/1190 767/1479/1193 1236/1478/1192
f 1236/1478/1192 767/1479/1193 506/1480/1194 766/1481/1195
f 651/1309/1028 1236/1478/1192 766/1481/1195 507/1311/1030
f 504/1476/1190 765/1204/944 601/1207/947 767/1479/1193
f 767/1479/1193 601/1207/947 768/1206/946 506/1480/1194
f 507/1311/1030 766/1481/1195 1237/1482/1196 653/1313/1032
f 766/1481/1195 506/1480/1194 770/1483/1197 1237/1482/1196
f 1237/1482/1196 770/1483/1197 508/1484/1198 769/1485/1199
f 653/1313/1032 1237/1482/1196 769/1485/1199 509/1315/1034
f 506/1480/1194 768/1206/946 602/1209/949 770/1483/1197
f 770/1483/1197 602/1209/949 771/1208/948 508/1484/1198
f 509/1315/1034 769/1485/1199 1238/1486/1200 655/1317/1036
f 769/1485/1199 508/1484/1198 773/1487/1201 1238/1486/1200
f 1238/1488/1200 773/1489/1201 510/1490/1202 772/1491/1203
f 655/1319/1036 1238/1488/1200 772/1491/1203 511/1320/1038
f 508/1484/1198 771/1208/948 603/1212/951 773/1487/1201
f 773/1489/1201 603/1211/951 774/1210/950 510/1490/1202
f 511/1320/1038 772/1491/1203 1239/1492/1204 657/1323/1040
f 772/1491/1203 510/1490/1202 776/1493/1205 1239/1492/1204
f 1239/1492/1204 776/1493/1205 512/1494/1206 775/1495/1207
f 657/1323/1040 1239/1492/1204 775/1495/1207 513/1325/1042
f 510/1490/1202 774/1210/950 604/1214/953 776/1493/1205
f 776/1493/1205 604/1214/953 777/1213/952 512/1494/1206
f 513/1325/1042 775/1495/1207 1240/1496/1208 659/1327/1044
f 775/1495/1207 512/1494/1206 779/1497/1209 1240/1496/1208
f 1240/1496/1208 779/1497/1209 514/1498/1210 778/1499/1211
f 659/1327/1044 1240/1496/1208 778/1499/1211 515/1329/1046
f 512/1494/1206 777/1213/952 605/1216/955 779/1497/1209
f 779/1497/1209 605/1216/955 780/1215/954 514/1498/1210
f 515/1329/1046 778/1499/1211 1241/1500/1212 661/1331/1048
f 778/1499/1211 514/1498/1210 782/1501/1213 1241/1500/1212
f 1241/1500/1212 782/1501/1213 516/1502/1214 781/1503/1215
f 661/1331/1048 1241/1500/1212 781/1503/1215 517/1333/1050
f 514/1498/1210 780/1215/954 606/1218/957 782/1501/1213
f 782/1501/1213 606/1218/957 783/1217/956 516/1502/1214
f 517/1333/1050 781/1503/1215 1242/1504/1216 663/1335/1052
f 781/1503/1215 516/1502/1214 785/1505/1217 1242/1504/1216
f 1242/1504/1216 785/1505/1217 518/1506/1218 784/1507/1219
f 663/1335/1052 1242/1504/1216 784/1507/1219 519/1337/1054
f 516/1502/1214 783/1217/956 607/1220/959 785/1505/1217
f 785/1505/1217 607/1220/959 786/1219/958 518/1506/1218
f 519/1337/1054 784/1507/1219 1243/1508/1220 665/1339/1056
f 784/1507/1219 518/1506/1218 788/1509/1221 1243/1508/1220
f 1243/1508/1220 788/1509/1221 520/1510/1222 787/1511/1223
f 665/1339/1056 1243/1508/1220 787/1511/1223 521/1341/1058
f 518/1506/1218 786/1219/958 608/1222/961 788/1509/1221
f 788/1509/1221 608/1222/961 789/1221/960 520/1510/1222
f 521/1341/1058 787/1511/1223 1244/1512/1224 667/1343/1060
f 787/1511/1223 520/1510/1222 790/1513/1225 1244/1512/1224
f 1244/1512/1224 790/1513/1225 522/1437/1151 732/1436/1150
f 667/1343/1060 1244/1512/1224 732/1436/1150 523/1345/1062
f 520/1510/1222 789/1221/960 609/1224/963 790/1513/1225
f 790/1513/1225 609/1224/963 735/1223/962 522/1437/1151
