# Blender v2.92.0 OBJ File: '03. Church.blend'
# www.blender.org
mtllib 03. Church.mtl
o Cube_Cube.001
v 0.968990 0.218096 1.306865
v 0.968990 0.670336 1.306865
v 0.968990 0.848725 1.420087
v 0.968990 0.826330 1.388362
v 0.968990 0.793613 1.356093
v 0.968990 0.761184 1.333884
v 0.968990 0.716428 1.314558
v 0.968990 0.218096 1.599866
v 0.968990 0.218096 1.453365
v 0.968990 0.863556 1.453365
v 0.968990 0.863556 1.453365
v 0.968990 0.670336 1.599866
v 0.968990 0.848725 1.486644
v 0.968990 0.826330 1.518369
v 0.968990 0.793613 1.550638
v 0.968990 0.761184 1.572847
v 0.968990 0.716428 1.592173
v 0.968990 0.218096 0.609523
v 0.968990 0.670336 0.609523
v 0.968990 0.848725 0.722745
v 0.968990 0.826330 0.691020
v 0.968990 0.793613 0.658751
v 0.968990 0.761184 0.636542
v 0.968990 0.716428 0.617216
v 0.968990 0.218096 0.902524
v 0.968990 0.218096 0.756023
v 0.968990 0.863556 0.756023
v 0.968990 0.863556 0.756023
v 0.968990 0.670336 0.902524
v 0.968990 0.848725 0.789302
v 0.968990 0.826330 0.821027
v 0.968990 0.793613 0.853296
v 0.968990 0.761184 0.875505
v 0.968990 0.716428 0.894831
v 0.968990 0.218096 -0.087819
v 0.968990 0.670336 -0.087819
v 0.968990 0.848725 0.025403
v 0.968990 0.826330 -0.006322
v 0.968990 0.793613 -0.038591
v 0.968990 0.761184 -0.060800
v 0.968990 0.716428 -0.080126
v 0.968990 0.218096 0.205182
v 0.968990 0.218096 0.058682
v 0.968990 0.863556 0.058682
v 0.968990 0.863556 0.058682
v 0.968990 0.670336 0.205182
v 0.968990 0.848725 0.091960
v 0.968990 0.826330 0.123685
v 0.968990 0.793613 0.155954
v 0.968990 0.761184 0.178163
v 0.968990 0.716428 0.197489
v 0.968990 0.218096 -0.785161
v 0.968990 0.670336 -0.785161
v 0.968990 0.848725 -0.671939
v 0.968990 0.826330 -0.703664
v 0.968990 0.793613 -0.735933
v 0.968990 0.761184 -0.758142
v 0.968990 0.716428 -0.777468
v 0.968990 0.218096 -0.492160
v 0.968990 0.218096 -0.638660
v 0.968990 0.863556 -0.638660
v 0.968990 0.863556 -0.638660
v 0.968990 0.670336 -0.492160
v 0.968990 0.848725 -0.605382
v 0.968990 0.826330 -0.573657
v 0.968990 0.793613 -0.541388
v 0.968990 0.761184 -0.519179
v 0.968990 0.716428 -0.499853
v 0.968990 0.218096 -1.482503
v 0.968990 0.670336 -1.482503
v 0.968990 0.848725 -1.369281
v 0.968990 0.826330 -1.401006
v 0.968990 0.793613 -1.433275
v 0.968990 0.761184 -1.455484
v 0.968990 0.716428 -1.474810
v 0.968990 0.218096 -1.189502
v 0.968990 0.218096 -1.336002
v 0.968990 0.863556 -1.336002
v 0.968990 0.863556 -1.336002
v 0.968990 0.670336 -1.189502
v 0.968990 0.848725 -1.302724
v 0.968990 0.826330 -1.270999
v 0.968990 0.793613 -1.238730
v 0.968990 0.761184 -1.216521
v 0.968990 0.716428 -1.197195
v 0.588153 0.490746 1.819507
v 0.588153 0.716250 1.819507
v 0.774957 0.490746 1.819507
v 0.774957 0.716250 1.819507
v 0.681555 0.809223 1.819507
v 0.589925 0.734448 1.819507
v 0.595175 0.751875 1.819507
v 0.603700 0.767936 1.819507
v 0.615172 0.782013 1.819507
v 0.629151 0.793567 1.819507
v 0.645100 0.802151 1.819507
v 0.662405 0.807438 1.819507
v 0.700705 0.807438 1.819507
v 0.718010 0.802151 1.819507
v 0.733959 0.793567 1.819507
v 0.747938 0.782013 1.819507
v 0.759410 0.767936 1.819507
v 0.767935 0.751875 1.819507
v 0.773185 0.734448 1.819507
v 1.000000 -0.142859 1.842727
v 1.000000 0.958435 1.842727
v 1.000000 -0.142859 -2.101993
v 1.000000 0.958435 -2.101993
v 0.329448 -0.142859 1.842727
v 0.329448 1.409695 1.842727
v 0.681555 0.809223 1.842727
v 0.700705 0.807438 1.842727
v 0.662405 0.807438 1.842727
v 0.733959 0.793567 1.842727
v 0.718010 0.802151 1.842727
v 0.645100 0.802151 1.842727
v 0.629151 0.793567 1.842727
v 0.615172 0.782013 1.842727
v 0.747938 0.782013 1.842727
v 0.759410 0.767936 1.842727
v 0.603700 0.767936 1.842727
v 0.773185 0.734448 1.842727
v 0.767935 0.751875 1.842727
v 0.595175 0.751875 1.842727
v 0.589925 0.734448 1.842727
v 0.588153 0.716250 1.842727
v 0.774957 0.716250 1.842727
v 0.588153 0.490746 1.842727
v 0.588153 0.449618 1.842727
v 0.774957 0.490746 1.842727
v 0.774957 0.449618 1.842727
v 0.774957 0.449618 1.872967
v 0.588153 0.449618 1.872967
v 0.774957 0.490746 1.872967
v 0.588153 0.490746 1.872967
v 1.000000 0.716428 -1.474810
v 1.000000 0.218096 -1.482503
v 1.024678 0.218096 -0.087819
v 1.000000 0.670336 -1.482503
v 1.000000 0.793613 -1.433275
v 1.000000 0.826330 -1.401006
v 1.000000 0.761184 -1.455484
v 1.000000 0.848725 -1.369281
v 1.000000 0.863556 -1.336002
v 1.000000 0.863556 -1.336002
v 1.000000 0.848725 -1.302724
v 1.000000 0.218096 -1.189502
v 1.000000 0.826330 -1.270999
v 1.000000 0.793613 -1.238730
v 1.000000 0.761184 -1.216521
v 1.000000 0.716428 -1.197195
v 1.000000 0.670336 -1.189502
v 1.000000 0.670336 -0.785161
v 1.000000 0.716428 -0.777468
v 1.000000 0.218096 -0.785161
v 1.024678 0.179392 -0.087819
v 1.000000 0.793613 -0.735933
v 1.000000 0.826330 -0.703664
v 1.000000 0.761184 -0.758142
v 1.000000 0.848725 -0.671939
v 1.000000 0.863556 -0.638660
v 1.000000 0.218096 -0.492160
v 1.000000 0.848725 -0.605382
v 1.000000 0.863556 -0.638660
v 1.000000 0.826330 -0.573657
v 1.000000 0.793613 -0.541388
v 1.000000 0.761184 -0.519179
v 1.000000 0.716428 -0.499853
v 1.000000 0.670336 -0.492160
v 1.000000 0.670336 -0.087819
v 1.000000 0.716428 -0.080126
v 1.000000 0.218096 -0.087819
v 1.024678 0.218096 -0.785161
v 1.000000 0.793613 -0.038591
v 1.000000 0.826330 -0.006322
v 1.000000 0.761184 -0.060800
v 1.000000 0.848725 0.025403
v 1.000000 0.863556 0.058682
v 1.000000 0.848725 0.091960
v 1.000000 0.863556 0.058682
v 1.000000 0.218096 0.205182
v 1.000000 0.826330 0.123685
v 1.000000 0.793613 0.155954
v 1.000000 0.761184 0.178163
v 1.000000 0.716428 0.197489
v 1.000000 0.670336 0.205182
v 1.000000 0.716428 0.617216
v 1.000000 0.670336 0.609523
v 1.000000 0.218096 0.609523
v 1.024678 0.218096 -0.492160
v 1.000000 0.761184 0.636542
v 1.000000 0.793613 0.658751
v 1.000000 0.826330 0.691020
v 1.000000 0.848725 0.722745
v 1.000000 0.863556 0.756023
v 1.000000 0.863556 0.756023
v 1.000000 0.218096 0.902524
v 1.000000 0.848725 0.789302
v 1.000000 0.826330 0.821027
v 1.000000 0.793613 0.853296
v 1.000000 0.761184 0.875505
v 1.000000 0.716428 0.894831
v 1.000000 0.670336 0.902524
v 1.000000 0.863556 1.453365
v 1.000000 0.848725 1.420087
v 1.000000 0.863556 1.453365
v 1.000000 0.848725 1.486644
v 1.000000 0.826330 1.388362
v 1.000000 0.793613 1.356093
v 1.000000 0.826330 1.518369
v 1.000000 0.793613 1.550638
v 1.000000 0.761184 1.333884
v 1.000000 0.761184 1.572847
v 1.000000 0.716428 1.314558
v 1.000000 0.716428 1.592173
v 1.000000 0.670336 1.599866
v 1.000000 0.670336 1.306865
v 1.000000 0.218096 1.306865
v 1.000000 0.218096 1.599866
v 1.024678 0.218096 0.609523
v 1.000000 0.958435 0.756023
v 1.000000 0.958435 1.453365
v 1.000000 0.958435 0.058682
v 1.000000 0.958435 -0.638660
v 1.000000 0.958435 -1.336002
v 1.000000 0.179392 0.609523
v 1.000000 0.179392 -0.785161
v 1.000000 0.179392 0.205182
v 1.000000 0.179392 0.902524
v 1.000000 0.179392 1.599866
v 1.000000 0.179392 -0.087819
v 1.000000 0.179392 1.306865
v 1.000000 0.179392 -1.482503
v 1.000000 0.179392 -0.492160
v 1.000000 0.179392 -1.189502
v 1.024678 0.218096 0.902524
v 1.024678 0.179392 -0.785161
v 1.024678 0.218096 0.205182
v 1.024678 0.218096 -1.482503
v 1.024678 0.218096 -1.189502
v 1.024678 0.179392 0.902524
v 1.024678 0.179392 -1.189502
v 1.024678 0.179392 -0.492160
v 1.024678 0.179392 0.609523
v 1.024678 0.179392 0.205182
v 1.024678 0.218096 1.599866
v 1.024678 0.179392 1.599866
v 1.024678 0.218096 1.306865
v 1.024678 0.179392 1.306865
v 1.024678 0.179392 -1.482503
v 1.000000 0.018193 1.842727
v 0.329448 0.023828 1.842727
v 1.000000 0.018193 -2.101993
v 0.030931 1.139512 -2.101993
v 0.073896 1.103247 -2.101993
v 0.111654 1.063170 -2.101993
v 0.148470 1.012334 -2.101993
v 0.179972 0.954696 -2.101993
v 0.202508 0.878326 -2.101993
v 0.210152 0.801529 -2.101993
v 0.210152 0.475816 -2.101993
v 0.030931 1.139512 -2.044396
v 0.073896 1.103247 -2.044396
v 0.111654 1.063170 -2.044396
v 0.148470 1.012334 -2.044396
v 0.179972 0.954696 -2.044396
v 0.202508 0.878326 -2.044396
v 0.210152 0.801529 -2.044396
v 0.210152 0.475816 -2.044396
v 0.966220 0.236016 1.315611
v 0.966220 0.669853 1.317469
v 0.966220 0.837932 1.424129
v 0.966220 0.816883 1.394319
v 0.966220 0.785943 1.363801
v 0.966220 0.755452 1.342915
v 0.966220 0.713302 1.324695
v 0.966220 0.236016 1.590895
v 0.966220 0.237896 1.453253
v 0.966220 0.851487 1.453253
v 0.966220 0.669853 1.589036
v 0.966220 0.837932 1.482377
v 0.966220 0.816883 1.512187
v 0.966220 0.785943 1.542704
v 0.966220 0.755452 1.563591
v 0.966220 0.713302 1.581810
v 0.966220 0.236016 0.618269
v 0.966220 0.669853 0.620127
v 0.966220 0.837932 0.726787
v 0.966220 0.816883 0.696977
v 0.966220 0.785943 0.666460
v 0.966220 0.755452 0.645573
v 0.966220 0.713302 0.627354
v 0.966220 0.236016 0.893553
v 0.966220 0.237896 0.755911
v 0.966220 0.851487 0.755911
v 0.966220 0.669853 0.891695
v 0.966220 0.837932 0.785035
v 0.966220 0.816883 0.814845
v 0.966220 0.785942 0.845362
v 0.966220 0.755452 0.866249
v 0.966220 0.713302 0.884468
v 0.966220 0.236016 -0.079073
v 0.966220 0.669853 -0.077215
v 0.966220 0.837932 0.029445
v 0.966220 0.816883 -0.000365
v 0.966220 0.785943 -0.030882
v 0.966220 0.755452 -0.051769
v 0.966220 0.713302 -0.069988
v 0.966220 0.236016 0.196211
v 0.966220 0.237896 0.058569
v 0.966220 0.851487 0.058569
v 0.966220 0.669853 0.194353
v 0.966220 0.837932 0.087693
v 0.966220 0.816883 0.117503
v 0.966220 0.785943 0.148020
v 0.966220 0.755452 0.168907
v 0.966220 0.713302 0.187127
v 0.966220 0.236016 -0.776415
v 0.966220 0.669853 -0.774556
v 0.966220 0.837932 -0.667897
v 0.966220 0.816883 -0.697707
v 0.966220 0.785943 -0.728224
v 0.966220 0.755452 -0.749111
v 0.966220 0.713302 -0.767330
v 0.966220 0.236016 -0.501131
v 0.966220 0.237896 -0.638773
v 0.966220 0.851487 -0.638773
v 0.966220 0.669853 -0.502989
v 0.966220 0.837932 -0.609649
v 0.966220 0.816883 -0.579839
v 0.966220 0.785943 -0.549322
v 0.966220 0.755452 -0.528435
v 0.966220 0.713302 -0.510215
v 0.966220 0.236016 -1.473757
v 0.966220 0.669853 -1.471898
v 0.966220 0.837932 -1.365239
v 0.966220 0.816883 -1.395049
v 0.966220 0.785943 -1.425566
v 0.966220 0.755452 -1.446453
v 0.966220 0.713302 -1.464672
v 0.966220 0.236016 -1.198473
v 0.966220 0.237896 -1.336115
v 0.966220 0.851487 -1.336115
v 0.966220 0.669853 -1.200331
v 0.966220 0.837932 -1.306991
v 0.966220 0.816883 -1.277181
v 0.966220 0.785943 -1.246663
v 0.966220 0.755452 -1.225777
v 0.966220 0.713302 -1.207557
v 0.988969 0.713302 -1.464672
v 0.988969 0.236016 -1.473757
v 0.988969 0.669853 -1.471898
v 0.988969 0.785943 -1.425566
v 0.988969 0.816883 -1.395049
v 0.988969 0.755452 -1.446453
v 0.988969 0.837932 -1.365239
v 0.988969 0.851487 -1.336115
v 0.988969 0.837932 -1.306991
v 0.988969 0.236016 -1.198473
v 0.988969 0.816883 -1.277181
v 0.988969 0.785943 -1.246663
v 0.988969 0.755452 -1.225777
v 0.988969 0.713302 -1.207557
v 0.988969 0.669853 -1.200331
v 0.988969 0.669853 -0.774556
v 0.988969 0.713302 -0.767330
v 0.988969 0.236016 -0.776415
v 0.988969 0.785943 -0.728224
v 0.988969 0.816883 -0.697707
v 0.988969 0.755452 -0.749111
v 0.988969 0.837932 -0.667897
v 0.988969 0.851487 -0.638773
v 0.988969 0.236016 -0.501131
v 0.988969 0.837932 -0.609649
v 0.988969 0.816883 -0.579839
v 0.988969 0.785943 -0.549322
v 0.988969 0.755452 -0.528435
v 0.988969 0.713302 -0.510215
v 0.988969 0.669853 -0.502989
v 0.988969 0.669853 -0.077215
v 0.988969 0.713302 -0.069988
v 0.988969 0.236016 -0.079073
v 0.988969 0.785943 -0.030882
v 0.988969 0.816883 -0.000365
v 0.988969 0.755452 -0.051769
v 0.988969 0.837932 0.029445
v 0.988969 0.851487 0.058569
v 0.988969 0.837932 0.087693
v 0.988969 0.236016 0.196211
v 0.988969 0.816883 0.117503
v 0.988969 0.785943 0.148020
v 0.988969 0.755452 0.168907
v 0.988969 0.713302 0.187127
v 0.988969 0.669853 0.194353
v 0.988969 0.713302 0.627354
v 0.988969 0.669853 0.620127
v 0.988969 0.236016 0.618269
v 0.988969 0.755452 0.645573
v 0.988969 0.785943 0.666460
v 0.988969 0.816883 0.696977
v 0.988969 0.837932 0.726787
v 0.988969 0.851487 0.755911
v 0.988969 0.236016 0.893553
v 0.988969 0.837932 0.785035
v 0.988969 0.816883 0.814845
v 0.988969 0.785942 0.845362
v 0.988969 0.755452 0.866249
v 0.988969 0.713302 0.884468
v 0.988969 0.669853 0.891695
v 0.988969 0.851487 1.453253
v 0.988969 0.837932 1.424129
v 0.988969 0.837932 1.482377
v 0.988969 0.816883 1.394319
v 0.988969 0.785943 1.363801
v 0.988969 0.816883 1.512187
v 0.988969 0.785943 1.542704
v 0.988969 0.755452 1.342915
v 0.988969 0.755452 1.563591
v 0.988969 0.713302 1.324695
v 0.988969 0.713302 1.581810
v 0.988969 0.669853 1.589036
v 0.988969 0.669853 1.317469
v 0.988969 0.236016 1.315611
v 0.988969 0.236016 1.590895
v 0.988969 0.715265 -1.482091
v 0.988969 0.173310 -1.492406
v 0.988969 0.665929 -1.490296
v 0.988969 0.797747 -1.437686
v 0.988969 0.832880 -1.403034
v 0.988969 0.763126 -1.461403
v 0.988969 0.856781 -1.369185
v 0.988969 0.872172 -1.336115
v 0.988969 0.856781 -1.303044
v 0.988969 0.173310 -1.179824
v 0.988969 0.832880 -1.269195
v 0.988969 0.797747 -1.234543
v 0.988969 0.763126 -1.210827
v 0.988969 0.715265 -1.190139
v 0.988969 0.665929 -1.181934
v 0.988969 0.665929 -0.792954
v 0.988969 0.715265 -0.784749
v 0.988969 0.173310 -0.795064
v 0.988969 0.797747 -0.740344
v 0.988969 0.832880 -0.705692
v 0.988969 0.763126 -0.764061
v 0.988969 0.856781 -0.671843
v 0.988969 0.872172 -0.638773
v 0.988969 0.173310 -0.482482
v 0.988969 0.856781 -0.605703
v 0.988969 0.832880 -0.571854
v 0.988969 0.797747 -0.537202
v 0.988969 0.763126 -0.513485
v 0.988969 0.715265 -0.492797
v 0.988969 0.665929 -0.484592
v 0.988969 0.665929 -0.095612
v 0.988969 0.715265 -0.087407
v 0.988969 0.173310 -0.097722
v 0.988969 0.797747 -0.043002
v 0.988969 0.832880 -0.008350
v 0.988969 0.763126 -0.066719
v 0.988969 0.856781 0.025499
v 0.988969 0.872172 0.058569
v 0.988969 0.856781 0.091639
v 0.988969 0.173310 0.214860
v 0.988969 0.832880 0.125488
v 0.988969 0.797747 0.160140
v 0.988969 0.763126 0.183857
v 0.988969 0.715265 0.204545
v 0.988969 0.665929 0.212750
v 0.988969 0.715265 0.609935
v 0.988969 0.665929 0.601730
v 0.988969 0.173310 0.599620
v 0.988969 0.763126 0.630623
v 0.988969 0.797747 0.654340
v 0.988969 0.832880 0.688992
v 0.988969 0.856781 0.722841
v 0.988969 0.872172 0.755911
v 0.988969 0.173310 0.912202
v 0.988969 0.856781 0.788981
v 0.988969 0.832880 0.822830
v 0.988969 0.797747 0.857482
v 0.988969 0.763126 0.881199
v 0.988969 0.715265 0.901887
v 0.988969 0.665929 0.910092
v 0.988969 0.872172 1.453253
v 0.988969 0.856781 1.420182
v 0.988969 0.856781 1.486323
v 0.988969 0.832880 1.386333
v 0.988969 0.797747 1.351682
v 0.988969 0.832880 1.520172
v 0.988969 0.797747 1.554824
v 0.988969 0.763126 1.327965
v 0.988969 0.763126 1.578541
v 0.988969 0.715265 1.307277
v 0.988969 0.715265 1.599229
v 0.988969 0.665929 1.607434
v 0.988969 0.665929 1.299072
v 0.988969 0.173310 1.296962
v 0.988969 0.173310 1.609544
v -0.968990 0.218096 1.306865
v -0.968990 0.670336 1.306865
v -0.968990 0.848725 1.420087
v -0.968990 0.826330 1.388362
v -0.968990 0.793613 1.356093
v -0.968990 0.761184 1.333884
v -0.968990 0.716428 1.314558
v -0.968990 0.218096 1.599866
v -0.968990 0.218096 1.453365
v -0.968990 0.863556 1.453365
v -0.968990 0.863556 1.453365
v -0.968990 0.670336 1.599866
v -0.968990 0.848725 1.486644
v -0.968990 0.826330 1.518369
v -0.968990 0.793613 1.550638
v -0.968990 0.761184 1.572847
v -0.968990 0.716428 1.592173
v -0.968990 0.218096 0.609523
v -0.968990 0.670336 0.609523
v -0.968990 0.848725 0.722745
v -0.968990 0.826330 0.691020
v -0.968990 0.793613 0.658751
v -0.968990 0.761184 0.636542
v -0.968990 0.716428 0.617216
v -0.968990 0.218096 0.902524
v -0.968990 0.218096 0.756023
v -0.968990 0.863556 0.756023
v -0.968990 0.863556 0.756023
v -0.968990 0.670336 0.902524
v -0.968990 0.848725 0.789302
v -0.968990 0.826330 0.821027
v -0.968990 0.793613 0.853296
v -0.968990 0.761184 0.875505
v -0.968990 0.716428 0.894831
v -0.968990 0.218096 -0.087819
v -0.968990 0.670336 -0.087819
v -0.968990 0.848725 0.025403
v -0.968990 0.826330 -0.006322
v -0.968990 0.793613 -0.038591
v -0.968990 0.761184 -0.060800
v -0.968990 0.716428 -0.080126
v -0.968990 0.218096 0.205182
v -0.968990 0.218096 0.058682
v -0.968990 0.863556 0.058682
v -0.968990 0.863556 0.058682
v -0.968990 0.670336 0.205182
v -0.968990 0.848725 0.091960
v -0.968990 0.826330 0.123685
v -0.968990 0.793613 0.155954
v -0.968990 0.761184 0.178163
v -0.968990 0.716428 0.197489
v -0.968990 0.218096 -0.785161
v -0.968990 0.670336 -0.785161
v -0.968990 0.848725 -0.671939
v -0.968990 0.826330 -0.703664
v -0.968990 0.793613 -0.735933
v -0.968990 0.761184 -0.758142
v -0.968990 0.716428 -0.777468
v -0.968990 0.218096 -0.492160
v -0.968990 0.218096 -0.638660
v -0.968990 0.863556 -0.638660
v -0.968990 0.863556 -0.638660
v -0.968990 0.670336 -0.492160
v -0.968990 0.848725 -0.605382
v -0.968990 0.826330 -0.573657
v -0.968990 0.793613 -0.541388
v -0.968990 0.761184 -0.519179
v -0.968990 0.716428 -0.499853
v -0.968990 0.218096 -1.482503
v -0.968990 0.670336 -1.482503
v -0.968990 0.848725 -1.369281
v -0.968990 0.826330 -1.401006
v -0.968990 0.793613 -1.433275
v -0.968990 0.761184 -1.455484
v -0.968990 0.716428 -1.474810
v -0.968990 0.218096 -1.189502
v -0.968990 0.218096 -1.336002
v -0.968990 0.863556 -1.336002
v -0.968990 0.863556 -1.336002
v -0.968990 0.670336 -1.189502
v -0.968990 0.848725 -1.302724
v -0.968990 0.826330 -1.270999
v -0.968990 0.793613 -1.238730
v -0.968990 0.761184 -1.216521
v -0.968990 0.716428 -1.197195
v -0.588153 0.490746 1.819507
v -0.588153 0.716250 1.819507
v -0.774957 0.490746 1.819507
v -0.774957 0.716250 1.819507
v -0.681555 0.809223 1.819507
v -0.589925 0.734448 1.819507
v -0.595175 0.751875 1.819507
v -0.603700 0.767936 1.819507
v -0.615172 0.782013 1.819507
v -0.629151 0.793567 1.819507
v -0.645100 0.802151 1.819507
v -0.662405 0.807438 1.819507
v -0.700705 0.807438 1.819507
v -0.718010 0.802151 1.819507
v -0.733959 0.793567 1.819507
v -0.747938 0.782013 1.819507
v -0.759410 0.767936 1.819507
v -0.767935 0.751875 1.819507
v -0.773185 0.734448 1.819507
v -1.000000 -0.142859 1.842727
v -1.000000 0.958435 1.842727
v -1.000000 -0.142859 -2.101993
v -1.000000 0.958435 -2.101993
v 0.000000 -0.142859 -2.101993
v 0.000000 1.631140 -2.101993
v -0.329448 -0.142859 1.842727
v -0.329448 1.409695 1.842727
v -0.681555 0.809223 1.842727
v -0.700705 0.807438 1.842727
v -0.662405 0.807438 1.842727
v -0.733959 0.793567 1.842727
v -0.718010 0.802151 1.842727
v -0.645100 0.802151 1.842727
v -0.629151 0.793567 1.842727
v -0.615172 0.782013 1.842727
v -0.747938 0.782013 1.842727
v -0.759410 0.767936 1.842727
v -0.603700 0.767936 1.842727
v -0.773185 0.734448 1.842727
v -0.767935 0.751875 1.842727
v -0.595175 0.751875 1.842727
v -0.589925 0.734448 1.842727
v -0.588153 0.716250 1.842727
v -0.774957 0.716250 1.842727
v -0.588153 0.490746 1.842727
v -0.588153 0.449618 1.842727
v -0.774957 0.490746 1.842727
v -0.774957 0.449618 1.842727
v -0.774957 0.449618 1.872967
v -0.588153 0.449618 1.872967
v -0.774957 0.490746 1.872967
v -0.588153 0.490746 1.872967
v -1.000000 0.716428 -1.474810
v -1.000000 0.218096 -1.482503
v -1.024678 0.218096 -0.087819
v -1.000000 0.670336 -1.482503
v -1.000000 0.793613 -1.433275
v -1.000000 0.826330 -1.401006
v -1.000000 0.761184 -1.455484
v -1.000000 0.848725 -1.369281
v -1.000000 0.863556 -1.336002
v -1.000000 0.863556 -1.336002
v -1.000000 0.848725 -1.302724
v -1.000000 0.218096 -1.189502
v -1.000000 0.826330 -1.270999
v -1.000000 0.793613 -1.238730
v -1.000000 0.761184 -1.216521
v -1.000000 0.716428 -1.197195
v -1.000000 0.670336 -1.189502
v -1.000000 0.670336 -0.785161
v -1.000000 0.716428 -0.777468
v -1.000000 0.218096 -0.785161
v -1.024678 0.179392 -0.087819
v -1.000000 0.793613 -0.735933
v -1.000000 0.826330 -0.703664
v -1.000000 0.761184 -0.758142
v -1.000000 0.848725 -0.671939
v -1.000000 0.863556 -0.638660
v -1.000000 0.218096 -0.492160
v -1.000000 0.848725 -0.605382
v -1.000000 0.863556 -0.638660
v -1.000000 0.826330 -0.573657
v -1.000000 0.793613 -0.541388
v -1.000000 0.761184 -0.519179
v -1.000000 0.716428 -0.499853
v -1.000000 0.670336 -0.492160
v -1.000000 0.670336 -0.087819
v -1.000000 0.716428 -0.080126
v -1.000000 0.218096 -0.087819
v -1.024678 0.218096 -0.785161
v -1.000000 0.793613 -0.038591
v -1.000000 0.826330 -0.006322
v -1.000000 0.761184 -0.060800
v -1.000000 0.848725 0.025403
v -1.000000 0.863556 0.058682
v -1.000000 0.848725 0.091960
v -1.000000 0.863556 0.058682
v -1.000000 0.218096 0.205182
v -1.000000 0.826330 0.123685
v -1.000000 0.793613 0.155954
v -1.000000 0.761184 0.178163
v -1.000000 0.716428 0.197489
v -1.000000 0.670336 0.205182
v -1.000000 0.716428 0.617216
v -1.000000 0.670336 0.609523
v -1.000000 0.218096 0.609523
v -1.024678 0.218096 -0.492160
v -1.000000 0.761184 0.636542
v -1.000000 0.793613 0.658751
v -1.000000 0.826330 0.691020
v -1.000000 0.848725 0.722745
v -1.000000 0.863556 0.756023
v -1.000000 0.863556 0.756023
v -1.000000 0.218096 0.902524
v -1.000000 0.848725 0.789302
v -1.000000 0.826330 0.821027
v -1.000000 0.793613 0.853296
v -1.000000 0.761184 0.875505
v -1.000000 0.716428 0.894831
v -1.000000 0.670336 0.902524
v -1.000000 0.863556 1.453365
v -1.000000 0.848725 1.420087
v -1.000000 0.863556 1.453365
v -1.000000 0.848725 1.486644
v -1.000000 0.826330 1.388362
v -1.000000 0.793613 1.356093
v -1.000000 0.826330 1.518369
v -1.000000 0.793613 1.550638
v -1.000000 0.761184 1.333884
v -1.000000 0.761184 1.572847
v -1.000000 0.716428 1.314558
v -1.000000 0.716428 1.592173
v -1.000000 0.670336 1.599866
v -1.000000 0.670336 1.306865
v -1.000000 0.218096 1.306865
v -1.000000 0.218096 1.599866
v -1.024678 0.218096 0.609523
v -1.000000 0.958435 0.756023
v -1.000000 0.958435 1.453365
v -1.000000 0.958435 0.058682
v -1.000000 0.958435 -0.638660
v -1.000000 0.958435 -1.336002
v -1.000000 0.179392 0.609523
v -1.000000 0.179392 -0.785161
v -1.000000 0.179392 0.205182
v -1.000000 0.179392 0.902524
v -1.000000 0.179392 1.599866
v -1.000000 0.179392 -0.087819
v -1.000000 0.179392 1.306865
v -1.000000 0.179392 -1.482503
v -1.000000 0.179392 -0.492160
v -1.000000 0.179392 -1.189502
v -1.024678 0.218096 0.902524
v -1.024678 0.179392 -0.785161
v -1.024678 0.218096 0.205182
v -1.024678 0.218096 -1.482503
v -1.024678 0.218096 -1.189502
v -1.024678 0.179392 0.902524
v -1.024678 0.179392 -1.189502
v -1.024678 0.179392 -0.492160
v -1.024678 0.179392 0.609523
v -1.024678 0.179392 0.205182
v -1.024678 0.218096 1.599866
v -1.024678 0.179392 1.599866
v -1.024678 0.218096 1.306865
v -1.024678 0.179392 1.306865
v -1.024678 0.179392 -1.482503
v -1.000000 0.018193 1.842727
v -0.329448 0.023828 1.842727
v -1.000000 0.018193 -2.101993
v 0.000000 0.018193 -2.101993
v 0.000000 -0.142859 1.842727
v 0.000000 1.159104 -2.101993
v -0.030931 1.139512 -2.101993
v -0.073896 1.103247 -2.101993
v -0.111654 1.063170 -2.101993
v -0.148470 1.012334 -2.101993
v -0.179972 0.954696 -2.101993
v -0.202508 0.878326 -2.101993
v -0.210152 0.801529 -2.101993
v -0.210152 0.475816 -2.101993
v 0.000000 0.475816 -2.101993
v 0.000000 1.159104 -2.044396
v -0.030931 1.139512 -2.044396
v -0.073896 1.103247 -2.044396
v -0.111654 1.063170 -2.044396
v -0.148470 1.012334 -2.044396
v -0.179972 0.954696 -2.044396
v -0.202508 0.878326 -2.044396
v -0.210152 0.801529 -2.044396
v -0.210152 0.475816 -2.044396
v 0.000000 0.475816 -2.044396
v -0.966220 0.236016 1.315611
v -0.966220 0.669853 1.317469
v -0.966220 0.837932 1.424129
v -0.966220 0.816883 1.394319
v -0.966220 0.785943 1.363801
v -0.966220 0.755452 1.342915
v -0.966220 0.713302 1.324695
v -0.966220 0.236016 1.590895
v -0.966220 0.237896 1.453253
v -0.966220 0.851487 1.453253
v -0.966220 0.669853 1.589036
v -0.966220 0.837932 1.482377
v -0.966220 0.816883 1.512187
v -0.966220 0.785943 1.542704
v -0.966220 0.755452 1.563591
v -0.966220 0.713302 1.581810
v -0.966220 0.236016 0.618269
v -0.966220 0.669853 0.620127
v -0.966220 0.837932 0.726787
v -0.966220 0.816883 0.696977
v -0.966220 0.785943 0.666460
v -0.966220 0.755452 0.645573
v -0.966220 0.713302 0.627354
v -0.966220 0.236016 0.893553
v -0.966220 0.237896 0.755911
v -0.966220 0.851487 0.755911
v -0.966220 0.669853 0.891695
v -0.966220 0.837932 0.785035
v -0.966220 0.816883 0.814845
v -0.966220 0.785942 0.845362
v -0.966220 0.755452 0.866249
v -0.966220 0.713302 0.884468
v -0.966220 0.236016 -0.079073
v -0.966220 0.669853 -0.077215
v -0.966220 0.837932 0.029445
v -0.966220 0.816883 -0.000365
v -0.966220 0.785943 -0.030882
v -0.966220 0.755452 -0.051769
v -0.966220 0.713302 -0.069988
v -0.966220 0.236016 0.196211
v -0.966220 0.237896 0.058569
v -0.966220 0.851487 0.058569
v -0.966220 0.669853 0.194353
v -0.966220 0.837932 0.087693
v -0.966220 0.816883 0.117503
v -0.966220 0.785943 0.148020
v -0.966220 0.755452 0.168907
v -0.966220 0.713302 0.187127
v -0.966220 0.236016 -0.776415
v -0.966220 0.669853 -0.774556
v -0.966220 0.837932 -0.667897
v -0.966220 0.816883 -0.697707
v -0.966220 0.785943 -0.728224
v -0.966220 0.755452 -0.749111
v -0.966220 0.713302 -0.767330
v -0.966220 0.236016 -0.501131
v -0.966220 0.237896 -0.638773
v -0.966220 0.851487 -0.638773
v -0.966220 0.669853 -0.502989
v -0.966220 0.837932 -0.609649
v -0.966220 0.816883 -0.579839
v -0.966220 0.785943 -0.549322
v -0.966220 0.755452 -0.528435
v -0.966220 0.713302 -0.510215
v -0.966220 0.236016 -1.473757
v -0.966220 0.669853 -1.471898
v -0.966220 0.837932 -1.365239
v -0.966220 0.816883 -1.395049
v -0.966220 0.785943 -1.425566
v -0.966220 0.755452 -1.446453
v -0.966220 0.713302 -1.464672
v -0.966220 0.236016 -1.198473
v -0.966220 0.237896 -1.336115
v -0.966220 0.851487 -1.336115
v -0.966220 0.669853 -1.200331
v -0.966220 0.837932 -1.306991
v -0.966220 0.816883 -1.277181
v -0.966220 0.785943 -1.246663
v -0.966220 0.755452 -1.225777
v -0.966220 0.713302 -1.207557
v -0.988969 0.713302 -1.464672
v -0.988969 0.236016 -1.473757
v -0.988969 0.669853 -1.471898
v -0.988969 0.785943 -1.425566
v -0.988969 0.816883 -1.395049
v -0.988969 0.755452 -1.446453
v -0.988969 0.837932 -1.365239
v -0.988969 0.851487 -1.336115
v -0.988969 0.837932 -1.306991
v -0.988969 0.236016 -1.198473
v -0.988969 0.816883 -1.277181
v -0.988969 0.785943 -1.246663
v -0.988969 0.755452 -1.225777
v -0.988969 0.713302 -1.207557
v -0.988969 0.669853 -1.200331
v -0.988969 0.669853 -0.774556
v -0.988969 0.713302 -0.767330
v -0.988969 0.236016 -0.776415
v -0.988969 0.785943 -0.728224
v -0.988969 0.816883 -0.697707
v -0.988969 0.755452 -0.749111
v -0.988969 0.837932 -0.667897
v -0.988969 0.851487 -0.638773
v -0.988969 0.236016 -0.501131
v -0.988969 0.837932 -0.609649
v -0.988969 0.816883 -0.579839
v -0.988969 0.785943 -0.549322
v -0.988969 0.755452 -0.528435
v -0.988969 0.713302 -0.510215
v -0.988969 0.669853 -0.502989
v -0.988969 0.669853 -0.077215
v -0.988969 0.713302 -0.069988
v -0.988969 0.236016 -0.079073
v -0.988969 0.785943 -0.030882
v -0.988969 0.816883 -0.000365
v -0.988969 0.755452 -0.051769
v -0.988969 0.837932 0.029445
v -0.988969 0.851487 0.058569
v -0.988969 0.837932 0.087693
v -0.988969 0.236016 0.196211
v -0.988969 0.816883 0.117503
v -0.988969 0.785943 0.148020
v -0.988969 0.755452 0.168907
v -0.988969 0.713302 0.187127
v -0.988969 0.669853 0.194353
v -0.988969 0.713302 0.627354
v -0.988969 0.669853 0.620127
v -0.988969 0.236016 0.618269
v -0.988969 0.755452 0.645573
v -0.988969 0.785943 0.666460
v -0.988969 0.816883 0.696977
v -0.988969 0.837932 0.726787
v -0.988969 0.851487 0.755911
v -0.988969 0.236016 0.893553
v -0.988969 0.837932 0.785035
v -0.988969 0.816883 0.814845
v -0.988969 0.785942 0.845362
v -0.988969 0.755452 0.866249
v -0.988969 0.713302 0.884468
v -0.988969 0.669853 0.891695
v -0.988969 0.851487 1.453253
v -0.988969 0.837932 1.424129
v -0.988969 0.837932 1.482377
v -0.988969 0.816883 1.394319
v -0.988969 0.785943 1.363801
v -0.988969 0.816883 1.512187
v -0.988969 0.785943 1.542704
v -0.988969 0.755452 1.342915
v -0.988969 0.755452 1.563591
v -0.988969 0.713302 1.324695
v -0.988969 0.713302 1.581810
v -0.988969 0.669853 1.589036
v -0.988969 0.669853 1.317469
v -0.988969 0.236016 1.315611
v -0.988969 0.236016 1.590895
v -0.988969 0.715265 -1.482091
v -0.988969 0.173310 -1.492406
v -0.988969 0.665929 -1.490296
v -0.988969 0.797747 -1.437686
v -0.988969 0.832880 -1.403034
v -0.988969 0.763126 -1.461403
v -0.988969 0.856781 -1.369185
v -0.988969 0.872172 -1.336115
v -0.988969 0.856781 -1.303044
v -0.988969 0.173310 -1.179824
v -0.988969 0.832880 -1.269195
v -0.988969 0.797747 -1.234543
v -0.988969 0.763126 -1.210827
v -0.988969 0.715265 -1.190139
v -0.988969 0.665929 -1.181934
v -0.988969 0.665929 -0.792954
v -0.988969 0.715265 -0.784749
v -0.988969 0.173310 -0.795064
v -0.988969 0.797747 -0.740344
v -0.988969 0.832880 -0.705692
v -0.988969 0.763126 -0.764061
v -0.988969 0.856781 -0.671843
v -0.988969 0.872172 -0.638773
v -0.988969 0.173310 -0.482482
v -0.988969 0.856781 -0.605703
v -0.988969 0.832880 -0.571854
v -0.988969 0.797747 -0.537202
v -0.988969 0.763126 -0.513485
v -0.988969 0.715265 -0.492797
v -0.988969 0.665929 -0.484592
v -0.988969 0.665929 -0.095612
v -0.988969 0.715265 -0.087407
v -0.988969 0.173310 -0.097722
v -0.988969 0.797747 -0.043002
v -0.988969 0.832880 -0.008350
v -0.988969 0.763126 -0.066719
v -0.988969 0.856781 0.025499
v -0.988969 0.872172 0.058569
v -0.988969 0.856781 0.091639
v -0.988969 0.173310 0.214860
v -0.988969 0.832880 0.125488
v -0.988969 0.797747 0.160140
v -0.988969 0.763126 0.183857
v -0.988969 0.715265 0.204545
v -0.988969 0.665929 0.212750
v -0.988969 0.715265 0.609935
v -0.988969 0.665929 0.601730
v -0.988969 0.173310 0.599620
v -0.988969 0.763126 0.630623
v -0.988969 0.797747 0.654340
v -0.988969 0.832880 0.688992
v -0.988969 0.856781 0.722841
v -0.988969 0.872172 0.755911
v -0.988969 0.173310 0.912202
v -0.988969 0.856781 0.788981
v -0.988969 0.832880 0.822830
v -0.988969 0.797747 0.857482
v -0.988969 0.763126 0.881199
v -0.988969 0.715265 0.901887
v -0.988969 0.665929 0.910092
v -0.988969 0.872172 1.453253
v -0.988969 0.856781 1.420182
v -0.988969 0.856781 1.486323
v -0.988969 0.832880 1.386333
v -0.988969 0.797747 1.351682
v -0.988969 0.832880 1.520172
v -0.988969 0.797747 1.554824
v -0.988969 0.763126 1.327965
v -0.988969 0.763126 1.578541
v -0.988969 0.715265 1.307277
v -0.988969 0.715265 1.599229
v -0.988969 0.665929 1.607434
v -0.988969 0.665929 1.299072
v -0.988969 0.173310 1.296962
v -0.988969 0.173310 1.609544
v 1.000000 0.218096 1.306865
v 1.000000 0.218096 1.306865
v 1.000000 0.218096 1.306865
v 0.968990 0.218096 1.306865
v 0.968990 0.218096 1.306865
v 0.968990 0.218096 1.453365
v 0.968990 0.218096 1.453365
v 0.968990 0.218096 1.453365
v 1.000000 0.218096 -0.087819
v 1.000000 0.218096 -0.087819
v 1.000000 0.218096 -0.087819
v 1.000000 0.179392 -0.087819
v 1.000000 0.179392 -0.087819
v 0.968990 0.863556 1.453365
v 0.968990 0.863556 1.453365
v 0.968990 0.863556 1.453365
v 0.968990 0.848725 1.420087
v 0.968990 0.848725 1.420087
v 0.968990 0.863556 1.453365
v 0.968990 0.863556 1.453365
v 0.968990 0.863556 1.453365
v 0.968990 0.863556 1.453365
v 0.968990 0.826330 1.388362
v 0.968990 0.793613 1.356093
v 0.968990 0.761184 1.333884
v 0.968990 0.716428 1.314558
v 0.968990 0.670336 1.306865
v 0.968990 0.218096 1.599866
v 0.968990 0.218096 1.599866
v 0.968990 0.848725 1.486644
v 0.968990 0.826330 1.518369
v 0.968990 0.793613 1.550638
v 0.968990 0.761184 1.572847
v 0.968990 0.716428 1.592173
v 0.968990 0.670336 1.599866
v 1.000000 0.218096 0.609523
v 1.000000 0.218096 0.609523
v 1.000000 0.218096 0.609523
v 0.968990 0.218096 0.609523
v 0.968990 0.218096 0.609523
v 0.968990 0.218096 0.756023
v 0.968990 0.218096 0.756023
v 0.968990 0.218096 0.756023
v 0.968990 0.218096 -0.087819
v 0.968990 0.218096 -0.087819
v 0.968990 0.863556 0.756023
v 0.968990 0.863556 0.756023
v 0.968990 0.863556 0.756023
v 0.968990 0.848725 0.722745
v 0.968990 0.848725 0.722745
v 0.968990 0.863556 0.756023
v 0.968990 0.863556 0.756023
v 0.968990 0.863556 0.756023
v 0.968990 0.863556 0.756023
v 0.968990 0.826330 0.691020
v 0.968990 0.793613 0.658751
v 0.968990 0.761184 0.636542
v 0.968990 0.716428 0.617216
v 0.968990 0.670336 0.609523
v 1.000000 0.218096 0.902524
v 1.000000 0.218096 0.902524
v 1.000000 0.218096 0.902524
v 0.968990 0.218096 0.902524
v 0.968990 0.218096 0.902524
v 0.968990 0.848725 0.789302
v 0.968990 0.826330 0.821027
v 0.968990 0.793613 0.853296
v 0.968990 0.761184 0.875505
v 0.968990 0.716428 0.894831
v 0.968990 0.670336 0.902524
v 0.968990 0.218096 0.058682
v 0.968990 0.218096 0.058682
v 0.968990 0.218096 0.058682
v 0.968990 0.863556 0.058682
v 0.968990 0.863556 0.058682
v 0.968990 0.863556 0.058682
v 0.968990 0.848725 0.025403
v 0.968990 0.848725 0.025403
v 0.968990 0.863556 0.058682
v 0.968990 0.863556 0.058682
v 0.968990 0.863556 0.058682
v 0.968990 0.863556 0.058682
v 0.968990 0.826330 -0.006322
v 0.968990 0.793613 -0.038591
v 0.968990 0.761184 -0.060800
v 0.968990 0.716428 -0.080126
v 0.968990 0.670336 -0.087819
v 1.000000 0.218096 0.205182
v 1.000000 0.218096 0.205182
v 1.000000 0.218096 0.205182
v 0.968990 0.218096 0.205182
v 0.968990 0.218096 0.205182
v 0.968990 0.848725 0.091960
v 0.968990 0.826330 0.123685
v 0.968990 0.793613 0.155954
v 0.968990 0.761184 0.178163
v 0.968990 0.716428 0.197489
v 0.968990 0.670336 0.205182
v 1.024678 0.218096 -1.482503
v 1.024678 0.218096 -1.482503
v 1.024678 0.218096 -1.189502
v 1.024678 0.218096 -1.189502
v 0.968990 0.218096 -0.785161
v 0.968990 0.218096 -0.785161
v 0.968990 0.218096 -0.638660
v 0.968990 0.218096 -0.638660
v 0.968990 0.218096 -0.638660
v 0.968990 0.863556 -0.638660
v 0.968990 0.863556 -0.638660
v 0.968990 0.863556 -0.638660
v 0.968990 0.848725 -0.671939
v 0.968990 0.848725 -0.671939
v 0.968990 0.863556 -0.638660
v 0.968990 0.863556 -0.638660
v 0.968990 0.863556 -0.638660
v 0.968990 0.863556 -0.638660
v 0.968990 0.826330 -0.703664
v 0.968990 0.793613 -0.735933
v 0.968990 0.761184 -0.758142
v 0.968990 0.716428 -0.777468
v 0.968990 0.670336 -0.785161
v 1.000000 0.218096 -0.492160
v 1.000000 0.218096 -0.492160
v 1.000000 0.218096 -0.492160
v 0.968990 0.218096 -0.492160
v 0.968990 0.218096 -0.492160
v 0.968990 0.848725 -0.605382
v 0.968990 0.826330 -0.573657
v 0.968990 0.793613 -0.541388
v 0.968990 0.761184 -0.519179
v 0.968990 0.716428 -0.499853
v 0.968990 0.670336 -0.492160
v 1.000000 0.218096 -1.482503
v 1.000000 0.218096 -1.482503
v 1.000000 0.218096 -1.482503
v 0.968990 0.218096 -1.482503
v 0.968990 0.218096 -1.482503
v 0.968990 0.218096 -1.336002
v 0.968990 0.218096 -1.336002
v 0.968990 0.218096 -1.336002
v 1.024678 0.218096 0.609523
v 1.024678 0.218096 0.609523
v 1.024678 0.218096 0.902524
v 1.024678 0.218096 0.902524
v 0.968990 0.863556 -1.336002
v 0.968990 0.863556 -1.336002
v 0.968990 0.863556 -1.336002
v 0.968990 0.848725 -1.369281
v 0.968990 0.848725 -1.369281
v 0.968990 0.863556 -1.336002
v 0.968990 0.863556 -1.336002
v 0.968990 0.863556 -1.336002
v 0.968990 0.863556 -1.336002
v 0.968990 0.826330 -1.401006
v 0.968990 0.793613 -1.433275
v 0.968990 0.761184 -1.455484
v 0.968990 0.716428 -1.474810
v 0.968990 0.670336 -1.482503
v 1.000000 0.218096 -1.189502
v 1.000000 0.218096 -1.189502
v 1.000000 0.218096 -1.189502
v 0.968990 0.218096 -1.189502
v 0.968990 0.218096 -1.189502
v 0.968990 0.848725 -1.302724
v 0.968990 0.826330 -1.270999
v 0.968990 0.793613 -1.238730
v 0.968990 0.761184 -1.216521
v 0.968990 0.716428 -1.197195
v 0.968990 0.670336 -1.189502
v 0.588153 0.716250 1.819507
v 0.588153 0.490746 1.819507
v 0.588153 0.490746 1.819507
v 0.774957 0.490746 1.819507
v 0.774957 0.490746 1.819507
v 0.774957 0.716250 1.819507
v 0.774957 0.490746 1.842727
v 0.774957 0.490746 1.842727
v 0.774957 0.490746 1.842727
v 0.681555 0.809223 1.819507
v 0.662405 0.807438 1.819507
v 0.645100 0.802151 1.819507
v 0.629151 0.793567 1.819507
v 0.615172 0.782013 1.819507
v 0.603700 0.767936 1.819507
v 0.595175 0.751875 1.819507
v 0.589925 0.734448 1.819507
v 0.718010 0.802151 1.819507
v 0.700705 0.807438 1.819507
v 0.733959 0.793567 1.819507
v 0.747938 0.782013 1.819507
v 0.759410 0.767936 1.819507
v 0.767935 0.751875 1.819507
v 0.773185 0.734448 1.819507
v 1.000000 -0.142859 1.842727
v 1.000000 -0.142859 1.842727
v 1.000000 -0.142859 -2.101993
v 1.000000 -0.142859 -2.101993
v 0.000000 -0.142859 -2.101993
v 1.000000 0.958435 1.842727
v 1.000000 0.018193 1.842727
v 0.700705 0.807438 1.842727
v 0.681555 0.809223 1.842727
v 0.733959 0.793567 1.842727
v 0.718010 0.802151 1.842727
v 0.662405 0.807438 1.842727
v 0.645100 0.802151 1.842727
v 0.629151 0.793567 1.842727
v 0.615172 0.782013 1.842727
v 0.747938 0.782013 1.842727
v 0.759410 0.767936 1.842727
v 0.603700 0.767936 1.842727
v 0.773185 0.734448 1.842727
v 0.767935 0.751875 1.842727
v 0.595175 0.751875 1.842727
v 0.589925 0.734448 1.842727
v 0.588153 0.716250 1.842727
v 0.774957 0.716250 1.842727
v 0.774957 0.449618 1.842727
v 0.774957 0.449618 1.842727
v 0.588153 0.449618 1.842727
v 0.588153 0.449618 1.842727
v 0.588153 0.490746 1.842727
v 0.588153 0.490746 1.842727
v 0.588153 0.490746 1.842727
v 0.774957 0.449618 1.872967
v 0.774957 0.449618 1.872967
v 0.588153 0.449618 1.872967
v 0.588153 0.449618 1.872967
v 0.774957 0.490746 1.872967
v 0.774957 0.490746 1.872967
v 0.588153 0.490746 1.872967
v 0.588153 0.490746 1.872967
v 1.024678 0.218096 -0.785161
v 1.024678 0.218096 -0.785161
v 1.024678 0.218096 -0.492160
v 1.024678 0.218096 -0.492160
v 1.000000 0.670336 -1.482503
v 1.000000 0.716428 -1.474810
v 1.000000 0.793613 -1.433275
v 1.000000 0.826330 -1.401006
v 1.000000 0.761184 -1.455484
v 1.000000 0.848725 -1.369281
v 1.000000 0.863556 -1.336002
v 1.000000 0.863556 -1.336002
v 1.000000 0.863556 -1.336002
v 1.000000 0.848725 -1.302724
v 1.024678 0.218096 -0.087819
v 1.024678 0.218096 -0.087819
v 1.024678 0.179392 -0.087819
v 1.024678 0.179392 -0.087819
v 1.000000 0.826330 -1.270999
v 1.000000 0.793613 -1.238730
v 1.000000 0.761184 -1.216521
v 1.000000 0.716428 -1.197195
v 1.000000 0.670336 -1.189502
v 1.000000 0.670336 -0.785161
v 1.000000 0.716428 -0.777468
v 1.024678 0.218096 0.205182
v 1.024678 0.218096 0.205182
v 1.024678 0.179392 -0.785161
v 1.024678 0.179392 -0.785161
v 1.000000 0.793613 -0.735933
v 1.000000 0.826330 -0.703664
v 1.000000 0.761184 -0.758142
v 1.000000 0.848725 -0.671939
v 1.000000 0.863556 -0.638660
v 1.000000 0.863556 -0.638660
v 1.000000 0.863556 -0.638660
v 1.000000 0.848725 -0.605382
v 1.000000 0.826330 -0.573657
v 1.000000 0.793613 -0.541388
v 1.000000 0.761184 -0.519179
v 1.000000 0.716428 -0.499853
v 1.000000 0.670336 -0.492160
v 1.000000 0.670336 -0.087819
v 1.000000 0.716428 -0.080126
v 1.024678 0.179392 0.902524
v 1.024678 0.179392 0.902524
v 1.000000 0.218096 -0.785161
v 1.000000 0.218096 -0.785161
v 1.000000 0.218096 -0.785161
v 1.000000 0.179392 -0.785161
v 1.000000 0.179392 -0.785161
v 1.000000 0.793613 -0.038591
v 1.000000 0.826330 -0.006322
v 1.000000 0.761184 -0.060800
v 1.000000 0.218096 1.599866
v 1.000000 0.218096 1.599866
v 1.000000 0.218096 1.599866
v 1.000000 0.848725 0.025403
v 1.000000 0.848725 0.091960
v 1.000000 0.863556 0.058682
v 1.000000 0.863556 0.058682
v 1.000000 0.863556 0.058682
v 1.000000 0.826330 0.123685
v 1.000000 0.793613 0.155954
v 1.000000 0.761184 0.178163
v 1.000000 0.716428 0.197489
v 1.000000 0.670336 0.205182
v 1.000000 0.670336 0.609523
v 1.000000 0.716428 0.617216
v 1.000000 0.761184 0.636542
v 1.000000 0.793613 0.658751
v 1.000000 0.826330 0.691020
v 1.000000 0.848725 0.722745
v 1.000000 0.863556 0.756023
v 1.000000 0.863556 0.756023
v 1.000000 0.863556 0.756023
v 1.000000 0.848725 0.789302
v 1.000000 0.826330 0.821027
v 1.000000 0.793613 0.853296
v 1.000000 0.761184 0.875505
v 1.000000 0.716428 0.894831
v 1.000000 0.670336 0.902524
v 1.000000 0.848725 1.420087
v 1.000000 0.863556 1.453365
v 1.000000 0.863556 1.453365
v 1.000000 0.863556 1.453365
v 1.000000 0.848725 1.486644
v 1.000000 0.793613 1.356093
v 1.000000 0.826330 1.388362
v 1.000000 0.826330 1.518369
v 1.000000 0.793613 1.550638
v 1.000000 0.761184 1.333884
v 1.000000 0.761184 1.572847
v 1.000000 0.716428 1.314558
v 1.000000 0.716428 1.592173
v 1.000000 0.670336 1.599866
v 1.000000 0.670336 1.306865
v 1.000000 0.179392 0.902524
v 1.000000 0.179392 0.902524
v 1.000000 0.018193 -2.101993
v 1.000000 0.179392 -1.189502
v 1.000000 0.179392 -1.189502
v 1.000000 0.179392 -0.492160
v 1.000000 0.179392 -0.492160
v 1.000000 0.179392 0.609523
v 1.000000 0.179392 0.609523
v 1.000000 0.179392 0.205182
v 1.000000 0.179392 0.205182
v 1.000000 0.179392 1.599866
v 1.000000 0.179392 1.599866
v 1.000000 0.179392 1.306865
v 1.000000 0.179392 1.306865
v 1.000000 0.179392 -1.482503
v 1.000000 0.179392 -1.482503
v 1.024678 0.179392 -1.189502
v 1.024678 0.179392 -1.189502
v 1.024678 0.179392 -0.492160
v 1.024678 0.179392 -0.492160
v 1.024678 0.179392 0.609523
v 1.024678 0.179392 0.609523
v 1.024678 0.179392 0.205182
v 1.024678 0.179392 0.205182
v 1.024678 0.218096 1.599866
v 1.024678 0.218096 1.599866
v 1.024678 0.179392 1.599866
v 1.024678 0.179392 1.599866
v 1.024678 0.218096 1.306865
v 1.024678 0.218096 1.306865
v 1.024678 0.179392 1.306865
v 1.024678 0.179392 1.306865
v 1.024678 0.179392 -1.482503
v 1.024678 0.179392 -1.482503
v 1.000000 0.958435 -2.101993
v 0.329448 -0.142859 1.842727
v 0.030931 1.139512 -2.101993
v 0.000000 1.159104 -2.101993
v 0.000000 1.159104 -2.101993
v 0.073896 1.103247 -2.101993
v 0.111654 1.063170 -2.101993
v 0.148470 1.012334 -2.101993
v 0.179972 0.954696 -2.101993
v 0.202508 0.878326 -2.101993
v 0.210152 0.801529 -2.101993
v 0.210152 0.475816 -2.101993
v 0.210152 0.475816 -2.101993
v 0.000000 0.475816 -2.101993
v 0.030931 1.139512 -2.044396
v 0.000000 1.159104 -2.044396
v 0.000000 1.159104 -2.044396
v 0.073896 1.103247 -2.044396
v 0.111654 1.063170 -2.044396
v 0.148470 1.012334 -2.044396
v 0.179972 0.954696 -2.044396
v 0.202508 0.878326 -2.044396
v 0.210152 0.801529 -2.044396
v 0.210152 0.475816 -2.044396
v 0.210152 0.475816 -2.044396
v 0.000000 0.475816 -2.044396
v 0.988969 0.236016 1.315611
v 0.988969 0.236016 1.315611
v 0.966220 0.236016 1.315611
v 0.988969 0.236016 0.618269
v 0.988969 0.236016 0.618269
v 0.966220 0.236016 0.618269
v 0.988969 0.236016 -0.079073
v 0.988969 0.236016 -0.079073
v 0.966220 0.236016 -0.079073
v 0.988969 0.236016 0.893553
v 0.988969 0.236016 0.893553
v 0.966220 0.236016 0.893553
v 0.988969 0.236016 0.196211
v 0.988969 0.236016 0.196211
v 0.966220 0.236016 0.196211
v 0.988969 0.236016 -0.501131
v 0.988969 0.236016 -0.501131
v 0.966220 0.236016 -0.501131
v 0.988969 0.236016 -1.473757
v 0.988969 0.236016 -1.473757
v 0.966220 0.236016 -1.473757
v 0.988969 0.236016 -1.198473
v 0.988969 0.236016 -1.198473
v 0.966220 0.236016 -1.198473
v 0.988969 0.669853 -1.471898
v 0.988969 0.713302 -1.464672
v 0.988969 0.785943 -1.425566
v 0.988969 0.816883 -1.395049
v 0.988969 0.755452 -1.446453
v 0.988969 0.837932 -1.365239
v 0.988969 0.851487 -1.336115
v 0.988969 0.851487 -1.336115
v 0.988969 0.837932 -1.306991
v 0.988969 0.816883 -1.277181
v 0.988969 0.785943 -1.246663
v 0.988969 0.755452 -1.225777
v 0.988969 0.713302 -1.207557
v 0.988969 0.669853 -1.200331
v 0.988969 0.669853 -0.774556
v 0.988969 0.713302 -0.767330
v 0.988969 0.785943 -0.728224
v 0.988969 0.816883 -0.697707
v 0.988969 0.755452 -0.749111
v 0.988969 0.837932 -0.667897
v 0.988969 0.851487 -0.638773
v 0.988969 0.851487 -0.638773
v 0.988969 0.236016 -0.776415
v 0.988969 0.236016 -0.776415
v 0.988969 0.837932 -0.609649
v 0.988969 0.816883 -0.579839
v 0.988969 0.785943 -0.549322
v 0.988969 0.755452 -0.528435
v 0.988969 0.713302 -0.510215
v 0.988969 0.669853 -0.502989
v 0.988969 0.669853 -0.077215
v 0.988969 0.713302 -0.069988
v 0.988969 0.785943 -0.030882
v 0.988969 0.816883 -0.000365
v 0.988969 0.755452 -0.051769
v 0.988969 0.236016 1.590895
v 0.988969 0.236016 1.590895
v 0.966220 0.236016 1.590895
v 0.988969 0.837932 0.029445
v 0.988969 0.837932 0.087693
v 0.988969 0.851487 0.058569
v 0.988969 0.851487 0.058569
v 0.988969 0.816883 0.117503
v 0.988969 0.785943 0.148020
v 0.988969 0.755452 0.168907
v 0.988969 0.713302 0.187127
v 0.988969 0.669853 0.194353
v 0.988969 0.669853 0.620127
v 0.988969 0.713302 0.627354
v 0.988969 0.755452 0.645573
v 0.988969 0.785943 0.666460
v 0.988969 0.816883 0.696977
v 0.988969 0.837932 0.726787
v 0.988969 0.851487 0.755911
v 0.988969 0.851487 0.755911
v 0.988969 0.837932 0.785035
v 0.988969 0.816883 0.814845
v 0.988969 0.785942 0.845362
v 0.988969 0.755452 0.866249
v 0.988969 0.713302 0.884468
v 0.988969 0.669853 0.891695
v 0.988969 0.837932 1.424129
v 0.988969 0.851487 1.453253
v 0.988969 0.851487 1.453253
v 0.988969 0.837932 1.482377
v 0.988969 0.785943 1.363801
v 0.988969 0.816883 1.394319
v 0.988969 0.816883 1.512187
v 0.988969 0.785943 1.542704
v 0.988969 0.755452 1.342915
v 0.988969 0.755452 1.563591
v 0.988969 0.713302 1.324695
v 0.988969 0.713302 1.581810
v 0.988969 0.669853 1.589036
v 0.988969 0.669853 1.317469
v 0.966220 0.851487 -1.336115
v 0.966220 0.851487 -0.638773
v 0.966220 0.851487 0.058569
v 0.966220 0.851487 0.755911
v 0.966220 0.851487 1.453253
v 0.966220 0.236016 -0.776415
v -1.000000 0.218096 1.306865
v -1.000000 0.218096 1.306865
v -1.000000 0.218096 1.306865
v -0.968990 0.218096 1.306865
v -0.968990 0.218096 1.306865
v -0.968990 0.218096 1.453365
v -0.968990 0.218096 1.453365
v -0.968990 0.218096 1.453365
v -1.000000 0.218096 -0.087819
v -1.000000 0.218096 -0.087819
v -1.000000 0.218096 -0.087819
v -1.000000 0.179392 -0.087819
v -1.000000 0.179392 -0.087819
v -0.968990 0.863556 1.453365
v -0.968990 0.863556 1.453365
v -0.968990 0.863556 1.453365
v -0.968990 0.848725 1.420087
v -0.968990 0.848725 1.420087
v -0.968990 0.863556 1.453365
v -0.968990 0.863556 1.453365
v -0.968990 0.863556 1.453365
v -0.968990 0.863556 1.453365
v -0.968990 0.826330 1.388362
v -0.968990 0.793613 1.356093
v -0.968990 0.761184 1.333884
v -0.968990 0.716428 1.314558
v -0.968990 0.670336 1.306865
v -0.968990 0.218096 1.599866
v -0.968990 0.218096 1.599866
v -0.968990 0.848725 1.486644
v -0.968990 0.826330 1.518369
v -0.968990 0.793613 1.550638
v -0.968990 0.761184 1.572847
v -0.968990 0.716428 1.592173
v -0.968990 0.670336 1.599866
v -1.000000 0.218096 0.609523
v -1.000000 0.218096 0.609523
v -1.000000 0.218096 0.609523
v -0.968990 0.218096 0.609523
v -0.968990 0.218096 0.609523
v -0.968990 0.218096 0.756023
v -0.968990 0.218096 0.756023
v -0.968990 0.218096 0.756023
v -0.968990 0.218096 -0.087819
v -0.968990 0.218096 -0.087819
v -0.968990 0.863556 0.756023
v -0.968990 0.863556 0.756023
v -0.968990 0.863556 0.756023
v -0.968990 0.848725 0.722745
v -0.968990 0.848725 0.722745
v -0.968990 0.863556 0.756023
v -0.968990 0.863556 0.756023
v -0.968990 0.863556 0.756023
v -0.968990 0.863556 0.756023
v -0.968990 0.826330 0.691020
v -0.968990 0.793613 0.658751
v -0.968990 0.761184 0.636542
v -0.968990 0.716428 0.617216
v -0.968990 0.670336 0.609523
v -1.000000 0.218096 0.902524
v -1.000000 0.218096 0.902524
v -1.000000 0.218096 0.902524
v -0.968990 0.218096 0.902524
v -0.968990 0.218096 0.902524
v -0.968990 0.848725 0.789302
v -0.968990 0.826330 0.821027
v -0.968990 0.793613 0.853296
v -0.968990 0.761184 0.875505
v -0.968990 0.716428 0.894831
v -0.968990 0.670336 0.902524
v -0.968990 0.218096 0.058682
v -0.968990 0.218096 0.058682
v -0.968990 0.218096 0.058682
v -0.968990 0.863556 0.058682
v -0.968990 0.863556 0.058682
v -0.968990 0.863556 0.058682
v -0.968990 0.848725 0.025403
v -0.968990 0.848725 0.025403
v -0.968990 0.863556 0.058682
v -0.968990 0.863556 0.058682
v -0.968990 0.863556 0.058682
v -0.968990 0.863556 0.058682
v -0.968990 0.826330 -0.006322
v -0.968990 0.793613 -0.038591
v -0.968990 0.761184 -0.060800
v -0.968990 0.716428 -0.080126
v -0.968990 0.670336 -0.087819
v -1.000000 0.218096 0.205182
v -1.000000 0.218096 0.205182
v -1.000000 0.218096 0.205182
v -0.968990 0.218096 0.205182
v -0.968990 0.218096 0.205182
v -0.968990 0.848725 0.091960
v -0.968990 0.826330 0.123685
v -0.968990 0.793613 0.155954
v -0.968990 0.761184 0.178163
v -0.968990 0.716428 0.197489
v -0.968990 0.670336 0.205182
v -1.024678 0.218096 -1.482503
v -1.024678 0.218096 -1.482503
v -1.024678 0.218096 -1.189502
v -1.024678 0.218096 -1.189502
v -0.968990 0.218096 -0.785161
v -0.968990 0.218096 -0.785161
v -0.968990 0.218096 -0.638660
v -0.968990 0.218096 -0.638660
v -0.968990 0.218096 -0.638660
v -0.968990 0.863556 -0.638660
v -0.968990 0.863556 -0.638660
v -0.968990 0.863556 -0.638660
v -0.968990 0.848725 -0.671939
v -0.968990 0.848725 -0.671939
v -0.968990 0.863556 -0.638660
v -0.968990 0.863556 -0.638660
v -0.968990 0.863556 -0.638660
v -0.968990 0.863556 -0.638660
v -0.968990 0.826330 -0.703664
v -0.968990 0.793613 -0.735933
v -0.968990 0.761184 -0.758142
v -0.968990 0.716428 -0.777468
v -0.968990 0.670336 -0.785161
v -1.000000 0.218096 -0.492160
v -1.000000 0.218096 -0.492160
v -1.000000 0.218096 -0.492160
v -0.968990 0.218096 -0.492160
v -0.968990 0.218096 -0.492160
v -0.968990 0.848725 -0.605382
v -0.968990 0.826330 -0.573657
v -0.968990 0.793613 -0.541388
v -0.968990 0.761184 -0.519179
v -0.968990 0.716428 -0.499853
v -0.968990 0.670336 -0.492160
v -1.000000 0.218096 -1.482503
v -1.000000 0.218096 -1.482503
v -1.000000 0.218096 -1.482503
v -0.968990 0.218096 -1.482503
v -0.968990 0.218096 -1.482503
v -0.968990 0.218096 -1.336002
v -0.968990 0.218096 -1.336002
v -0.968990 0.218096 -1.336002
v -1.024678 0.218096 0.609523
v -1.024678 0.218096 0.609523
v -1.024678 0.218096 0.902524
v -1.024678 0.218096 0.902524
v -0.968990 0.863556 -1.336002
v -0.968990 0.863556 -1.336002
v -0.968990 0.863556 -1.336002
v -0.968990 0.848725 -1.369281
v -0.968990 0.848725 -1.369281
v -0.968990 0.863556 -1.336002
v -0.968990 0.863556 -1.336002
v -0.968990 0.863556 -1.336002
v -0.968990 0.863556 -1.336002
v -0.968990 0.826330 -1.401006
v -0.968990 0.793613 -1.433275
v -0.968990 0.761184 -1.455484
v -0.968990 0.716428 -1.474810
v -0.968990 0.670336 -1.482503
v -1.000000 0.218096 -1.189502
v -1.000000 0.218096 -1.189502
v -1.000000 0.218096 -1.189502
v -0.968990 0.218096 -1.189502
v -0.968990 0.218096 -1.189502
v -0.968990 0.848725 -1.302724
v -0.968990 0.826330 -1.270999
v -0.968990 0.793613 -1.238730
v -0.968990 0.761184 -1.216521
v -0.968990 0.716428 -1.197195
v -0.968990 0.670336 -1.189502
v -0.588153 0.716250 1.819507
v -0.588153 0.490746 1.819507
v -0.588153 0.490746 1.819507
v -0.774957 0.490746 1.819507
v -0.774957 0.490746 1.819507
v -0.774957 0.716250 1.819507
v -0.774957 0.490746 1.842727
v -0.774957 0.490746 1.842727
v -0.774957 0.490746 1.842727
v -0.681555 0.809223 1.819507
v -0.662405 0.807438 1.819507
v -0.645100 0.802151 1.819507
v -0.629151 0.793567 1.819507
v -0.615172 0.782013 1.819507
v -0.603700 0.767936 1.819507
v -0.595175 0.751875 1.819507
v -0.589925 0.734448 1.819507
v -0.718010 0.802151 1.819507
v -0.700705 0.807438 1.819507
v -0.733959 0.793567 1.819507
v -0.747938 0.782013 1.819507
v -0.759410 0.767936 1.819507
v -0.767935 0.751875 1.819507
v -0.773185 0.734448 1.819507
v -1.000000 -0.142859 1.842727
v -1.000000 -0.142859 1.842727
v -1.000000 -0.142859 -2.101993
v -1.000000 -0.142859 -2.101993
v -1.000000 0.958435 1.842727
v -1.000000 0.018193 1.842727
v -0.700705 0.807438 1.842727
v -0.681555 0.809223 1.842727
v -0.733959 0.793567 1.842727
v -0.718010 0.802151 1.842727
v -0.662405 0.807438 1.842727
v -0.645100 0.802151 1.842727
v -0.629151 0.793567 1.842727
v -0.615172 0.782013 1.842727
v -0.747938 0.782013 1.842727
v -0.759410 0.767936 1.842727
v -0.603700 0.767936 1.842727
v -0.773185 0.734448 1.842727
v -0.767935 0.751875 1.842727
v -0.595175 0.751875 1.842727
v -0.589925 0.734448 1.842727
v -0.588153 0.716250 1.842727
v -0.774957 0.716250 1.842727
v -0.774957 0.449618 1.842727
v -0.774957 0.449618 1.842727
v -0.588153 0.449618 1.842727
v -0.588153 0.449618 1.842727
v -0.588153 0.490746 1.842727
v -0.588153 0.490746 1.842727
v -0.588153 0.490746 1.842727
v -0.774957 0.449618 1.872967
v -0.774957 0.449618 1.872967
v -0.588153 0.449618 1.872967
v -0.588153 0.449618 1.872967
v -0.774957 0.490746 1.872967
v -0.774957 0.490746 1.872967
v -0.588153 0.490746 1.872967
v -0.588153 0.490746 1.872967
v -1.024678 0.218096 -0.785161
v -1.024678 0.218096 -0.785161
v -1.024678 0.218096 -0.492160
v -1.024678 0.218096 -0.492160
v -1.000000 0.670336 -1.482503
v -1.000000 0.716428 -1.474810
v -1.000000 0.793613 -1.433275
v -1.000000 0.826330 -1.401006
v -1.000000 0.761184 -1.455484
v -1.000000 0.848725 -1.369281
v -1.000000 0.863556 -1.336002
v -1.000000 0.863556 -1.336002
v -1.000000 0.863556 -1.336002
v -1.000000 0.848725 -1.302724
v -1.024678 0.218096 -0.087819
v -1.024678 0.218096 -0.087819
v -1.024678 0.179392 -0.087819
v -1.024678 0.179392 -0.087819
v -1.000000 0.826330 -1.270999
v -1.000000 0.793613 -1.238730
v -1.000000 0.761184 -1.216521
v -1.000000 0.716428 -1.197195
v -1.000000 0.670336 -1.189502
v -1.000000 0.670336 -0.785161
v -1.000000 0.716428 -0.777468
v -1.024678 0.218096 0.205182
v -1.024678 0.218096 0.205182
v -1.024678 0.179392 -0.785161
v -1.024678 0.179392 -0.785161
v -1.000000 0.793613 -0.735933
v -1.000000 0.826330 -0.703664
v -1.000000 0.761184 -0.758142
v -1.000000 0.848725 -0.671939
v -1.000000 0.863556 -0.638660
v -1.000000 0.863556 -0.638660
v -1.000000 0.863556 -0.638660
v -1.000000 0.848725 -0.605382
v -1.000000 0.826330 -0.573657
v -1.000000 0.793613 -0.541388
v -1.000000 0.761184 -0.519179
v -1.000000 0.716428 -0.499853
v -1.000000 0.670336 -0.492160
v -1.000000 0.670336 -0.087819
v -1.000000 0.716428 -0.080126
v -1.024678 0.179392 0.902524
v -1.024678 0.179392 0.902524
v -1.000000 0.218096 -0.785161
v -1.000000 0.218096 -0.785161
v -1.000000 0.218096 -0.785161
v -1.000000 0.179392 -0.785161
v -1.000000 0.179392 -0.785161
v -1.000000 0.793613 -0.038591
v -1.000000 0.826330 -0.006322
v -1.000000 0.761184 -0.060800
v -1.000000 0.218096 1.599866
v -1.000000 0.218096 1.599866
v -1.000000 0.218096 1.599866
v -1.000000 0.848725 0.025403
v -1.000000 0.848725 0.091960
v -1.000000 0.863556 0.058682
v -1.000000 0.863556 0.058682
v -1.000000 0.863556 0.058682
v -1.000000 0.826330 0.123685
v -1.000000 0.793613 0.155954
v -1.000000 0.761184 0.178163
v -1.000000 0.716428 0.197489
v -1.000000 0.670336 0.205182
v -1.000000 0.670336 0.609523
v -1.000000 0.716428 0.617216
v -1.000000 0.761184 0.636542
v -1.000000 0.793613 0.658751
v -1.000000 0.826330 0.691020
v -1.000000 0.848725 0.722745
v -1.000000 0.863556 0.756023
v -1.000000 0.863556 0.756023
v -1.000000 0.863556 0.756023
v -1.000000 0.848725 0.789302
v -1.000000 0.826330 0.821027
v -1.000000 0.793613 0.853296
v -1.000000 0.761184 0.875505
v -1.000000 0.716428 0.894831
v -1.000000 0.670336 0.902524
v -1.000000 0.848725 1.420087
v -1.000000 0.863556 1.453365
v -1.000000 0.863556 1.453365
v -1.000000 0.863556 1.453365
v -1.000000 0.848725 1.486644
v -1.000000 0.793613 1.356093
v -1.000000 0.826330 1.388362
v -1.000000 0.826330 1.518369
v -1.000000 0.793613 1.550638
v -1.000000 0.761184 1.333884
v -1.000000 0.761184 1.572847
v -1.000000 0.716428 1.314558
v -1.000000 0.716428 1.592173
v -1.000000 0.670336 1.599866
v -1.000000 0.670336 1.306865
v -1.000000 0.179392 0.902524
v -1.000000 0.179392 0.902524
v -1.000000 0.018193 -2.101993
v -1.000000 0.179392 -1.189502
v -1.000000 0.179392 -1.189502
v -1.000000 0.179392 -0.492160
v -1.000000 0.179392 -0.492160
v -1.000000 0.179392 0.609523
v -1.000000 0.179392 0.609523
v -1.000000 0.179392 0.205182
v -1.000000 0.179392 0.205182
v -1.000000 0.179392 1.599866
v -1.000000 0.179392 1.599866
v -1.000000 0.179392 1.306865
v -1.000000 0.179392 1.306865
v -1.000000 0.179392 -1.482503
v -1.000000 0.179392 -1.482503
v -1.024678 0.179392 -1.189502
v -1.024678 0.179392 -1.189502
v -1.024678 0.179392 -0.492160
v -1.024678 0.179392 -0.492160
v -1.024678 0.179392 0.609523
v -1.024678 0.179392 0.609523
v -1.024678 0.179392 0.205182
v -1.024678 0.179392 0.205182
v -1.024678 0.218096 1.599866
v -1.024678 0.218096 1.599866
v -1.024678 0.179392 1.599866
v -1.024678 0.179392 1.599866
v -1.024678 0.218096 1.306865
v -1.024678 0.218096 1.306865
v -1.024678 0.179392 1.306865
v -1.024678 0.179392 1.306865
v -1.024678 0.179392 -1.482503
v -1.024678 0.179392 -1.482503
v -1.000000 0.958435 -2.101993
v -0.329448 -0.142859 1.842727
v -0.030931 1.139512 -2.101993
v -0.073896 1.103247 -2.101993
v -0.111654 1.063170 -2.101993
v -0.148470 1.012334 -2.101993
v -0.179972 0.954696 -2.101993
v -0.202508 0.878326 -2.101993
v -0.210152 0.801529 -2.101993
v -0.210152 0.475816 -2.101993
v -0.210152 0.475816 -2.101993
v -0.030931 1.139512 -2.044396
v -0.073896 1.103247 -2.044396
v -0.111654 1.063170 -2.044396
v -0.148470 1.012334 -2.044396
v -0.179972 0.954696 -2.044396
v -0.202508 0.878326 -2.044396
v -0.210152 0.801529 -2.044396
v -0.210152 0.475816 -2.044396
v -0.210152 0.475816 -2.044396
v -0.988969 0.236016 1.315611
v -0.988969 0.236016 1.315611
v -0.966220 0.236016 1.315611
v -0.988969 0.236016 0.618269
v -0.988969 0.236016 0.618269
v -0.966220 0.236016 0.618269
v -0.988969 0.236016 -0.079073
v -0.988969 0.236016 -0.079073
v -0.966220 0.236016 -0.079073
v -0.988969 0.236016 0.893553
v -0.988969 0.236016 0.893553
v -0.966220 0.236016 0.893553
v -0.988969 0.236016 0.196211
v -0.988969 0.236016 0.196211
v -0.966220 0.236016 0.196211
v -0.988969 0.236016 -0.501131
v -0.988969 0.236016 -0.501131
v -0.966220 0.236016 -0.501131
v -0.988969 0.236016 -1.473757
v -0.988969 0.236016 -1.473757
v -0.966220 0.236016 -1.473757
v -0.988969 0.236016 -1.198473
v -0.988969 0.236016 -1.198473
v -0.966220 0.236016 -1.198473
v -0.988969 0.669853 -1.471898
v -0.988969 0.713302 -1.464672
v -0.988969 0.785943 -1.425566
v -0.988969 0.816883 -1.395049
v -0.988969 0.755452 -1.446453
v -0.988969 0.837932 -1.365239
v -0.988969 0.851487 -1.336115
v -0.988969 0.851487 -1.336115
v -0.988969 0.837932 -1.306991
v -0.988969 0.816883 -1.277181
v -0.988969 0.785943 -1.246663
v -0.988969 0.755452 -1.225777
v -0.988969 0.713302 -1.207557
v -0.988969 0.669853 -1.200331
v -0.988969 0.669853 -0.774556
v -0.988969 0.713302 -0.767330
v -0.988969 0.785943 -0.728224
v -0.988969 0.816883 -0.697707
v -0.988969 0.755452 -0.749111
v -0.988969 0.837932 -0.667897
v -0.988969 0.851487 -0.638773
v -0.988969 0.851487 -0.638773
v -0.988969 0.236016 -0.776415
v -0.988969 0.236016 -0.776415
v -0.988969 0.837932 -0.609649
v -0.988969 0.816883 -0.579839
v -0.988969 0.785943 -0.549322
v -0.988969 0.755452 -0.528435
v -0.988969 0.713302 -0.510215
v -0.988969 0.669853 -0.502989
v -0.988969 0.669853 -0.077215
v -0.988969 0.713302 -0.069988
v -0.988969 0.785943 -0.030882
v -0.988969 0.816883 -0.000365
v -0.988969 0.755452 -0.051769
v -0.988969 0.236016 1.590895
v -0.988969 0.236016 1.590895
v -0.966220 0.236016 1.590895
v -0.988969 0.837932 0.029445
v -0.988969 0.837932 0.087693
v -0.988969 0.851487 0.058569
v -0.988969 0.851487 0.058569
v -0.988969 0.816883 0.117503
v -0.988969 0.785943 0.148020
v -0.988969 0.755452 0.168907
v -0.988969 0.713302 0.187127
v -0.988969 0.669853 0.194353
v -0.988969 0.669853 0.620127
v -0.988969 0.713302 0.627354
v -0.988969 0.755452 0.645573
v -0.988969 0.785943 0.666460
v -0.988969 0.816883 0.696977
v -0.988969 0.837932 0.726787
v -0.988969 0.851487 0.755911
v -0.988969 0.851487 0.755911
v -0.988969 0.837932 0.785035
v -0.988969 0.816883 0.814845
v -0.988969 0.785942 0.845362
v -0.988969 0.755452 0.866249
v -0.988969 0.713302 0.884468
v -0.988969 0.669853 0.891695
v -0.988969 0.837932 1.424129
v -0.988969 0.851487 1.453253
v -0.988969 0.851487 1.453253
v -0.988969 0.837932 1.482377
v -0.988969 0.785943 1.363801
v -0.988969 0.816883 1.394319
v -0.988969 0.816883 1.512187
v -0.988969 0.785943 1.542704
v -0.988969 0.755452 1.342915
v -0.988969 0.755452 1.563591
v -0.988969 0.713302 1.324695
v -0.988969 0.713302 1.581810
v -0.988969 0.669853 1.589036
v -0.988969 0.669853 1.317469
v -0.966220 0.851487 -1.336115
v -0.966220 0.851487 -0.638773
v -0.966220 0.851487 0.058569
v -0.966220 0.851487 0.755911
v -0.966220 0.851487 1.453253
v -0.966220 0.236016 -0.776415
vt 0.877324 0.293318
vt 0.871066 0.293318
vt 0.871066 0.202059
vt 0.877324 0.202059
vt 0.416758 0.373542
vt 0.410692 0.377824
vt 0.404330 0.380659
vt 0.806945 0.111280
vt 0.806945 0.063757
vt 0.817005 0.111280
vt 0.877324 0.150398
vt 0.877324 0.157750
vt 0.871066 0.157750
vt 0.871066 0.150398
vt 0.877324 0.165587
vt 0.871066 0.165587
vt 0.877324 0.174860
vt 0.871066 0.174860
vt 0.877324 0.182791
vt 0.871066 0.182791
vt 0.877324 0.192629
vt 0.871066 0.192629
vt 0.877324 0.007478
vt 0.877324 0.098738
vt 0.871066 0.098738
vt 0.871066 0.007478
vt 0.376320 0.343717
vt 0.404330 0.380659
vt 0.385732 0.367287
vt 0.806945 0.016233
vt 0.817005 0.016233
vt 0.877324 0.150398
vt 0.871066 0.150398
vt 0.871066 0.143046
vt 0.877324 0.143046
vt 0.871066 0.135210
vt 0.877324 0.135210
vt 0.871066 0.125937
vt 0.877324 0.125937
vt 0.871066 0.118005
vt 0.877324 0.118005
vt 0.871066 0.108167
vt 0.877324 0.108167
vt 0.857313 0.007478
vt 0.863571 0.007478
vt 0.863571 0.098738
vt 0.857313 0.098738
vt 0.416795 0.373542
vt 0.410729 0.377824
vt 0.404366 0.380659
vt 0.806945 0.111280
vt 0.806945 0.063757
vt 0.817005 0.111280
vt 0.857313 0.150398
vt 0.857313 0.143046
vt 0.863571 0.143046
vt 0.863571 0.150398
vt 0.857313 0.135209
vt 0.863571 0.135209
vt 0.857313 0.125936
vt 0.863571 0.125936
vt 0.857313 0.118005
vt 0.863571 0.118005
vt 0.857313 0.108167
vt 0.863571 0.108167
vt 0.857313 0.293318
vt 0.857313 0.202058
vt 0.863571 0.202058
vt 0.863571 0.293318
vt 0.376357 0.343717
vt 0.404366 0.380659
vt 0.385769 0.367287
vt 0.806945 0.016233
vt 0.817005 0.016233
vt 0.857313 0.150398
vt 0.863571 0.150398
vt 0.863571 0.157750
vt 0.857313 0.157750
vt 0.863571 0.165586
vt 0.857313 0.165586
vt 0.863571 0.174859
vt 0.857313 0.174859
vt 0.863571 0.182791
vt 0.857313 0.182791
vt 0.863571 0.192628
vt 0.857313 0.192628
vt 0.884200 0.293318
vt 0.877942 0.293318
vt 0.877942 0.202058
vt 0.884200 0.202058
vt 0.480025 0.190085
vt 0.486561 0.196754
vt 0.371336 0.196327
vt 0.377914 0.189713
vt 0.416804 0.373542
vt 0.410739 0.377824
vt 0.404376 0.380659
vt 0.806945 0.111280
vt 0.806945 0.063757
vt 0.817005 0.111280
vt 0.884200 0.150398
vt 0.884200 0.157750
vt 0.877942 0.157750
vt 0.877942 0.150398
vt 0.884200 0.165586
vt 0.877942 0.165586
vt 0.884200 0.174859
vt 0.877942 0.174859
vt 0.884200 0.182791
vt 0.877942 0.182791
vt 0.884200 0.192629
vt 0.877942 0.192629
vt 0.884200 0.007478
vt 0.884200 0.098738
vt 0.877942 0.098738
vt 0.877942 0.007478
vt 0.634763 0.201597
vt 0.641527 0.204624
vt 0.499757 0.204365
vt 0.506535 0.201363
vt 0.376366 0.343717
vt 0.404376 0.380659
vt 0.385778 0.367287
vt 0.806945 0.016233
vt 0.817005 0.016233
vt 0.884200 0.150398
vt 0.877942 0.150398
vt 0.877942 0.143046
vt 0.884200 0.143046
vt 0.877942 0.135209
vt 0.884200 0.135209
vt 0.877942 0.125936
vt 0.884200 0.125936
vt 0.877942 0.118005
vt 0.884200 0.118005
vt 0.877942 0.108167
vt 0.884200 0.108167
vt 0.470104 0.165013
vt 0.471637 0.174379
vt 0.386405 0.174085
vt 0.388001 0.164740
vt 0.870447 0.293318
vt 0.864190 0.293318
vt 0.864190 0.202058
vt 0.870447 0.202058
vt 0.237119 0.188905
vt 0.241621 0.182412
vt 0.334005 0.182983
vt 0.338468 0.189563
vt 0.416743 0.373542
vt 0.410677 0.377824
vt 0.404314 0.380659
vt 0.806813 0.111343
vt 0.806813 0.063876
vt 0.816860 0.111343
vt 0.870447 0.150398
vt 0.870447 0.157750
vt 0.864190 0.157750
vt 0.864190 0.150398
vt 0.870447 0.165586
vt 0.864190 0.165586
vt 0.870447 0.174859
vt 0.864190 0.174859
vt 0.870447 0.182791
vt 0.864190 0.182791
vt 0.870447 0.192629
vt 0.864190 0.192629
vt 0.870447 0.007478
vt 0.870447 0.098738
vt 0.864190 0.098738
vt 0.864190 0.007478
vt 0.512998 0.196823
vt 0.519573 0.190186
vt 0.621769 0.190370
vt 0.628320 0.197032
vt 0.376305 0.343717
vt 0.404314 0.380659
vt 0.385717 0.367287
vt 0.806813 0.016410
vt 0.816860 0.016410
vt 0.870447 0.150398
vt 0.864190 0.150398
vt 0.864190 0.143046
vt 0.870447 0.143046
vt 0.864190 0.135209
vt 0.870447 0.135209
vt 0.864190 0.125936
vt 0.870447 0.125936
vt 0.864190 0.118005
vt 0.870447 0.118005
vt 0.864190 0.108167
vt 0.870447 0.108167
vt 0.524103 0.183604
vt 0.617265 0.183770
vt 0.856695 0.293318
vt 0.850437 0.293318
vt 0.850437 0.202059
vt 0.856695 0.202059
vt 0.416681 0.373542
vt 0.410615 0.377824
vt 0.404253 0.380659
vt 0.806945 0.111280
vt 0.806945 0.063757
vt 0.817005 0.111280
vt 0.856695 0.150398
vt 0.856695 0.157750
vt 0.850437 0.157750
vt 0.850437 0.150398
vt 0.856695 0.165587
vt 0.850437 0.165587
vt 0.856695 0.174860
vt 0.850437 0.174860
vt 0.856695 0.182791
vt 0.850437 0.182791
vt 0.856695 0.192629
vt 0.850437 0.192629
vt 0.856695 0.007478
vt 0.856695 0.098738
vt 0.850437 0.098738
vt 0.850437 0.007478
vt 0.654760 0.197070
vt 0.661331 0.190425
vt 0.797276 0.224098
vt 0.376243 0.343717
vt 0.404253 0.380659
vt 0.385655 0.367287
vt 0.806945 0.016233
vt 0.817005 0.016233
vt 0.856695 0.150398
vt 0.850437 0.150398
vt 0.850437 0.143046
vt 0.856695 0.143046
vt 0.850437 0.135210
vt 0.856695 0.135210
vt 0.850437 0.125937
vt 0.856695 0.125937
vt 0.850437 0.118005
vt 0.856695 0.118005
vt 0.850437 0.108167
vt 0.856695 0.108167
vt 0.665856 0.183835
vt 0.669797 0.174739
vt 0.659158 0.234645
vt 0.659158 0.243607
vt 0.572128 0.243607
vt 0.572128 0.234646
vt 0.885632 0.363600
vt 0.879320 0.363600
vt 0.879320 0.312814
vt 0.885632 0.312814
vt 0.516068 0.234645
vt 0.523048 0.234645
vt 0.523048 0.243607
vt 0.516068 0.243607
vt 0.530032 0.234646
vt 0.530031 0.243607
vt 0.537022 0.234646
vt 0.537022 0.243607
vt 0.544021 0.234646
vt 0.544021 0.243607
vt 0.551029 0.234645
vt 0.551029 0.243607
vt 0.558047 0.234646
vt 0.558047 0.243607
vt 0.565071 0.234646
vt 0.565071 0.243607
vt 0.676922 0.304406
vt 0.676922 0.258916
vt 0.714606 0.258916
vt 0.714606 0.304406
vt 0.714249 0.308077
vt 0.713190 0.311593
vt 0.711470 0.314833
vt 0.709156 0.317673
vt 0.706336 0.320003
vt 0.703118 0.321735
vt 0.699627 0.322802
vt 0.695454 0.323255
vt 0.691825 0.322876
vt 0.688340 0.321792
vt 0.685131 0.320044
vt 0.682323 0.317699
vt 0.680024 0.314847
vt 0.678321 0.311598
vt 0.677280 0.308077
vt 0.213178 0.233329
vt 0.213178 0.265829
vt 0.011383 0.265829
vt 0.011383 0.233329
vt 0.362772 0.233506
vt 0.362772 0.266317
vt 0.226160 0.267465
vt 0.226160 0.233506
vt 0.508199 0.243607
vt 0.508199 0.234645
vt 0.515179 0.234645
vt 0.515179 0.243607
vt 0.501215 0.243607
vt 0.501215 0.234645
vt 0.494225 0.243607
vt 0.494225 0.234645
vt 0.480217 0.243607
vt 0.480217 0.234645
vt 0.487226 0.234645
vt 0.487226 0.243607
vt 0.473200 0.243607
vt 0.473200 0.234645
vt 0.372090 0.243607
vt 0.372090 0.234645
vt 0.459119 0.234645
vt 0.459119 0.243607
vt 0.466176 0.234645
vt 0.466176 0.243607
vt 0.859917 0.363600
vt 0.859917 0.312814
vt 0.871098 0.312814
vt 0.871098 0.363600
vt 0.879320 0.363600
vt 0.879320 0.374781
vt 0.871098 0.374781
vt 0.871098 0.363600
vt 0.316917 0.354021
vt 0.316906 0.362420
vt 0.851696 0.363600
vt 0.851696 0.312814
vt 0.859917 0.312814
vt 0.859917 0.363600
vt 0.871098 0.363600
vt 0.871098 0.312814
vt 0.879320 0.301633
vt 0.879320 0.312814
vt 0.871098 0.312814
vt 0.871098 0.301633
vt 0.078078 0.201724
vt 0.084744 0.198815
vt 0.210821 0.199817
vt 0.217474 0.202841
vt 0.528050 0.174517
vt 0.613350 0.174665
vt 0.382448 0.183150
vt 0.475534 0.183483
vt 0.671373 0.165368
vt 0.529860 0.073289
vt 0.611920 0.073329
vt 0.611800 0.165293
vt 0.529634 0.165154
vt 0.344968 0.196216
vt 0.351370 0.200784
vt 0.224186 0.199904
vt 0.230593 0.195442
vt 0.106005 0.172564
vt 0.107606 0.163375
vt 0.188362 0.163927
vt 0.189850 0.173168
vt 0.245551 0.173436
vt 0.330131 0.173917
vt 0.091112 0.194393
vt 0.204493 0.195283
vt 0.328603 0.164596
vt 0.247140 0.164179
vt 0.071464 0.198714
vt 0.000309 0.220017
vt 0.065171 0.194199
vt 0.050626 0.172170
vt 0.054410 0.181124
vt 0.001951 0.033182
vt 0.049893 0.065203
vt 0.049873 0.072880
vt 0.097602 0.187911
vt 0.198072 0.188683
vt 0.108088 0.073036
vt 0.188650 0.073191
vt 0.102083 0.181470
vt 0.193666 0.182157
vt 0.077918 0.220665
vt 0.648301 0.201616
vt 0.492997 0.201326
vt 0.358100 0.203830
vt 0.364875 0.200846
vt 0.388483 0.073299
vt 0.470461 0.073260
vt 0.217325 0.221894
vt 0.058788 0.187624
vt 0.247116 0.073287
vt 0.327953 0.073499
vt 0.049163 0.162968
vt 0.499697 0.223647
vt 0.357995 0.223036
vt 0.641498 0.223917
vt 0.845570 0.016233
vt 0.845570 0.111280
vt 0.837565 0.111280
vt 0.837565 0.016233
vt 0.817005 0.016233
vt 0.817005 0.003678
vt 0.825010 0.003678
vt 0.825010 0.016233
vt 0.671435 0.073351
vt 0.671438 0.065489
vt 0.797276 0.032780
vt 0.845392 0.016410
vt 0.845392 0.111343
vt 0.837396 0.111343
vt 0.837396 0.016410
vt 0.388504 0.065386
vt 0.470466 0.065412
vt 0.797260 0.000309
vt 0.001935 0.000711
vt 0.316860 0.412123
vt 0.317192 0.408416
vt 0.361902 0.456546
vt 0.315831 0.415664
vt 0.228045 0.545296
vt 0.278474 0.408238
vt 0.279112 0.412472
vt 0.314145 0.418930
vt 0.311869 0.421800
vt 0.280268 0.416106
vt 0.281974 0.419331
vt 0.309095 0.424168
vt 0.278622 0.362416
vt 0.305930 0.425951
vt 0.302485 0.427092
vt 0.284272 0.422165
vt 0.287076 0.424498
vt 0.298855 0.427580
vt 0.290276 0.426241
vt 0.293748 0.427328
vt 0.297583 0.427649
vt 0.825010 0.111280
vt 0.825010 0.016233
vt 0.837565 0.016233
vt 0.837565 0.111280
vt 0.611924 0.065469
vt 0.529864 0.065437
vt 0.108107 0.065333
vt 0.188664 0.065468
vt 0.817005 0.016233
vt 0.817005 0.003678
vt 0.825010 0.003678
vt 0.825010 0.016233
vt 0.247133 0.065550
vt 0.327897 0.065685
vt 0.825010 0.016233
vt 0.825010 0.111280
vt 0.825010 0.016233
vt 0.837565 0.016233
vt 0.837565 0.111280
vt 0.825010 0.111280
vt 0.824856 0.111343
vt 0.824856 0.016410
vt 0.837396 0.016410
vt 0.837396 0.111343
vt 0.837565 0.016233
vt 0.837565 0.111280
vt 0.825010 0.111280
vt 0.825010 0.016233
vt 0.837565 0.016233
vt 0.837565 0.111280
vt 0.825010 0.111280
vt 0.825010 0.016233
vt 0.824856 0.016410
vt 0.824856 0.111343
vt 0.825010 0.016233
vt 0.825010 0.111280
vt 0.845570 0.016233
vt 0.845570 0.111280
vt 0.837565 0.111280
vt 0.837565 0.016233
vt 0.817005 0.016233
vt 0.817005 0.003678
vt 0.825010 0.003678
vt 0.825010 0.016233
vt 0.817005 0.016233
vt 0.817005 0.003678
vt 0.825010 0.003678
vt 0.825010 0.016233
vt 0.817005 0.123836
vt 0.817005 0.111280
vt 0.825010 0.111280
vt 0.825010 0.123836
vt 0.825010 0.016233
vt 0.825010 0.111280
vt 0.845570 0.016233
vt 0.845570 0.111280
vt 0.837565 0.111280
vt 0.837565 0.016233
vt 0.825010 0.016233
vt 0.825010 0.111280
vt 0.817005 0.123836
vt 0.817005 0.111280
vt 0.825010 0.111280
vt 0.825010 0.123836
vt 0.817005 0.123836
vt 0.817005 0.111280
vt 0.825010 0.111280
vt 0.825010 0.123836
vt 0.845570 0.016233
vt 0.845570 0.111280
vt 0.837565 0.111280
vt 0.837565 0.016233
vt 0.816860 0.016410
vt 0.816860 0.003869
vt 0.824856 0.003869
vt 0.824856 0.016410
vt 0.817005 0.123836
vt 0.817005 0.111280
vt 0.825010 0.111280
vt 0.825010 0.123836
vt 0.816860 0.123883
vt 0.816860 0.111343
vt 0.824856 0.111343
vt 0.824856 0.123883
vt 0.278624 0.354019
vt 0.213178 0.358175
vt 0.170770 0.358175
vt 0.170770 0.423902
vt 0.172313 0.439399
vt 0.176860 0.454810
vt 0.183217 0.466442
vt 0.190647 0.476700
vt 0.198266 0.484787
vt 0.206936 0.492105
vt 0.213177 0.496058
vt 0.213178 0.591313
vt 0.011383 0.455565
vt 0.924649 0.406616
vt 0.891408 0.008604
vt 0.992305 0.008604
vt 0.992305 0.406616
vt 0.891408 0.406616
vt 0.744050 0.383304
vt 0.737646 0.370372
vt 0.748306 0.365917
vt 0.754403 0.376908
vt 0.769103 0.411898
vt 0.760273 0.403387
vt 0.768813 0.395069
vt 0.776954 0.402826
vt 0.740847 0.258866
vt 0.784814 0.258866
vt 0.784814 0.270916
vt 0.740847 0.270916
vt 0.732409 0.354028
vt 0.744025 0.351467
vt 0.752236 0.394544
vt 0.761508 0.386978
vt 0.730453 0.337741
vt 0.742120 0.336728
vt 0.775229 0.416932
vt 0.783148 0.407295
vt 0.728925 0.271156
vt 0.740847 0.270916
vt 0.400096 0.378222
vt 0.394821 0.370990
vt 0.390088 0.363445
vt 0.385484 0.354054
vt 0.381534 0.343806
vt 0.378760 0.330331
vt 0.377526 0.316587
vt 0.376701 0.261063
vt 0.405189 0.261063
vt 0.404109 0.382390
vt 0.810559 0.141256
vt 0.815042 0.141266
vt 0.814562 0.226976
vt 0.810101 0.226755
vt 0.790017 0.251648
vt 0.757809 0.251666
vt 0.790014 0.246325
vt 0.794750 0.272863
vt 0.798263 0.266878
vt 0.802631 0.269301
vt 0.798983 0.275344
vt 0.801801 0.259942
vt 0.806245 0.261979
vt 0.805235 0.251541
vt 0.809719 0.253137
vt 0.807474 0.244400
vt 0.812012 0.245588
vt 0.809308 0.235399
vt 0.813873 0.236079
vt 0.829112 0.140404
vt 0.828863 0.226228
vt 0.824383 0.226432
vt 0.824629 0.140395
vt 0.725600 0.251648
vt 0.725603 0.246325
vt 0.843849 0.272192
vt 0.839598 0.274579
vt 0.836052 0.268676
vt 0.840378 0.266369
vt 0.832525 0.261490
vt 0.836939 0.259538
vt 0.829093 0.252701
vt 0.833620 0.251134
vt 0.826847 0.245123
vt 0.831411 0.243950
vt 0.825027 0.235571
vt 0.829613 0.234907
vt 0.810559 0.141256
vt 0.815042 0.141266
vt 0.814562 0.226976
vt 0.810101 0.226755
vt 0.790017 0.251648
vt 0.757809 0.251666
vt 0.790014 0.246325
vt 0.794750 0.272863
vt 0.798263 0.266878
vt 0.802631 0.269301
vt 0.798983 0.275344
vt 0.801801 0.259942
vt 0.806245 0.261979
vt 0.805235 0.251541
vt 0.809719 0.253137
vt 0.807474 0.244400
vt 0.812012 0.245588
vt 0.809308 0.235399
vt 0.813873 0.236079
vt 0.829112 0.140404
vt 0.828863 0.226228
vt 0.824383 0.226432
vt 0.824629 0.140395
vt 0.725600 0.251648
vt 0.725603 0.246325
vt 0.843849 0.272192
vt 0.839598 0.274579
vt 0.836052 0.268676
vt 0.840378 0.266369
vt 0.832525 0.261490
vt 0.836939 0.259538
vt 0.829093 0.252701
vt 0.833620 0.251134
vt 0.826847 0.245123
vt 0.831411 0.243950
vt 0.825027 0.235571
vt 0.829613 0.234907
vt 0.810559 0.141256
vt 0.815042 0.141266
vt 0.814562 0.226976
vt 0.810101 0.226755
vt 0.790017 0.251648
vt 0.757809 0.251666
vt 0.790014 0.246325
vt 0.794750 0.272863
vt 0.798263 0.266878
vt 0.802631 0.269301
vt 0.798983 0.275344
vt 0.801801 0.259942
vt 0.806245 0.261979
vt 0.805235 0.251541
vt 0.809719 0.253137
vt 0.807474 0.244400
vt 0.812012 0.245588
vt 0.809308 0.235399
vt 0.813873 0.236079
vt 0.829112 0.140404
vt 0.828863 0.226228
vt 0.824383 0.226432
vt 0.824629 0.140395
vt 0.725600 0.251648
vt 0.725603 0.246325
vt 0.843849 0.272192
vt 0.839598 0.274579
vt 0.836052 0.268676
vt 0.840378 0.266369
vt 0.832525 0.261490
vt 0.836939 0.259538
vt 0.829093 0.252701
vt 0.833620 0.251134
vt 0.826847 0.245123
vt 0.831411 0.243950
vt 0.825027 0.235571
vt 0.829613 0.234907
vt 0.810559 0.141256
vt 0.815042 0.141266
vt 0.814562 0.226976
vt 0.810101 0.226755
vt 0.790017 0.251648
vt 0.757809 0.251666
vt 0.790014 0.246325
vt 0.794750 0.272863
vt 0.798263 0.266878
vt 0.802631 0.269301
vt 0.798983 0.275344
vt 0.801801 0.259942
vt 0.806245 0.261979
vt 0.805235 0.251541
vt 0.809719 0.253137
vt 0.807474 0.244400
vt 0.812012 0.245588
vt 0.809308 0.235399
vt 0.813873 0.236079
vt 0.829112 0.140404
vt 0.828863 0.226228
vt 0.824383 0.226432
vt 0.824629 0.140395
vt 0.725600 0.251648
vt 0.725603 0.246325
vt 0.843849 0.272192
vt 0.839598 0.274579
vt 0.836052 0.268676
vt 0.840378 0.266369
vt 0.832525 0.261490
vt 0.836939 0.259538
vt 0.829093 0.252701
vt 0.833620 0.251134
vt 0.826847 0.245123
vt 0.831411 0.243950
vt 0.825027 0.235571
vt 0.829613 0.234907
vt 0.810559 0.141256
vt 0.815042 0.141266
vt 0.814562 0.226976
vt 0.810101 0.226755
vt 0.790017 0.251648
vt 0.757809 0.251666
vt 0.790014 0.246325
vt 0.794750 0.272863
vt 0.798263 0.266878
vt 0.802631 0.269301
vt 0.798983 0.275344
vt 0.801801 0.259942
vt 0.806245 0.261979
vt 0.805235 0.251541
vt 0.809719 0.253137
vt 0.807474 0.244400
vt 0.812012 0.245588
vt 0.809308 0.235399
vt 0.813873 0.236079
vt 0.829112 0.140404
vt 0.828863 0.226228
vt 0.824383 0.226432
vt 0.824629 0.140395
vt 0.725600 0.251648
vt 0.725603 0.246325
vt 0.843849 0.272192
vt 0.839598 0.274579
vt 0.836052 0.268676
vt 0.840378 0.266369
vt 0.832525 0.261490
vt 0.836939 0.259538
vt 0.829093 0.252701
vt 0.833620 0.251134
vt 0.826847 0.245123
vt 0.831411 0.243950
vt 0.825027 0.235571
vt 0.829613 0.234907
vt 0.812012 0.245588
vt 0.813873 0.236079
vt 0.817422 0.235963
vt 0.815314 0.246286
vt 0.790014 0.246325
vt 0.725603 0.246325
vt 0.721240 0.231654
vt 0.794378 0.231654
vt 0.806245 0.261979
vt 0.809719 0.253137
vt 0.812968 0.254522
vt 0.809307 0.264285
vt 0.836052 0.268676
vt 0.839598 0.274579
vt 0.837163 0.278240
vt 0.833214 0.271657
vt 0.802631 0.269301
vt 0.805525 0.272361
vt 0.832525 0.261490
vt 0.829501 0.263761
vt 0.798983 0.275344
vt 0.801434 0.279040
vt 0.829093 0.252701
vt 0.825849 0.254076
vt 0.814562 0.226976
vt 0.815042 0.141266
vt 0.818712 0.128898
vt 0.818212 0.226002
vt 0.826847 0.245123
vt 0.823531 0.245810
vt 0.836052 0.268676
vt 0.839598 0.274579
vt 0.837163 0.278240
vt 0.833214 0.271657
vt 0.825027 0.235571
vt 0.821464 0.235441
vt 0.824629 0.140395
vt 0.824383 0.226432
vt 0.820724 0.225439
vt 0.821047 0.127994
vt 0.832525 0.261490
vt 0.829501 0.263761
vt 0.813873 0.236079
vt 0.814562 0.226976
vt 0.818212 0.226002
vt 0.817422 0.235963
vt 0.790014 0.246325
vt 0.725603 0.246325
vt 0.721240 0.231654
vt 0.794378 0.231654
vt 0.829093 0.252701
vt 0.825849 0.254076
vt 0.813873 0.236079
vt 0.817422 0.235963
vt 0.815042 0.141266
vt 0.818712 0.128898
vt 0.814562 0.226976
vt 0.815042 0.141266
vt 0.818712 0.128898
vt 0.818212 0.226002
vt 0.826847 0.245123
vt 0.823531 0.245810
vt 0.790014 0.246325
vt 0.725603 0.246325
vt 0.721240 0.231654
vt 0.794378 0.231654
vt 0.806245 0.261979
vt 0.809719 0.253137
vt 0.812968 0.254522
vt 0.809307 0.264285
vt 0.825027 0.235571
vt 0.821464 0.235441
vt 0.806245 0.261979
vt 0.809719 0.253137
vt 0.812968 0.254522
vt 0.809307 0.264285
vt 0.812012 0.245588
vt 0.815314 0.246286
vt 0.824383 0.226432
vt 0.820724 0.225439
vt 0.812012 0.245588
vt 0.815314 0.246286
vt 0.824629 0.140395
vt 0.821047 0.127994
vt 0.802631 0.269301
vt 0.805525 0.272361
vt 0.790014 0.246325
vt 0.725603 0.246325
vt 0.721240 0.231654
vt 0.794378 0.231654
vt 0.798983 0.275344
vt 0.802631 0.269301
vt 0.805525 0.272361
vt 0.801434 0.279040
vt 0.798983 0.275344
vt 0.801434 0.279040
vt 0.836052 0.268676
vt 0.839598 0.274579
vt 0.837163 0.278240
vt 0.833214 0.271657
vt 0.802631 0.269301
vt 0.805525 0.272361
vt 0.836052 0.268676
vt 0.839598 0.274579
vt 0.837163 0.278240
vt 0.833214 0.271657
vt 0.806245 0.261979
vt 0.809719 0.253137
vt 0.812968 0.254522
vt 0.809307 0.264285
vt 0.836052 0.268676
vt 0.839598 0.274579
vt 0.837163 0.278240
vt 0.833214 0.271657
vt 0.832525 0.261490
vt 0.829501 0.263761
vt 0.798983 0.275344
vt 0.801434 0.279040
vt 0.829093 0.252701
vt 0.825849 0.254076
vt 0.832525 0.261490
vt 0.829501 0.263761
vt 0.790014 0.246325
vt 0.725603 0.246325
vt 0.721240 0.231654
vt 0.794378 0.231654
vt 0.826847 0.245123
vt 0.823531 0.245810
vt 0.829093 0.252701
vt 0.825849 0.254076
vt 0.832525 0.261490
vt 0.829501 0.263761
vt 0.825027 0.235571
vt 0.821464 0.235441
vt 0.812012 0.245588
vt 0.815314 0.246286
vt 0.829093 0.252701
vt 0.825849 0.254076
vt 0.824383 0.226432
vt 0.820724 0.225439
vt 0.826847 0.245123
vt 0.823531 0.245810
vt 0.826847 0.245123
vt 0.823531 0.245810
vt 0.824629 0.140395
vt 0.821047 0.127994
vt 0.813873 0.236079
vt 0.817422 0.235963
vt 0.825027 0.235571
vt 0.821464 0.235441
vt 0.813873 0.236079
vt 0.817422 0.235963
vt 0.825027 0.235571
vt 0.821464 0.235441
vt 0.824383 0.226432
vt 0.820724 0.225439
vt 0.806245 0.261979
vt 0.809719 0.253137
vt 0.812968 0.254522
vt 0.809307 0.264285
vt 0.824383 0.226432
vt 0.820724 0.225439
vt 0.824629 0.140395
vt 0.821047 0.127994
vt 0.812012 0.245588
vt 0.815314 0.246286
vt 0.814562 0.226976
vt 0.818212 0.226002
vt 0.814562 0.226976
vt 0.818212 0.226002
vt 0.815042 0.141266
vt 0.818712 0.128898
vt 0.815042 0.141266
vt 0.818712 0.128898
vt 0.802631 0.269301
vt 0.805525 0.272361
vt 0.824629 0.140395
vt 0.821047 0.127994
vt 0.798983 0.275344
vt 0.801434 0.279040
vt 0.404330 0.257252
vt 0.376320 0.257252
vt 0.432340 0.343717
vt 0.430869 0.352530
vt 0.427174 0.361086
vt 0.422928 0.367287
vt 0.410692 0.377824
vt 0.404330 0.380659
vt 0.404330 0.380659
vt 0.432386 0.343717
vt 0.422974 0.367287
vt 0.404330 0.257252
vt 0.404330 0.380659
vt 0.404330 0.380659
vt 0.397967 0.377824
vt 0.391902 0.373542
vt 0.381486 0.361086
vt 0.377791 0.352530
vt 0.404366 0.257252
vt 0.376357 0.257252
vt 0.404376 0.257252
vt 0.376366 0.257252
vt 0.432376 0.343717
vt 0.430905 0.352530
vt 0.427211 0.361086
vt 0.422964 0.367287
vt 0.410729 0.377824
vt 0.404366 0.380659
vt 0.404366 0.380659
vt 0.430915 0.352530
vt 0.427220 0.361086
vt 0.404366 0.257252
vt 0.404366 0.380659
vt 0.404366 0.380659
vt 0.398004 0.377824
vt 0.391938 0.373542
vt 0.381522 0.361086
vt 0.377827 0.352530
vt 0.404366 0.257252
vt 0.432376 0.257252
vt 0.404330 0.257252
vt 0.432340 0.257252
vt 0.410739 0.377824
vt 0.404376 0.380659
vt 0.404376 0.380659
vt 0.427097 0.361086
vt 0.422851 0.367287
vt 0.432263 0.343717
vt 0.404376 0.257252
vt 0.404376 0.380659
vt 0.404376 0.380659
vt 0.398014 0.377824
vt 0.391948 0.373542
vt 0.381532 0.361086
vt 0.377837 0.352530
vt 0.430792 0.352530
vt 0.404376 0.257252
vt 0.432386 0.257252
vt 0.432324 0.343717
vt 0.430853 0.352530
vt 0.427158 0.361086
vt 0.422912 0.367287
vt 0.410677 0.377824
vt 0.404314 0.380659
vt 0.404314 0.380659
vt 0.404314 0.257252
vt 0.404314 0.380659
vt 0.404314 0.380659
vt 0.397952 0.377824
vt 0.391886 0.373542
vt 0.381470 0.361086
vt 0.377776 0.352530
vt 0.404314 0.257252
vt 0.432324 0.257252
vt 0.404314 0.257252
vt 0.376305 0.257252
vt 0.410615 0.377824
vt 0.404253 0.380659
vt 0.404253 0.380659
vt 0.404253 0.257252
vt 0.404253 0.380659
vt 0.404253 0.380659
vt 0.397890 0.377824
vt 0.391825 0.373542
vt 0.381409 0.361086
vt 0.377714 0.352530
vt 0.404253 0.257252
vt 0.432263 0.257252
vt 0.404253 0.257252
vt 0.376243 0.257252
vt 0.877324 0.293318
vt 0.877324 0.202059
vt 0.871066 0.202059
vt 0.871066 0.293318
vt 0.416758 0.373542
vt 0.404330 0.380659
vt 0.410692 0.377824
vt 0.806945 0.111280
vt 0.817005 0.111280
vt 0.806945 0.063757
vt 0.877324 0.150398
vt 0.871066 0.150398
vt 0.871066 0.157750
vt 0.877324 0.157750
vt 0.871066 0.165587
vt 0.877324 0.165587
vt 0.871066 0.174860
vt 0.877324 0.174860
vt 0.871066 0.182791
vt 0.877324 0.182791
vt 0.871066 0.192629
vt 0.877324 0.192629
vt 0.877324 0.007478
vt 0.871066 0.007478
vt 0.871066 0.098738
vt 0.877324 0.098738
vt 0.376320 0.343717
vt 0.385732 0.367287
vt 0.404330 0.380659
vt 0.806945 0.016233
vt 0.817005 0.016233
vt 0.877324 0.150398
vt 0.877324 0.143046
vt 0.871066 0.143046
vt 0.871066 0.150398
vt 0.877324 0.135210
vt 0.871066 0.135210
vt 0.877324 0.125937
vt 0.871066 0.125937
vt 0.877324 0.118005
vt 0.871066 0.118005
vt 0.877324 0.108167
vt 0.871066 0.108167
vt 0.857313 0.007478
vt 0.857313 0.098738
vt 0.863571 0.098738
vt 0.863571 0.007478
vt 0.416795 0.373542
vt 0.404366 0.380659
vt 0.410729 0.377824
vt 0.806945 0.111280
vt 0.817005 0.111280
vt 0.806945 0.063757
vt 0.857313 0.150398
vt 0.863571 0.150398
vt 0.863571 0.143046
vt 0.857313 0.143046
vt 0.863571 0.135209
vt 0.857313 0.135209
vt 0.863571 0.125936
vt 0.857313 0.125936
vt 0.863571 0.118005
vt 0.857313 0.118005
vt 0.863571 0.108167
vt 0.857313 0.108167
vt 0.857313 0.293318
vt 0.863571 0.293318
vt 0.863571 0.202058
vt 0.857313 0.202058
vt 0.376357 0.343717
vt 0.385769 0.367287
vt 0.404366 0.380659
vt 0.806945 0.016233
vt 0.817005 0.016233
vt 0.857313 0.150398
vt 0.857313 0.157750
vt 0.863571 0.157750
vt 0.863571 0.150398
vt 0.857313 0.165586
vt 0.863571 0.165586
vt 0.857313 0.174859
vt 0.863571 0.174859
vt 0.857313 0.182791
vt 0.863571 0.182791
vt 0.857313 0.192628
vt 0.863571 0.192628
vt 0.884200 0.293318
vt 0.884200 0.202058
vt 0.877942 0.202058
vt 0.877942 0.293318
vt 0.480025 0.190085
vt 0.377914 0.189713
vt 0.371336 0.196327
vt 0.486561 0.196754
vt 0.416804 0.373542
vt 0.404376 0.380659
vt 0.410739 0.377824
vt 0.806945 0.111280
vt 0.817005 0.111280
vt 0.806945 0.063757
vt 0.884200 0.150398
vt 0.877942 0.150398
vt 0.877942 0.157750
vt 0.884200 0.157750
vt 0.877942 0.165586
vt 0.884200 0.165586
vt 0.877942 0.174859
vt 0.884200 0.174859
vt 0.877942 0.182791
vt 0.884200 0.182791
vt 0.877942 0.192629
vt 0.884200 0.192629
vt 0.884200 0.007478
vt 0.877942 0.007478
vt 0.877942 0.098738
vt 0.884200 0.098738
vt 0.634763 0.201597
vt 0.506535 0.201363
vt 0.499757 0.204365
vt 0.641527 0.204624
vt 0.376366 0.343717
vt 0.385778 0.367287
vt 0.404376 0.380659
vt 0.806945 0.016233
vt 0.817005 0.016233
vt 0.884200 0.150398
vt 0.884200 0.143046
vt 0.877942 0.143046
vt 0.877942 0.150398
vt 0.884200 0.135209
vt 0.877942 0.135209
vt 0.884200 0.125936
vt 0.877942 0.125936
vt 0.884200 0.118005
vt 0.877942 0.118005
vt 0.884200 0.108167
vt 0.877942 0.108167
vt 0.470104 0.165013
vt 0.388001 0.164740
vt 0.386405 0.174085
vt 0.471637 0.174379
vt 0.870447 0.293318
vt 0.870447 0.202058
vt 0.864190 0.202058
vt 0.864190 0.293318
vt 0.237119 0.188905
vt 0.338468 0.189563
vt 0.334005 0.182983
vt 0.241621 0.182412
vt 0.416743 0.373542
vt 0.404314 0.380659
vt 0.410677 0.377824
vt 0.806813 0.111343
vt 0.816860 0.111343
vt 0.806813 0.063876
vt 0.870447 0.150398
vt 0.864190 0.150398
vt 0.864190 0.157750
vt 0.870447 0.157750
vt 0.864190 0.165586
vt 0.870447 0.165586
vt 0.864190 0.174859
vt 0.870447 0.174859
vt 0.864190 0.182791
vt 0.870447 0.182791
vt 0.864190 0.192629
vt 0.870447 0.192629
vt 0.870447 0.007478
vt 0.864190 0.007478
vt 0.864190 0.098738
vt 0.870447 0.098738
vt 0.512998 0.196823
vt 0.628320 0.197032
vt 0.621769 0.190370
vt 0.519573 0.190186
vt 0.376305 0.343717
vt 0.385717 0.367287
vt 0.404314 0.380659
vt 0.806813 0.016410
vt 0.816860 0.016410
vt 0.870447 0.150398
vt 0.870447 0.143046
vt 0.864190 0.143046
vt 0.864190 0.150398
vt 0.870447 0.135209
vt 0.864190 0.135209
vt 0.870447 0.125936
vt 0.864190 0.125936
vt 0.870447 0.118005
vt 0.864190 0.118005
vt 0.870447 0.108167
vt 0.864190 0.108167
vt 0.617265 0.183770
vt 0.524103 0.183604
vt 0.856695 0.293318
vt 0.856695 0.202059
vt 0.850437 0.202059
vt 0.850437 0.293318
vt 0.416681 0.373542
vt 0.404253 0.380659
vt 0.410615 0.377824
vt 0.806945 0.111280
vt 0.817005 0.111280
vt 0.806945 0.063757
vt 0.856695 0.150398
vt 0.850437 0.150398
vt 0.850437 0.157750
vt 0.856695 0.157750
vt 0.850437 0.165587
vt 0.856695 0.165587
vt 0.850437 0.174860
vt 0.856695 0.174860
vt 0.850437 0.182791
vt 0.856695 0.182791
vt 0.850437 0.192629
vt 0.856695 0.192629
vt 0.856695 0.007478
vt 0.850437 0.007478
vt 0.850437 0.098738
vt 0.856695 0.098738
vt 0.654760 0.197070
vt 0.797276 0.224098
vt 0.661331 0.190425
vt 0.376243 0.343717
vt 0.385655 0.367287
vt 0.404253 0.380659
vt 0.806945 0.016233
vt 0.817005 0.016233
vt 0.856695 0.150398
vt 0.856695 0.143046
vt 0.850437 0.143046
vt 0.850437 0.150398
vt 0.856695 0.135210
vt 0.850437 0.135210
vt 0.856695 0.125937
vt 0.850437 0.125937
vt 0.856695 0.118005
vt 0.850437 0.118005
vt 0.856695 0.108167
vt 0.850437 0.108167
vt 0.665856 0.183835
vt 0.669797 0.174739
vt 0.659158 0.234645
vt 0.572128 0.234646
vt 0.572128 0.243607
vt 0.659158 0.243607
vt 0.885632 0.363600
vt 0.885632 0.312814
vt 0.879320 0.312814
vt 0.879320 0.363600
vt 0.516068 0.234645
vt 0.516068 0.243607
vt 0.523048 0.243607
vt 0.523048 0.234645
vt 0.530031 0.243607
vt 0.530032 0.234646
vt 0.537022 0.243607
vt 0.537022 0.234646
vt 0.544021 0.243607
vt 0.544021 0.234646
vt 0.551029 0.243607
vt 0.551029 0.234645
vt 0.558047 0.243607
vt 0.558047 0.234646
vt 0.565071 0.243607
vt 0.565071 0.234646
vt 0.676922 0.304406
vt 0.677280 0.308077
vt 0.678321 0.311598
vt 0.680024 0.314847
vt 0.682323 0.317699
vt 0.685131 0.320044
vt 0.688340 0.321792
vt 0.691825 0.322876
vt 0.695454 0.323255
vt 0.699627 0.322802
vt 0.703118 0.321735
vt 0.706336 0.320003
vt 0.709156 0.317673
vt 0.711470 0.314833
vt 0.713190 0.311593
vt 0.714249 0.308077
vt 0.714606 0.304406
vt 0.714606 0.258916
vt 0.676922 0.258916
vt 0.011383 0.233329
vt 0.011383 0.265829
vt 0.362772 0.233506
vt 0.226160 0.233506
vt 0.226160 0.267465
vt 0.362772 0.266317
vt 0.508199 0.243607
vt 0.515179 0.243607
vt 0.515179 0.234645
vt 0.508199 0.234645
vt 0.501215 0.243607
vt 0.501215 0.234645
vt 0.494225 0.243607
vt 0.494225 0.234645
vt 0.480217 0.243607
vt 0.487226 0.243607
vt 0.487226 0.234645
vt 0.480217 0.234645
vt 0.473200 0.243607
vt 0.473200 0.234645
vt 0.372090 0.243607
vt 0.459119 0.243607
vt 0.459119 0.234645
vt 0.372090 0.234645
vt 0.466176 0.243607
vt 0.466176 0.234645
vt 0.859917 0.363600
vt 0.871098 0.363600
vt 0.871098 0.312814
vt 0.859917 0.312814
vt 0.879320 0.363600
vt 0.871098 0.363600
vt 0.871098 0.374781
vt 0.879320 0.374781
vt 0.316917 0.354021
vt 0.316906 0.362420
vt 0.851696 0.363600
vt 0.859917 0.363600
vt 0.859917 0.312814
vt 0.851696 0.312814
vt 0.871098 0.312814
vt 0.871098 0.363600
vt 0.879320 0.301633
vt 0.871098 0.301633
vt 0.871098 0.312814
vt 0.879320 0.312814
vt 0.078078 0.201724
vt 0.217474 0.202841
vt 0.210821 0.199817
vt 0.084744 0.198815
vt 0.613350 0.174665
vt 0.528050 0.174517
vt 0.475534 0.183483
vt 0.382448 0.183150
vt 0.671373 0.165368
vt 0.529860 0.073289
vt 0.529634 0.165154
vt 0.611800 0.165293
vt 0.611920 0.073329
vt 0.344968 0.196216
vt 0.230593 0.195442
vt 0.224186 0.199904
vt 0.351370 0.200784
vt 0.106005 0.172564
vt 0.189850 0.173168
vt 0.188362 0.163927
vt 0.107606 0.163375
vt 0.330131 0.173917
vt 0.245551 0.173436
vt 0.204493 0.195283
vt 0.091112 0.194393
vt 0.328603 0.164596
vt 0.247140 0.164179
vt 0.071464 0.198714
vt 0.065171 0.194199
vt 0.000309 0.220017
vt 0.050626 0.172170
vt 0.054410 0.181124
vt 0.049873 0.072880
vt 0.049893 0.065203
vt 0.001951 0.033182
vt 0.198072 0.188683
vt 0.097602 0.187911
vt 0.188650 0.073191
vt 0.108088 0.073036
vt 0.102083 0.181470
vt 0.193666 0.182157
vt 0.077918 0.220665
vt 0.648301 0.201616
vt 0.492997 0.201326
vt 0.364875 0.200846
vt 0.358100 0.203830
vt 0.388483 0.073299
vt 0.470461 0.073260
vt 0.217325 0.221894
vt 0.058788 0.187624
vt 0.327953 0.073499
vt 0.247116 0.073287
vt 0.049163 0.162968
vt 0.499697 0.223647
vt 0.357995 0.223036
vt 0.641498 0.223917
vt 0.845570 0.016233
vt 0.837565 0.016233
vt 0.837565 0.111280
vt 0.845570 0.111280
vt 0.817005 0.016233
vt 0.825010 0.016233
vt 0.825010 0.003678
vt 0.817005 0.003678
vt 0.671435 0.073351
vt 0.797276 0.032780
vt 0.671438 0.065489
vt 0.845392 0.016410
vt 0.837396 0.016410
vt 0.837396 0.111343
vt 0.845392 0.111343
vt 0.470466 0.065412
vt 0.388504 0.065386
vt 0.797260 0.000309
vt 0.001935 0.000711
vt 0.316860 0.412123
vt 0.361902 0.456546
vt 0.317192 0.408416
vt 0.315831 0.415664
vt 0.228045 0.545296
vt 0.279112 0.412472
vt 0.278474 0.408238
vt 0.314145 0.418930
vt 0.311869 0.421800
vt 0.280268 0.416106
vt 0.281974 0.419331
vt 0.309095 0.424168
vt 0.278622 0.362416
vt 0.305930 0.425951
vt 0.302485 0.427092
vt 0.284272 0.422165
vt 0.287076 0.424498
vt 0.298855 0.427580
vt 0.290276 0.426241
vt 0.293748 0.427328
vt 0.297583 0.427649
vt 0.825010 0.111280
vt 0.837565 0.111280
vt 0.837565 0.016233
vt 0.825010 0.016233
vt 0.611924 0.065469
vt 0.529864 0.065437
vt 0.108107 0.065333
vt 0.188664 0.065468
vt 0.817005 0.016233
vt 0.825010 0.016233
vt 0.825010 0.003678
vt 0.817005 0.003678
vt 0.247133 0.065550
vt 0.327897 0.065685
vt 0.825010 0.111280
vt 0.825010 0.016233
vt 0.825010 0.016233
vt 0.825010 0.111280
vt 0.837565 0.111280
vt 0.837565 0.016233
vt 0.824856 0.111343
vt 0.837396 0.111343
vt 0.837396 0.016410
vt 0.824856 0.016410
vt 0.837565 0.016233
vt 0.825010 0.016233
vt 0.825010 0.111280
vt 0.837565 0.111280
vt 0.837565 0.016233
vt 0.825010 0.016233
vt 0.825010 0.111280
vt 0.837565 0.111280
vt 0.824856 0.111343
vt 0.824856 0.016410
vt 0.825010 0.111280
vt 0.825010 0.016233
vt 0.845570 0.016233
vt 0.837565 0.016233
vt 0.837565 0.111280
vt 0.845570 0.111280
vt 0.817005 0.016233
vt 0.825010 0.016233
vt 0.825010 0.003678
vt 0.817005 0.003678
vt 0.817005 0.016233
vt 0.825010 0.016233
vt 0.825010 0.003678
vt 0.817005 0.003678
vt 0.817005 0.123836
vt 0.825010 0.123836
vt 0.825010 0.111280
vt 0.817005 0.111280
vt 0.825010 0.111280
vt 0.825010 0.016233
vt 0.845570 0.016233
vt 0.837565 0.016233
vt 0.837565 0.111280
vt 0.845570 0.111280
vt 0.825010 0.111280
vt 0.825010 0.016233
vt 0.817005 0.123836
vt 0.825010 0.123836
vt 0.825010 0.111280
vt 0.817005 0.111280
vt 0.817005 0.123836
vt 0.825010 0.123836
vt 0.825010 0.111280
vt 0.817005 0.111280
vt 0.845570 0.016233
vt 0.837565 0.016233
vt 0.837565 0.111280
vt 0.845570 0.111280
vt 0.816860 0.016410
vt 0.824856 0.016410
vt 0.824856 0.003869
vt 0.816860 0.003869
vt 0.817005 0.123836
vt 0.825010 0.123836
vt 0.825010 0.111280
vt 0.817005 0.111280
vt 0.816860 0.123883
vt 0.824856 0.123883
vt 0.824856 0.111343
vt 0.816860 0.111343
vt 0.278624 0.354019
vt 0.011383 0.455565
vt 0.206936 0.492105
vt 0.198266 0.484787
vt 0.190647 0.476700
vt 0.183217 0.466442
vt 0.176860 0.454810
vt 0.172313 0.439399
vt 0.170770 0.423902
vt 0.170770 0.358175
vt 0.924649 0.406616
vt 0.992305 0.406616
vt 0.992305 0.008604
vt 0.744050 0.383304
vt 0.754403 0.376908
vt 0.748306 0.365917
vt 0.737646 0.370372
vt 0.769103 0.411898
vt 0.776954 0.402826
vt 0.768813 0.395069
vt 0.760273 0.403387
vt 0.740847 0.258866
vt 0.740847 0.270916
vt 0.744025 0.351467
vt 0.732409 0.354028
vt 0.761508 0.386978
vt 0.752236 0.394544
vt 0.742120 0.336728
vt 0.730453 0.337741
vt 0.775229 0.416932
vt 0.783148 0.407295
vt 0.740847 0.270916
vt 0.728925 0.271156
vt 0.400096 0.378222
vt 0.376701 0.261063
vt 0.377526 0.316587
vt 0.378760 0.330331
vt 0.381534 0.343806
vt 0.385484 0.354054
vt 0.390088 0.363445
vt 0.394821 0.370990
vt 0.810559 0.141256
vt 0.810101 0.226755
vt 0.814562 0.226976
vt 0.815042 0.141266
vt 0.790017 0.251648
vt 0.790014 0.246325
vt 0.757809 0.251666
vt 0.794750 0.272863
vt 0.798983 0.275344
vt 0.802631 0.269301
vt 0.798263 0.266878
vt 0.806245 0.261979
vt 0.801801 0.259942
vt 0.809719 0.253137
vt 0.805235 0.251541
vt 0.812012 0.245588
vt 0.807474 0.244400
vt 0.813873 0.236079
vt 0.809308 0.235399
vt 0.829112 0.140404
vt 0.824629 0.140395
vt 0.824383 0.226432
vt 0.828863 0.226228
vt 0.725600 0.251648
vt 0.725603 0.246325
vt 0.843849 0.272192
vt 0.840378 0.266369
vt 0.836052 0.268676
vt 0.839598 0.274579
vt 0.836939 0.259538
vt 0.832525 0.261490
vt 0.833620 0.251134
vt 0.829093 0.252701
vt 0.831411 0.243950
vt 0.826847 0.245123
vt 0.829613 0.234907
vt 0.825027 0.235571
vt 0.810559 0.141256
vt 0.810101 0.226755
vt 0.814562 0.226976
vt 0.815042 0.141266
vt 0.790017 0.251648
vt 0.790014 0.246325
vt 0.757809 0.251666
vt 0.794750 0.272863
vt 0.798983 0.275344
vt 0.802631 0.269301
vt 0.798263 0.266878
vt 0.806245 0.261979
vt 0.801801 0.259942
vt 0.809719 0.253137
vt 0.805235 0.251541
vt 0.812012 0.245588
vt 0.807474 0.244400
vt 0.813873 0.236079
vt 0.809308 0.235399
vt 0.829112 0.140404
vt 0.824629 0.140395
vt 0.824383 0.226432
vt 0.828863 0.226228
vt 0.725600 0.251648
vt 0.725603 0.246325
vt 0.843849 0.272192
vt 0.840378 0.266369
vt 0.836052 0.268676
vt 0.839598 0.274579
vt 0.836939 0.259538
vt 0.832525 0.261490
vt 0.833620 0.251134
vt 0.829093 0.252701
vt 0.831411 0.243950
vt 0.826847 0.245123
vt 0.829613 0.234907
vt 0.825027 0.235571
vt 0.810559 0.141256
vt 0.810101 0.226755
vt 0.814562 0.226976
vt 0.815042 0.141266
vt 0.790017 0.251648
vt 0.790014 0.246325
vt 0.757809 0.251666
vt 0.794750 0.272863
vt 0.798983 0.275344
vt 0.802631 0.269301
vt 0.798263 0.266878
vt 0.806245 0.261979
vt 0.801801 0.259942
vt 0.809719 0.253137
vt 0.805235 0.251541
vt 0.812012 0.245588
vt 0.807474 0.244400
vt 0.813873 0.236079
vt 0.809308 0.235399
vt 0.829112 0.140404
vt 0.824629 0.140395
vt 0.824383 0.226432
vt 0.828863 0.226228
vt 0.725600 0.251648
vt 0.725603 0.246325
vt 0.843849 0.272192
vt 0.840378 0.266369
vt 0.836052 0.268676
vt 0.839598 0.274579
vt 0.836939 0.259538
vt 0.832525 0.261490
vt 0.833620 0.251134
vt 0.829093 0.252701
vt 0.831411 0.243950
vt 0.826847 0.245123
vt 0.829613 0.234907
vt 0.825027 0.235571
vt 0.810559 0.141256
vt 0.810101 0.226755
vt 0.814562 0.226976
vt 0.815042 0.141266
vt 0.790017 0.251648
vt 0.790014 0.246325
vt 0.757809 0.251666
vt 0.794750 0.272863
vt 0.798983 0.275344
vt 0.802631 0.269301
vt 0.798263 0.266878
vt 0.806245 0.261979
vt 0.801801 0.259942
vt 0.809719 0.253137
vt 0.805235 0.251541
vt 0.812012 0.245588
vt 0.807474 0.244400
vt 0.813873 0.236079
vt 0.809308 0.235399
vt 0.829112 0.140404
vt 0.824629 0.140395
vt 0.824383 0.226432
vt 0.828863 0.226228
vt 0.725600 0.251648
vt 0.725603 0.246325
vt 0.843849 0.272192
vt 0.840378 0.266369
vt 0.836052 0.268676
vt 0.839598 0.274579
vt 0.836939 0.259538
vt 0.832525 0.261490
vt 0.833620 0.251134
vt 0.829093 0.252701
vt 0.831411 0.243950
vt 0.826847 0.245123
vt 0.829613 0.234907
vt 0.825027 0.235571
vt 0.810559 0.141256
vt 0.810101 0.226755
vt 0.814562 0.226976
vt 0.815042 0.141266
vt 0.790017 0.251648
vt 0.790014 0.246325
vt 0.757809 0.251666
vt 0.794750 0.272863
vt 0.798983 0.275344
vt 0.802631 0.269301
vt 0.798263 0.266878
vt 0.806245 0.261979
vt 0.801801 0.259942
vt 0.809719 0.253137
vt 0.805235 0.251541
vt 0.812012 0.245588
vt 0.807474 0.244400
vt 0.813873 0.236079
vt 0.809308 0.235399
vt 0.829112 0.140404
vt 0.824629 0.140395
vt 0.824383 0.226432
vt 0.828863 0.226228
vt 0.725600 0.251648
vt 0.725603 0.246325
vt 0.843849 0.272192
vt 0.840378 0.266369
vt 0.836052 0.268676
vt 0.839598 0.274579
vt 0.836939 0.259538
vt 0.832525 0.261490
vt 0.833620 0.251134
vt 0.829093 0.252701
vt 0.831411 0.243950
vt 0.826847 0.245123
vt 0.829613 0.234907
vt 0.825027 0.235571
vt 0.812012 0.245588
vt 0.815314 0.246286
vt 0.817422 0.235963
vt 0.813873 0.236079
vt 0.790014 0.246325
vt 0.794378 0.231654
vt 0.721240 0.231654
vt 0.725603 0.246325
vt 0.806245 0.261979
vt 0.809307 0.264285
vt 0.812968 0.254522
vt 0.809719 0.253137
vt 0.836052 0.268676
vt 0.833214 0.271657
vt 0.837163 0.278240
vt 0.839598 0.274579
vt 0.802631 0.269301
vt 0.805525 0.272361
vt 0.832525 0.261490
vt 0.829501 0.263761
vt 0.798983 0.275344
vt 0.801434 0.279040
vt 0.829093 0.252701
vt 0.825849 0.254076
vt 0.814562 0.226976
vt 0.818212 0.226002
vt 0.818712 0.128898
vt 0.815042 0.141266
vt 0.826847 0.245123
vt 0.823531 0.245810
vt 0.836052 0.268676
vt 0.833214 0.271657
vt 0.837163 0.278240
vt 0.839598 0.274579
vt 0.825027 0.235571
vt 0.821464 0.235441
vt 0.824629 0.140395
vt 0.821047 0.127994
vt 0.820724 0.225439
vt 0.824383 0.226432
vt 0.832525 0.261490
vt 0.829501 0.263761
vt 0.813873 0.236079
vt 0.817422 0.235963
vt 0.818212 0.226002
vt 0.814562 0.226976
vt 0.790014 0.246325
vt 0.794378 0.231654
vt 0.721240 0.231654
vt 0.725603 0.246325
vt 0.829093 0.252701
vt 0.825849 0.254076
vt 0.813873 0.236079
vt 0.817422 0.235963
vt 0.818712 0.128898
vt 0.815042 0.141266
vt 0.814562 0.226976
vt 0.818212 0.226002
vt 0.818712 0.128898
vt 0.815042 0.141266
vt 0.826847 0.245123
vt 0.823531 0.245810
vt 0.790014 0.246325
vt 0.794378 0.231654
vt 0.721240 0.231654
vt 0.725603 0.246325
vt 0.806245 0.261979
vt 0.809307 0.264285
vt 0.812968 0.254522
vt 0.809719 0.253137
vt 0.825027 0.235571
vt 0.821464 0.235441
vt 0.806245 0.261979
vt 0.809307 0.264285
vt 0.812968 0.254522
vt 0.809719 0.253137
vt 0.815314 0.246286
vt 0.812012 0.245588
vt 0.824383 0.226432
vt 0.820724 0.225439
vt 0.815314 0.246286
vt 0.812012 0.245588
vt 0.824629 0.140395
vt 0.821047 0.127994
vt 0.802631 0.269301
vt 0.805525 0.272361
vt 0.790014 0.246325
vt 0.794378 0.231654
vt 0.721240 0.231654
vt 0.725603 0.246325
vt 0.798983 0.275344
vt 0.801434 0.279040
vt 0.805525 0.272361
vt 0.802631 0.269301
vt 0.798983 0.275344
vt 0.801434 0.279040
vt 0.836052 0.268676
vt 0.833214 0.271657
vt 0.837163 0.278240
vt 0.839598 0.274579
vt 0.802631 0.269301
vt 0.805525 0.272361
vt 0.836052 0.268676
vt 0.833214 0.271657
vt 0.837163 0.278240
vt 0.839598 0.274579
vt 0.806245 0.261979
vt 0.809307 0.264285
vt 0.812968 0.254522
vt 0.809719 0.253137
vt 0.836052 0.268676
vt 0.833214 0.271657
vt 0.837163 0.278240
vt 0.839598 0.274579
vt 0.832525 0.261490
vt 0.829501 0.263761
vt 0.798983 0.275344
vt 0.801434 0.279040
vt 0.829093 0.252701
vt 0.825849 0.254076
vt 0.832525 0.261490
vt 0.829501 0.263761
vt 0.790014 0.246325
vt 0.794378 0.231654
vt 0.721240 0.231654
vt 0.725603 0.246325
vt 0.826847 0.245123
vt 0.823531 0.245810
vt 0.829093 0.252701
vt 0.825849 0.254076
vt 0.832525 0.261490
vt 0.829501 0.263761
vt 0.825027 0.235571
vt 0.821464 0.235441
vt 0.815314 0.246286
vt 0.812012 0.245588
vt 0.829093 0.252701
vt 0.825849 0.254076
vt 0.824383 0.226432
vt 0.820724 0.225439
vt 0.826847 0.245123
vt 0.823531 0.245810
vt 0.826847 0.245123
vt 0.823531 0.245810
vt 0.824629 0.140395
vt 0.821047 0.127994
vt 0.817422 0.235963
vt 0.813873 0.236079
vt 0.825027 0.235571
vt 0.821464 0.235441
vt 0.813873 0.236079
vt 0.817422 0.235963
vt 0.825027 0.235571
vt 0.821464 0.235441
vt 0.824383 0.226432
vt 0.820724 0.225439
vt 0.806245 0.261979
vt 0.809307 0.264285
vt 0.812968 0.254522
vt 0.809719 0.253137
vt 0.824383 0.226432
vt 0.820724 0.225439
vt 0.824629 0.140395
vt 0.821047 0.127994
vt 0.815314 0.246286
vt 0.812012 0.245588
vt 0.818212 0.226002
vt 0.814562 0.226976
vt 0.818212 0.226002
vt 0.814562 0.226976
vt 0.818712 0.128898
vt 0.815042 0.141266
vt 0.818712 0.128898
vt 0.815042 0.141266
vt 0.802631 0.269301
vt 0.805525 0.272361
vt 0.824629 0.140395
vt 0.821047 0.127994
vt 0.798983 0.275344
vt 0.801434 0.279040
vt 0.404330 0.257252
vt 0.376320 0.257252
vt 0.432340 0.343717
vt 0.427174 0.361086
vt 0.430869 0.352530
vt 0.422928 0.367287
vt 0.410692 0.377824
vt 0.404330 0.380659
vt 0.404330 0.380659
vt 0.432386 0.343717
vt 0.422974 0.367287
vt 0.404330 0.257252
vt 0.404330 0.380659
vt 0.404330 0.380659
vt 0.391902 0.373542
vt 0.397967 0.377824
vt 0.381486 0.361086
vt 0.377791 0.352530
vt 0.404366 0.257252
vt 0.376357 0.257252
vt 0.404376 0.257252
vt 0.376366 0.257252
vt 0.432376 0.343717
vt 0.427211 0.361086
vt 0.430905 0.352530
vt 0.422964 0.367287
vt 0.410729 0.377824
vt 0.404366 0.380659
vt 0.404366 0.380659
vt 0.427220 0.361086
vt 0.430915 0.352530
vt 0.404366 0.257252
vt 0.404366 0.380659
vt 0.404366 0.380659
vt 0.391938 0.373542
vt 0.398004 0.377824
vt 0.381522 0.361086
vt 0.377827 0.352530
vt 0.432376 0.257252
vt 0.404366 0.257252
vt 0.432340 0.257252
vt 0.404330 0.257252
vt 0.410739 0.377824
vt 0.404376 0.380659
vt 0.404376 0.380659
vt 0.427097 0.361086
vt 0.432263 0.343717
vt 0.422851 0.367287
vt 0.404376 0.257252
vt 0.404376 0.380659
vt 0.404376 0.380659
vt 0.391948 0.373542
vt 0.398014 0.377824
vt 0.381532 0.361086
vt 0.377837 0.352530
vt 0.430792 0.352530
vt 0.432386 0.257252
vt 0.404376 0.257252
vt 0.432324 0.343717
vt 0.427158 0.361086
vt 0.430853 0.352530
vt 0.422912 0.367287
vt 0.410677 0.377824
vt 0.404314 0.380659
vt 0.404314 0.380659
vt 0.404314 0.257252
vt 0.404314 0.380659
vt 0.404314 0.380659
vt 0.391886 0.373542
vt 0.397952 0.377824
vt 0.381470 0.361086
vt 0.377776 0.352530
vt 0.432324 0.257252
vt 0.404314 0.257252
vt 0.404314 0.257252
vt 0.376305 0.257252
vt 0.410615 0.377824
vt 0.404253 0.380659
vt 0.404253 0.380659
vt 0.404253 0.257252
vt 0.404253 0.380659
vt 0.404253 0.380659
vt 0.391825 0.373542
vt 0.397890 0.377824
vt 0.381409 0.361086
vt 0.377714 0.352530
vt 0.432263 0.257252
vt 0.404253 0.257252
vt 0.404253 0.257252
vt 0.376243 0.257252
vn 0.0000 0.0000 1.0000
vn 0.0000 -0.0826 0.9966
vn 1.0000 0.0000 0.0000
vn 0.0000 1.0000 0.0000
vn 0.0000 -0.9134 0.4071
vn 0.0000 -0.8693 0.4942
vn 0.0000 -0.7626 0.6469
vn 0.0000 -0.6361 0.7715
vn 0.0000 -0.4830 0.8756
vn 0.0000 -0.2826 0.9592
vn 0.0000 0.0000 -1.0000
vn 0.0000 -0.0826 -0.9966
vn 0.0000 -0.9134 -0.4071
vn 0.0000 -0.8693 -0.4942
vn 0.0000 -0.7626 -0.6469
vn 0.0000 -0.6361 -0.7715
vn 0.0000 -0.4830 -0.8756
vn 0.0000 -0.2826 -0.9592
vn -1.0000 0.0000 0.0000
vn -0.9988 -0.0485 0.0000
vn 0.0000 -1.0000 0.0000
vn -0.1935 -0.9811 0.0000
vn -0.3849 -0.9229 0.0000
vn -0.5582 -0.8297 0.0000
vn -0.7095 -0.7046 0.0000
vn -0.8332 -0.5529 0.0000
vn -0.9248 -0.3804 0.0000
vn -0.9810 -0.1936 0.0000
vn 0.1935 -0.9811 0.0000
vn 0.3849 -0.9229 0.0000
vn 0.5582 -0.8297 0.0000
vn 0.8332 -0.5529 0.0000
vn 0.7095 -0.7046 0.0000
vn 0.9248 -0.3804 0.0000
vn 0.9988 -0.0485 0.0000
vn 0.9810 -0.1936 0.0000
vn -0.8454 -0.5341 0.0000
vn -0.9235 -0.3835 0.0000
vn -0.5914 -0.8063 0.0000
vn -0.6875 -0.7261 0.0000
vn -0.9814 -0.1919 0.0000
vn -0.7705 -0.6374 0.0000
vn -0.9987 -0.0496 0.0000
vn -0.5351 -0.8448 0.0000
vn 0.0000 -0.0043 1.0000
vn 0.0000 -0.0844 0.9964
vn 0.0000 0.9999 -0.0136
vn 0.0521 0.9986 0.0036
vn 0.0057 0.9999 -0.0117
vn 0.0000 -0.9066 0.4219
vn 0.0000 -0.8652 0.5014
vn 0.0000 -0.7625 0.6469
vn 0.0000 -0.6362 0.7715
vn 0.0000 -0.4832 0.8755
vn 0.0000 -0.2825 0.9593
vn 0.0000 -0.0043 -1.0000
vn 0.0000 -0.0844 -0.9964
vn 0.0550 0.9985 0.0045
vn 0.0000 -0.9066 -0.4219
vn 0.0000 -0.8652 -0.5014
vn 0.0000 -0.7625 -0.6469
vn 0.0000 -0.6362 -0.7715
vn 0.0000 -0.4832 -0.8755
vn 0.0000 -0.2825 -0.9593
vn 0.5054 0.4427 0.7407
vn 0.5504 0.1239 0.8256
vn 0.6560 0.5746 0.4893
vn 0.7763 0.1747 0.6057
vn 0.7521 0.6587 0.0197
vn 0.9739 0.2192 0.0590
vn 0.6670 0.5842 -0.4625
vn 0.8206 0.1847 -0.5408
vn 0.5154 0.4515 -0.7284
vn 0.5820 0.1310 -0.8025
vn 0.8454 -0.5341 0.0000
vn 0.9235 -0.3835 0.0000
vn 0.5914 -0.8063 0.0000
vn 0.6875 -0.7261 0.0000
vn 0.9814 -0.1919 0.0000
vn 0.7705 -0.6374 0.0000
vn 0.9987 -0.0496 0.0000
vn 0.5351 -0.8448 0.0000
vn -0.0057 0.9999 -0.0117
vn -0.0521 0.9986 0.0036
vn -0.0550 0.9985 0.0045
vn -0.5054 0.4427 0.7407
vn -0.5504 0.1239 0.8256
vn -0.6560 0.5746 0.4893
vn -0.7763 0.1747 0.6057
vn -0.7521 0.6587 0.0197
vn -0.9739 0.2192 0.0590
vn -0.6670 0.5842 -0.4625
vn -0.8206 0.1847 -0.5408
vn -0.5154 0.4515 -0.7284
vn -0.5820 0.1310 -0.8025
usemtl Mat2
s 1
f 1010/1/1 1007/2/1 1335/3/2 1033/4/2
f 1029/5/3 1024/6/3 10/7/3
f 1011/8/4 1012/9/4 1009/10/4
f 1025/11/5 1023/12/6 1321/13/6 1323/14/5
f 1023/12/6 4/15/7 1327/16/7 1321/13/6
f 4/15/7 1030/17/8 1326/18/8 1327/16/7
f 1030/17/8 1031/19/9 1330/20/9 1326/18/8
f 1031/19/9 1032/21/10 1332/22/10 1330/20/9
f 1032/21/10 1033/4/2 1335/3/2 1332/22/10
f 1035/23/11 1041/24/12 1334/25/12 1293/26/11
f 12/27/3 1028/28/3 15/29/3
f 1034/30/4 1295/31/4 1009/10/4 1012/9/4
f 1027/32/13 204/33/13 1325/34/14 1036/35/14
f 1036/35/14 1325/34/14 1328/36/15 1037/37/15
f 1037/37/15 1328/36/15 1329/38/16 1038/39/16
f 1038/39/16 1329/38/16 1331/40/17 1039/41/17
f 1039/41/17 1331/40/17 1333/42/18 1040/43/18
f 1040/43/18 1333/42/18 1334/25/12 1041/24/12
f 1045/44/1 1042/45/1 1306/46/2 1065/47/2
f 1061/48/3 1056/49/3 27/50/3
f 1046/51/4 1047/52/4 1043/53/4
f 1057/54/5 1055/55/6 1311/56/6 1313/57/5
f 1055/55/6 21/58/7 1310/59/7 1311/56/6
f 21/58/7 1062/60/8 1309/61/8 1310/59/7
f 1062/60/8 1063/62/9 1308/63/9 1309/61/8
f 1063/62/9 1064/64/10 1307/65/10 1308/63/9
f 1064/64/10 1065/47/2 1306/46/2 1307/65/10
f 1069/66/11 1076/67/12 1320/68/12 1066/69/11
f 29/70/3 1060/71/3 32/72/3
f 1070/73/4 1067/74/4 1043/53/4 1047/52/4
f 1059/75/13 195/76/13 1315/77/14 1071/78/14
f 1071/78/14 1315/77/14 1316/79/15 1072/80/15
f 1072/80/15 1316/79/15 1317/81/16 1073/82/16
f 1073/82/16 1317/81/16 1318/83/17 1074/84/17
f 1074/84/17 1318/83/17 1319/85/18 1075/86/18
f 1075/86/18 1319/85/18 1320/68/12 1076/67/12
f 1050/87/1 1016/88/1 1281/89/2 1093/90/2
f 1277/91/3 1276/92/3 175/93/3 174/94/3
f 1089/95/3 1084/96/3 44/97/3
f 1051/98/4 1077/99/4 1017/100/4
f 1085/101/5 1083/102/6 1296/103/6 1300/104/5
f 1083/102/6 38/105/7 1291/106/7 1296/103/6
f 38/105/7 1090/107/8 1290/108/8 1291/106/7
f 1090/107/8 1091/109/9 1292/110/9 1290/108/8
f 1091/109/9 1092/111/10 1282/112/10 1292/110/9
f 1092/111/10 1093/90/2 1281/89/2 1282/112/10
f 1097/113/11 1104/114/12 1305/115/12 1094/116/11
f 1252/117/3 1249/118/3 1272/119/3 1271/120/3
f 46/121/3 1088/122/3 49/123/3
f 1098/124/4 1095/125/4 1017/100/4 1077/99/4
f 1087/126/13 1299/127/13 1297/128/14 1099/129/14
f 1099/129/14 1297/128/14 1301/130/15 1100/131/15
f 1100/131/15 1301/130/15 1302/132/16 1101/133/16
f 1101/133/16 1302/132/16 1303/134/17 1102/135/17
f 1102/135/17 1303/134/17 1304/136/18 1103/137/18
f 1103/137/18 1304/136/18 1305/115/12 1104/114/12
f 1280/138/3 168/139/3 171/140/3 170/141/3
f 1110/142/1 1287/143/1 1262/144/2 1127/145/2
f 192/146/3 191/147/3 184/148/3 183/149/3
f 1123/150/3 1118/151/3 61/152/3
f 1109/153/4 1111/154/4 1285/155/4
f 1119/156/5 1117/157/6 160/158/6 161/159/5
f 1117/157/6 55/160/7 1269/161/7 160/158/6
f 55/160/7 1124/162/8 1268/163/8 1269/161/7
f 1124/162/8 1125/164/9 1270/165/9 1268/163/8
f 1125/164/9 1126/166/10 1263/167/10 1270/165/9
f 1126/166/10 1127/145/2 1262/144/2 1263/167/10
f 1131/168/11 1138/169/12 169/170/12 1128/171/11
f 158/172/3 157/173/3 1258/174/3 1257/175/3
f 63/176/3 62/177/3 66/178/3
f 1132/179/4 1129/180/4 1285/155/4 1111/154/4
f 1121/181/13 1273/182/13 1275/183/14 1133/184/14
f 1133/184/14 1275/183/14 165/185/15 1134/186/15
f 1134/186/15 165/185/15 166/187/16 1135/188/16
f 1135/188/16 166/187/16 1278/189/17 1136/190/17
f 1136/190/17 1278/189/17 1279/191/18 1137/192/18
f 1137/192/18 1279/191/18 169/170/12 1138/169/12
f 157/173/3 159/193/3 1259/194/3 1258/174/3
f 1142/195/1 1139/196/1 1243/197/2 1164/198/2
f 1160/199/3 1155/200/3 78/201/3
f 1143/202/4 1144/203/4 1140/204/4
f 1156/205/5 1154/206/6 1248/207/6 1250/208/5
f 1154/206/6 72/209/7 1246/210/7 1248/207/6
f 72/209/7 1161/211/8 1245/212/8 1246/210/7
f 1161/211/8 1162/213/9 1247/214/9 1245/212/8
f 1162/213/9 1163/215/10 1244/216/10 1247/214/9
f 1163/215/10 1164/198/2 1243/197/2 1244/216/10
f 1168/217/11 1175/218/12 152/219/12 1165/220/11
f 141/221/3 140/222/3 1371/223/3
f 80/224/3 79/225/3 83/226/3
f 1169/227/4 1167/228/4 1140/204/4 1144/203/4
f 1158/229/13 145/230/13 146/231/14 1170/232/14
f 1170/232/14 146/231/14 148/233/15 1171/234/15
f 1171/234/15 148/233/15 149/235/16 1172/236/16
f 1172/236/16 149/235/16 150/237/17 1173/238/17
f 1173/238/17 150/237/17 151/239/18 1174/240/18
f 1174/240/18 151/239/18 152/219/12 1175/218/12
f 142/241/3 136/242/3 1371/223/3
f 1180/243/19 1182/244/19 1223/245/20 1181/246/20
f 1178/247/4 1230/248/4 1184/249/4 1179/250/4
f 90/251/21 1194/252/22 1207/253/22 1208/254/21
f 1194/252/22 1193/255/23 1210/256/23 1207/253/22
f 1193/255/23 1195/257/24 1209/258/24 1210/256/23
f 1195/257/24 1196/259/25 1215/260/25 1209/258/24
f 1196/259/25 1197/261/26 1216/262/26 1215/260/25
f 1197/261/26 1198/263/27 1219/264/27 1216/262/26
f 1198/263/27 1199/265/28 1218/266/28 1219/264/27
f 1199/265/28 1181/246/20 1223/245/20 1218/266/28
f 87/267/1 1177/268/1 88/269/1 89/270/1 104/271/1 103/272/1 102/273/1 101/274/1 100/275/1 99/276/1 98/277/1 1185/278/1 1186/279/1 1187/280/1 1188/281/1 1189/282/1 1190/283/1 1191/284/1 1192/285/1
f 1204/286/11 755/287/11 1338/288/11 1203/289/11
f 1201/290/1 251/291/1 252/292/1 109/293/1
f 1211/294/29 97/295/29 90/296/21 1208/297/21
f 1212/298/30 96/299/30 97/295/29 1211/294/29
f 1213/300/31 95/301/31 96/299/30 1212/298/30
f 1217/302/32 93/303/32 94/304/33 1214/305/33
f 1214/305/33 94/304/33 95/301/31 1213/300/31
f 1220/306/34 92/307/34 93/303/32 1217/302/32
f 1228/308/3 86/309/3 1176/310/35 1222/311/35
f 1222/311/35 1176/310/35 91/312/36 1221/313/36
f 1221/313/36 91/312/36 92/307/34 1220/306/34
f 1233/314/1 1231/315/1 1235/316/1 1237/317/1
f 1229/318/19 1227/319/19 1234/320/19 1238/321/19
f 1225/322/1 251/291/1 1183/323/1
f 1226/324/21 1224/325/21 1232/326/21 133/327/21
f 1184/249/4 1230/248/4 135/328/4 1236/329/4
f 131/330/3 130/331/3 134/332/3 132/333/3
f 1322/334/3 205/335/3 198/336/3 1312/337/3
f 159/193/3 154/338/3 1260/339/3 1259/194/3
f 174/94/3 176/340/3 167/341/3 1277/91/3
f 168/139/3 167/341/3 176/340/3 171/140/3
f 136/242/3 139/342/3 1371/223/3
f 1286/343/3 1166/344/3 1261/345/3 153/346/3
f 182/347/3 179/348/3 194/349/3 193/350/3
f 214/351/3 217/352/3 203/353/3 202/354/3
f 191/147/3 187/355/3 185/356/3 184/148/3
f 154/338/3 153/346/3 1261/345/3 1260/339/3
f 205/335/3 208/357/3 199/358/3 198/336/3
f 186/359/3 185/356/3 187/355/3 188/360/3
f 207/361/3 1205/362/3 210/363/3
f 215/364/3 213/365/3 1205/362/3
f 193/350/3 192/146/3 183/149/3 182/347/3
f 1205/362/3 1206/366/3 1347/367/3 1294/368/3
f 199/358/3 208/357/3 209/369/3 200/370/3
f 203/353/3 217/352/3 1008/371/3 1068/372/3
f 212/373/3 201/374/3 200/370/3 209/369/3
f 1205/362/3 207/361/3 1322/334/3
f 1322/334/3 222/375/3 1205/362/3
f 143/376/3 141/221/3 1371/223/3
f 163/377/3 1272/119/3 1298/378/3 177/379/3
f 1015/380/3 1130/381/3 1280/138/3 170/141/3
f 222/375/3 1322/334/3 1312/337/3 221/382/3
f 158/172/3 1257/175/3 1252/117/3 1271/120/3
f 1205/362/3 211/383/3 210/363/3
f 214/351/3 202/354/3 201/374/3 212/373/3
f 140/222/3 142/241/3 1371/223/3
f 1312/337/3 194/349/3 179/348/3 1298/378/3
f 188/360/3 1044/384/3 1096/385/3 186/359/3
f 1205/362/3 1294/368/3 216/386/3
f 1205/362/3 216/386/3 215/364/3
f 211/383/3 1205/362/3 213/365/3
f 177/379/3 175/93/3 1276/92/3 163/377/3
f 1249/118/3 143/376/3 1371/223/3
f 224/387/3 223/388/3 1298/378/3 1272/119/3
f 1298/378/3 223/388/3 221/382/3 1312/337/3
f 1249/118/3 225/389/3 224/387/3 1272/119/3
f 225/389/3 1249/118/3 1371/223/3
f 229/390/21 1344/391/21 1358/392/21 1284/393/21
f 197/394/1 1336/395/1 1283/396/1 1150/397/1
f 1141/398/3 1351/399/3 253/400/3
f 1342/401/21 1289/402/21 1267/403/21 1356/404/21
f 1130/381/3 1015/380/3 1018/405/3 1341/406/3
f 1202/407/3 253/400/3 1206/366/3 1200/408/3
f 122/409/1 127/410/1 106/411/1
f 123/412/1 122/409/1 106/411/1
f 110/413/1 126/414/1 125/415/1
f 120/416/1 123/412/1 106/411/1
f 119/417/1 120/416/1 106/411/1
f 110/413/1 125/415/1 124/418/1
f 110/413/1 124/418/1 121/419/1
f 119/417/1 106/411/1 114/420/1
f 128/421/1 126/414/1 110/413/1 252/292/1
f 114/420/1 106/411/1 115/422/1
f 115/422/1 106/411/1 112/423/1
f 110/413/1 121/419/1 118/424/1
f 110/413/1 118/424/1 117/425/1
f 112/423/1 106/411/1 111/426/1
f 110/413/1 117/425/1 116/427/1
f 110/413/1 116/427/1 113/428/1
f 111/429/1 106/411/1 110/413/1 113/428/1
f 1183/323/1 251/291/1 106/411/1 127/410/1
f 1365/430/3 1361/431/3 1363/432/3 1367/433/3
f 1341/406/3 1018/405/3 253/400/3
f 1351/399/3 1339/434/3 253/400/3
f 1288/435/3 1339/434/3 1166/344/3 1286/343/3
f 1349/436/3 1337/437/3 1068/372/3 1008/371/3
f 181/438/1 1345/439/1 1359/440/1 1265/441/1
f 1349/436/3 1347/367/3 1206/366/3
f 1343/442/3 228/443/3 1096/385/3 1044/384/3
f 1288/435/3 1341/406/3 253/400/3
f 1017/100/4 1095/125/4 1264/444/4 1254/445/4
f 1107/446/3 1353/447/3 1369/448/3 1105/449/3
f 1239/450/3 1241/451/3 1355/452/3 1266/453/3
f 1360/454/3 1255/455/3 1253/456/3 238/457/3
f 241/458/3 1357/459/3 1147/460/3 1149/461/3
f 1285/155/4 1129/180/4 1242/462/4 1240/463/4
f 1140/204/4 1167/228/4 1108/464/4 1106/465/4
f 1340/466/21 1352/467/21 1370/468/21 1354/469/21
f 219/470/1 1348/471/1 1364/472/1 1362/473/1
f 147/474/1 235/475/1 242/476/1 240/477/1
f 1350/478/11 218/479/11 1366/480/11 1368/481/11
f 1009/10/4 1295/31/4 246/482/4 248/483/4
f 1346/484/21 1019/485/21 1256/486/21 245/487/21
f 1043/53/4 1067/74/4 236/488/4 1148/489/4
f 233/490/11 137/491/11 239/492/11 250/493/11
f 226/494/11 189/495/11 220/496/11 244/497/11
f 230/498/21 232/499/21 249/500/21 247/501/21
f 162/502/1 234/503/1 243/504/1 190/505/1
f 231/506/11 172/507/11 138/508/11 156/509/11
f 227/510/11 155/511/11 173/512/11 237/513/11
f 1206/366/3 253/400/3 1018/405/3 228/443/3
f 252/292/1 129/514/1 128/421/1
f 253/400/3 1371/223/3 139/342/3 1141/398/3
f 1206/366/3 1337/437/3 1349/436/3
f 1206/366/3 1343/442/3 1337/437/3
f 1206/366/3 228/443/3 1343/442/3
f 253/400/3 1339/434/3 1288/435/3
f 252/292/1 251/291/1 1225/322/1 129/514/1
f 1338/288/11 755/287/11 1384/515/11 1382/516/11 1381/517/11 1380/518/11 1379/519/11 1378/520/11 1377/521/11 1376/522/11 1373/523/11 1374/524/11 609/525/11 108/526/11
f 1372/527/21 608/528/21 107/529/21 105/530/21
f 608/528/21 1372/527/21 756/531/21
f 257/532/37 258/533/38 1391/534/38 1390/535/37
f 254/536/39 255/537/40 1388/538/40 1385/539/39
f 1383/540/4 766/541/4 1396/542/4 1395/543/4
f 258/533/38 259/544/41 1392/545/41 1391/534/38
f 255/537/40 256/546/42 1389/547/42 1388/538/40
f 259/544/41 260/548/43 1393/549/43 1392/545/41
f 256/546/42 257/532/37 1390/535/37 1389/547/42
f 1375/550/44 254/536/39 1385/539/39 1386/551/44
f 260/548/43 261/552/19 1394/553/19 1393/549/43
f 262/554/11 263/555/11 264/556/11 265/557/11 266/558/11 267/559/11 268/560/11 269/561/11 776/562/11 1387/563/11
f 1399/564/45 1397/565/45 1495/566/46 271/567/46
f 270/568/47 278/569/48 1398/570/49
f 1500/571/50 272/572/51 1482/573/51 1483/574/50
f 272/572/51 273/575/52 1487/576/52 1482/573/51
f 273/575/52 274/577/53 1486/578/53 1487/576/52
f 274/577/53 275/579/54 1490/580/54 1486/578/53
f 275/579/54 276/581/55 1492/582/55 1490/580/54
f 276/581/55 271/567/46 1495/566/46 1492/582/55
f 277/583/56 280/584/57 1494/585/57 1456/586/56
f 1458/587/58 1457/588/58 1398/570/49 278/569/48
f 279/589/59 1484/590/59 1485/591/60 281/592/60
f 281/592/60 1485/591/60 1488/593/61 282/594/61
f 282/594/61 1488/593/61 1489/595/62 283/596/62
f 283/596/62 1489/595/62 1491/597/63 284/598/63
f 284/598/63 1491/597/63 1493/599/64 285/600/64
f 285/600/64 1493/599/64 1494/585/57 280/584/57
f 1402/601/45 1400/602/45 1468/603/46 287/604/46
f 286/605/47 294/606/48 1401/607/49
f 1499/608/50 288/609/51 1473/610/51 1474/611/50
f 288/609/51 289/612/52 1472/613/52 1473/610/51
f 289/612/52 290/614/53 1471/615/53 1472/613/52
f 290/614/53 291/616/54 1470/617/54 1471/615/53
f 291/616/54 292/618/55 1469/619/55 1470/617/54
f 292/618/55 287/604/46 1468/603/46 1469/619/55
f 1408/620/56 296/621/57 1481/622/57 1406/623/56
f 293/624/58 1407/625/58 1401/607/49 294/606/48
f 295/626/59 1475/627/59 1476/628/60 297/629/60
f 297/629/60 1476/628/60 1477/630/61 298/631/61
f 298/631/61 1477/630/61 1478/632/62 299/633/62
f 299/633/62 1478/632/62 1479/634/63 300/635/63
f 300/635/63 1479/634/63 1480/636/64 301/637/64
f 301/637/64 1480/636/64 1481/622/57 296/621/57
f 1405/638/45 1403/639/45 1451/640/46 303/641/46
f 302/642/47 310/643/48 1404/644/49
f 1498/645/50 304/646/51 1459/647/51 1462/648/50
f 304/646/51 305/649/52 1454/650/52 1459/647/51
f 305/649/52 306/651/53 1453/652/53 1454/650/52
f 306/651/53 307/653/54 1455/654/54 1453/652/53
f 307/653/54 308/655/55 1452/656/55 1455/654/54
f 308/655/55 303/641/46 1451/640/46 1452/656/55
f 1411/657/56 312/658/57 1467/659/57 1409/660/56
f 309/661/58 1410/662/58 1404/644/49 310/643/48
f 311/663/59 1461/664/59 1460/665/60 313/666/60
f 313/666/60 1460/665/60 1463/667/61 314/668/61
f 314/668/61 1463/667/61 1464/669/62 315/670/62
f 315/670/62 1464/669/62 1465/671/63 316/672/63
f 316/672/63 1465/671/63 1466/673/64 317/674/64
f 317/674/64 1466/673/64 1467/659/57 312/658/57
f 318/675/45 1444/676/45 1435/677/46 319/678/46
f 1501/679/47 326/680/48 1443/681/49
f 1497/682/50 320/683/51 1440/684/51 1441/685/50
f 320/683/51 321/686/52 1438/687/52 1440/684/51
f 321/686/52 322/688/53 1437/689/53 1438/687/52
f 322/688/53 323/690/54 1439/691/54 1437/689/53
f 323/690/54 324/692/55 1436/693/55 1439/691/54
f 324/692/55 319/678/46 1435/677/46 1436/693/55
f 1414/694/56 328/695/57 1450/696/57 1412/697/56
f 325/698/58 1413/699/58 1443/681/49 326/680/48
f 327/700/59 1442/701/59 1445/702/60 329/703/60
f 329/703/60 1445/702/60 1446/704/61 330/705/61
f 330/705/61 1446/704/61 1447/706/62 331/707/62
f 331/707/62 1447/706/62 1448/708/63 332/709/63
f 332/709/63 1448/708/63 1449/710/64 333/711/64
f 333/711/64 1449/710/64 1450/696/57 328/695/57
f 1417/712/45 1415/713/45 1421/714/46 335/715/46
f 334/716/47 342/717/48 1416/718/49
f 1496/719/50 336/720/51 1426/721/51 1427/722/50
f 336/720/51 337/723/52 1424/724/52 1426/721/51
f 337/723/52 338/725/53 1423/726/53 1424/724/52
f 338/725/53 339/727/54 1425/728/54 1423/726/53
f 339/727/54 340/729/55 1422/730/55 1425/728/54
f 340/729/55 335/715/46 1421/714/46 1422/730/55
f 1420/731/56 344/732/57 1434/733/57 1418/734/56
f 341/735/58 1419/736/58 1416/718/49 342/717/48
f 343/737/59 1428/738/59 1429/739/60 345/740/60
f 345/740/60 1429/739/60 1430/741/61 346/742/61
f 346/742/61 1430/741/61 1431/743/62 347/744/62
f 347/744/62 1431/743/62 1432/745/63 348/746/63
f 348/746/63 1432/745/63 1433/747/64 349/748/64
f 349/748/64 1433/747/64 1434/733/57 344/732/57
f 398/749/3 395/750/3 470/751/3 473/752/3
f 367/753/3 373/754/3 448/755/3 442/756/3
f 400/757/3 399/758/3 474/759/3 475/760/3
f 374/761/3 372/762/3 447/763/3 449/764/3
f 401/765/3 400/757/3 475/760/3 476/766/3
f 375/767/3 374/761/3 449/764/3 450/768/3
f 402/769/3 401/765/3 476/766/3 477/770/3
f 376/771/3 375/767/3 450/768/3 451/772/3
f 380/773/3 382/774/3 457/775/3 455/776/3
f 377/777/3 376/771/3 451/772/3 452/778/3
f 404/779/3 402/780/3 477/781/3 479/782/3
f 378/783/3 377/777/3 452/778/3 453/784/3
f 373/785/3 379/786/3 454/787/3 448/788/3
f 405/789/3 404/779/3 479/782/3 480/790/3
f 379/786/3 378/783/3 453/784/3 454/787/3
f 350/791/3 352/792/3 427/793/3 425/794/3
f 351/795/3 359/796/3 434/797/3 426/798/3
f 406/799/3 405/789/3 480/790/3 481/800/3
f 381/801/3 380/773/3 455/776/3 456/802/3
f 352/792/3 351/803/3 426/804/3 427/793/3
f 365/805/3 367/806/3 442/807/3 440/808/3
f 407/809/3 406/799/3 481/800/3 482/810/3
f 397/811/3 403/812/3 478/813/3 472/814/3
f 354/815/3 353/816/3 428/817/3 429/818/3
f 408/819/3 407/809/3 482/810/3 483/820/3
f 384/821/3 383/822/3 458/823/3 459/824/3
f 353/816/3 355/825/3 430/826/3 428/817/3
f 409/827/3 408/819/3 483/820/3 484/828/3
f 383/822/3 385/829/3 460/830/3 458/823/3
f 355/825/3 350/791/3 425/794/3 430/826/3
f 403/831/3 409/827/3 484/828/3 478/832/3
f 385/829/3 381/801/3 456/802/3 460/830/3
f 356/833/3 354/815/3 429/818/3 431/834/3
f 423/835/3 424/836/3 499/837/3 498/838/3
f 410/839/3 411/840/3 486/841/3 485/842/3
f 357/843/3 356/833/3 431/834/3 432/844/3
f 412/845/3 410/846/3 485/847/3 487/848/3
f 386/849/3 384/821/3 459/824/3 461/850/3
f 358/851/3 357/852/3 432/853/3 433/854/3
f 413/855/3 414/856/3 489/857/3 488/858/3
f 388/859/3 387/860/3 462/861/3 463/862/3
f 360/863/3 358/851/3 433/854/3 435/864/3
f 411/840/3 413/855/3 488/858/3 486/841/3
f 387/865/3 386/849/3 461/850/3 462/866/3
f 361/867/3 360/863/3 435/864/3 436/868/3
f 415/869/3 412/845/3 487/848/3 490/870/3
f 382/871/3 389/872/3 464/873/3 457/874/3
f 362/875/3 361/867/3 436/868/3 437/876/3
f 416/877/3 415/869/3 490/870/3 491/878/3
f 390/879/3 388/859/3 463/862/3 465/880/3
f 363/881/3 362/875/3 437/876/3 438/882/3
f 414/856/3 417/883/3 492/884/3 489/857/3
f 391/885/3 390/879/3 465/880/3 466/886/3
f 364/887/3 363/881/3 438/882/3 439/888/3
f 418/889/3 416/877/3 491/878/3 493/890/3
f 392/891/3 391/885/3 466/886/3 467/892/3
f 359/893/3 364/887/3 439/888/3 434/894/3
f 417/883/3 419/895/3 494/896/3 492/884/3
f 393/897/3 392/891/3 467/892/3 468/898/3
f 366/899/3 365/805/3 440/808/3 441/900/3
f 420/901/3 418/889/3 493/890/3 495/902/3
f 394/903/3 393/897/3 468/898/3 469/904/3
f 369/905/3 368/906/3 443/907/3 444/908/3
f 421/909/3 420/901/3 495/902/3 496/910/3
f 389/911/3 394/903/3 469/904/3 464/912/3
f 368/906/3 370/913/3 445/914/3 443/907/3
f 419/895/3 422/915/3 497/916/3 494/896/3
f 395/750/3 396/917/3 471/918/3 470/751/3
f 370/913/3 366/899/3 441/900/3 445/914/3
f 422/915/3 423/919/3 498/920/3 497/916/3
f 396/917/3 397/921/3 472/922/3 471/918/3
f 371/923/3 369/905/3 444/908/3 446/924/3
f 424/925/3 421/909/3 496/910/3 499/926/3
f 399/758/3 398/749/3 473/752/3 474/759/3
f 372/927/3 371/923/3 446/924/3 447/928/3
f 1014/929/3 1028/28/3 12/27/3 8/930/3
f 2/931/3 7/932/3 6/933/3
f 6/933/3 5/934/3 2/931/3
f 5/934/3 1029/5/3 10/7/3
f 2/931/3 5/934/3 10/7/3
f 3/935/65 1026/936/1 1021/937/1
f 36/938/3 39/939/3 44/97/3
f 1013/940/66 1020/941/1 11/942/1
f 1028/28/3 13/943/3 14/944/3
f 14/944/3 15/29/3 1028/28/3
f 15/29/3 16/945/3 12/27/3
f 16/945/3 17/946/3 12/27/3
f 1049/947/3 1060/71/3 29/70/3 25/948/3
f 39/939/3 1089/95/3 44/97/3
f 1079/949/3 1088/122/3 46/121/3 42/950/3
f 19/951/3 24/952/3 23/953/3
f 23/953/3 22/954/3 19/951/3
f 22/954/3 1061/48/3 27/50/3
f 19/951/3 22/954/3 27/50/3
f 20/955/67 1058/956/1 1053/957/1
f 36/938/3 41/958/3 40/959/3
f 1048/960/68 1052/961/1 28/962/1
f 1060/71/3 30/963/3 31/964/3
f 31/964/3 32/72/3 1060/71/3
f 32/72/3 33/965/3 29/70/3
f 33/965/3 34/966/3 29/70/3
f 27/50/3 26/967/3 18/968/3 19/951/3
f 40/959/3 39/939/3 36/938/3
f 10/7/3 9/969/3 1/970/3 2/931/3
f 37/971/69 1086/972/1 1081/973/1
f 74/974/3 73/975/3 70/976/3
f 1078/977/70 1080/978/1 45/979/1
f 1088/122/3 47/980/3 48/981/3
f 48/981/3 49/123/3 1088/122/3
f 49/123/3 50/982/3 46/121/3
f 50/982/3 51/983/3 46/121/3
f 70/976/3 75/984/3 74/974/3
f 44/97/3 43/985/3 35/986/3 36/938/3
f 53/987/3 58/988/3 57/989/3
f 57/989/3 56/990/3 53/987/3
f 56/990/3 1123/150/3 61/152/3
f 53/987/3 56/990/3 61/152/3
f 54/991/71 1120/992/1 1115/993/1
f 73/975/3 1160/199/3 78/201/3
f 1112/994/72 1114/995/1 1122/996/1
f 62/177/3 64/997/3 65/998/3
f 65/998/3 66/178/3 62/177/3
f 66/178/3 67/999/3 63/176/3
f 67/999/3 68/1000/3 63/176/3
f 61/152/3 1113/1001/3 52/1002/3 53/987/3
f 70/976/3 73/975/3 78/201/3
f 60/1003/3 62/177/3 63/176/3 59/1004/3
f 71/1005/73 1157/1006/1 1152/1007/1
f 1145/1008/74 1151/1009/1 1159/1010/1
f 79/225/3 81/1011/3 82/1012/3
f 82/1012/3 83/226/3 79/225/3
f 83/226/3 84/1013/3 80/224/3
f 84/1013/3 85/1014/3 80/224/3
f 78/201/3 1146/1015/3 69/1016/3 70/976/3
f 77/1017/3 79/225/3 80/224/3 76/1018/3
f 1505/1019/1 1528/1020/2 1829/1021/2 1502/1022/1
f 1524/1023/19 509/1024/19 1519/1025/19
f 1506/1026/4 1504/1027/4 1507/1028/4
f 1520/1029/5 1817/1030/5 1815/1031/6 1518/1032/6
f 1518/1032/6 1815/1031/6 1821/1033/7 503/1034/7
f 503/1034/7 1821/1033/7 1820/1035/8 1525/1036/8
f 1525/1036/8 1820/1035/8 1824/1037/9 1526/1038/9
f 1526/1038/9 1824/1037/9 1826/1039/10 1527/1040/10
f 1527/1040/10 1826/1039/10 1829/1021/2 1528/1020/2
f 1530/1041/11 1787/1042/11 1828/1043/12 1536/1044/12
f 511/1045/19 514/1046/19 1523/1047/19
f 1529/1048/4 1507/1028/4 1504/1027/4 1789/1049/4
f 1522/1050/13 1531/1051/14 1819/1052/14 705/1053/13
f 1531/1051/14 1532/1054/15 1822/1055/15 1819/1052/14
f 1532/1054/15 1533/1056/16 1823/1057/16 1822/1055/15
f 1533/1056/16 1534/1058/17 1825/1059/17 1823/1057/16
f 1534/1058/17 1535/1060/18 1827/1061/18 1825/1059/17
f 1535/1060/18 1536/1044/12 1828/1043/12 1827/1061/18
f 1540/1062/1 1560/1063/2 1800/1064/2 1537/1065/1
f 1556/1066/19 526/1067/19 1551/1068/19
f 1541/1069/4 1538/1070/4 1542/1071/4
f 1552/1072/5 1807/1073/5 1805/1074/6 1550/1075/6
f 1550/1075/6 1805/1074/6 1804/1076/7 520/1077/7
f 520/1077/7 1804/1076/7 1803/1078/8 1557/1079/8
f 1557/1079/8 1803/1078/8 1802/1080/9 1558/1081/9
f 1558/1081/9 1802/1080/9 1801/1082/10 1559/1083/10
f 1559/1083/10 1801/1082/10 1800/1064/2 1560/1063/2
f 1564/1084/11 1561/1085/11 1814/1086/12 1571/1087/12
f 528/1088/19 531/1089/19 1555/1090/19
f 1565/1091/4 1542/1071/4 1538/1070/4 1562/1092/4
f 1554/1093/13 1566/1094/14 1809/1095/14 696/1096/13
f 1566/1094/14 1567/1097/15 1810/1098/15 1809/1095/14
f 1567/1097/15 1568/1099/16 1811/1100/16 1810/1098/15
f 1568/1099/16 1569/1101/17 1812/1102/17 1811/1100/16
f 1569/1101/17 1570/1103/18 1813/1104/18 1812/1102/17
f 1570/1103/18 1571/1087/12 1814/1086/12 1813/1104/18
f 1545/1105/1 1588/1106/2 1775/1107/2 1511/1108/1
f 1771/1109/19 675/1110/19 676/1111/19 1770/1112/19
f 1584/1113/19 543/1114/19 1579/1115/19
f 1546/1116/4 1512/1117/4 1572/1118/4
f 1580/1119/5 1794/1120/5 1790/1121/6 1578/1122/6
f 1578/1122/6 1790/1121/6 1785/1123/7 537/1124/7
f 537/1124/7 1785/1123/7 1784/1125/8 1585/1126/8
f 1585/1126/8 1784/1125/8 1786/1127/9 1586/1128/9
f 1586/1128/9 1786/1127/9 1776/1129/10 1587/1130/10
f 1587/1130/10 1776/1129/10 1775/1107/2 1588/1106/2
f 1592/1131/11 1589/1132/11 1799/1133/12 1599/1134/12
f 1746/1135/19 1765/1136/19 1766/1137/19 1743/1138/19
f 545/1139/19 548/1140/19 1583/1141/19
f 1593/1142/4 1572/1118/4 1512/1117/4 1590/1143/4
f 1582/1144/13 1594/1145/14 1791/1146/14 1793/1147/13
f 1594/1145/14 1595/1148/15 1795/1149/15 1791/1146/14
f 1595/1148/15 1596/1150/16 1796/1151/16 1795/1149/15
f 1596/1150/16 1597/1152/17 1797/1153/17 1796/1151/16
f 1597/1152/17 1598/1154/18 1798/1155/18 1797/1153/17
f 1598/1154/18 1599/1134/12 1799/1133/12 1798/1155/18
f 1774/1156/19 671/1157/19 672/1158/19 669/1159/19
f 1605/1160/1 1622/1161/2 1756/1162/2 1781/1163/1
f 693/1164/19 684/1165/19 685/1166/19 692/1167/19
f 1618/1168/19 560/1169/19 1613/1170/19
f 1604/1171/4 1779/1172/4 1606/1173/4
f 1614/1174/5 662/1175/5 661/1176/6 1612/1177/6
f 1612/1177/6 661/1176/6 1763/1178/7 554/1179/7
f 554/1179/7 1763/1178/7 1762/1180/8 1619/1181/8
f 1619/1181/8 1762/1180/8 1764/1182/9 1620/1183/9
f 1620/1183/9 1764/1182/9 1757/1184/10 1621/1185/10
f 1621/1185/10 1757/1184/10 1756/1162/2 1622/1161/2
f 1626/1186/11 1623/1187/11 670/1188/12 1633/1189/12
f 659/1190/19 1751/1191/19 1752/1192/19 658/1193/19
f 562/1194/19 565/1195/19 561/1196/19
f 1627/1197/4 1606/1173/4 1779/1172/4 1624/1198/4
f 1616/1199/13 1628/1200/14 1769/1201/14 1767/1202/13
f 1628/1200/14 1629/1203/15 666/1204/15 1769/1201/14
f 1629/1203/15 1630/1205/16 667/1206/16 666/1204/15
f 1630/1205/16 1631/1207/17 1772/1208/17 667/1206/16
f 1631/1207/17 1632/1209/18 1773/1210/18 1772/1208/17
f 1632/1209/18 1633/1189/12 670/1188/12 1773/1210/18
f 658/1193/19 1752/1192/19 1753/1211/19 660/1212/19
f 1637/1213/1 1659/1214/2 1737/1215/2 1634/1216/1
f 1655/1217/19 577/1218/19 1650/1219/19
f 1638/1220/4 1635/1221/4 1639/1222/4
f 1651/1223/5 1744/1224/5 1742/1225/6 1649/1226/6
f 1649/1226/6 1742/1225/6 1740/1227/7 571/1228/7
f 571/1228/7 1740/1227/7 1739/1229/8 1656/1230/8
f 1656/1230/8 1739/1229/8 1741/1231/9 1657/1232/9
f 1657/1232/9 1741/1231/9 1738/1233/10 1658/1234/10
f 1658/1234/10 1738/1233/10 1737/1215/2 1659/1214/2
f 1663/1235/11 1660/1236/11 653/1237/12 1670/1238/12
f 642/1239/19 1865/1240/19 641/1241/19
f 579/1242/19 582/1243/19 578/1244/19
f 1664/1245/4 1639/1222/4 1635/1221/4 1662/1246/4
f 1653/1247/13 1665/1248/14 647/1249/14 646/1250/13
f 1665/1248/14 1666/1251/15 649/1252/15 647/1249/14
f 1666/1251/15 1667/1253/16 650/1254/16 649/1252/15
f 1667/1253/16 1668/1255/17 651/1256/17 650/1254/16
f 1668/1255/17 1669/1257/18 652/1258/18 651/1256/17
f 1669/1257/18 1670/1238/12 653/1237/12 652/1258/18
f 643/1259/19 1865/1240/19 637/1260/19
f 1675/1261/3 1676/1262/35 1717/1263/35 1677/1264/3
f 1673/1265/4 1674/1266/4 1679/1267/4 1724/1268/4
f 589/1269/21 1702/1270/21 1701/1271/29 1689/1272/29
f 1689/1272/29 1701/1271/29 1704/1273/30 1688/1274/30
f 1688/1274/30 1704/1273/30 1703/1275/31 1690/1276/31
f 1690/1276/31 1703/1275/31 1709/1277/33 1691/1278/33
f 1691/1278/33 1709/1277/33 1710/1279/32 1692/1280/32
f 1692/1280/32 1710/1279/32 1713/1281/34 1693/1282/34
f 1693/1282/34 1713/1281/34 1712/1283/36 1694/1284/36
f 1694/1284/36 1712/1283/36 1717/1263/35 1676/1262/35
f 586/1285/1 1687/1286/1 1686/1287/1 1685/1288/1 1684/1289/1 1683/1290/1 1682/1291/1 1681/1292/1 1680/1293/1 597/1294/1 598/1295/1 599/1296/1 600/1297/1 601/1298/1 602/1299/1 603/1300/1 588/1301/1 587/1302/1 1672/1303/1
f 1204/286/11 1698/1304/11 1832/1305/11 755/287/11
f 1696/1306/1 610/1307/1 753/1308/1 752/1309/1
f 1705/1310/22 1702/1311/21 589/1312/21 596/1313/22
f 1706/1314/23 1705/1310/22 596/1313/22 595/1315/23
f 1707/1316/24 1706/1314/23 595/1315/23 594/1317/24
f 1711/1318/26 1708/1319/25 593/1320/25 592/1321/26
f 1708/1319/25 1707/1316/24 594/1317/24 593/1320/25
f 1714/1322/27 1711/1318/26 592/1321/26 591/1323/27
f 1722/1324/19 1716/1325/20 1671/1326/20 585/1327/19
f 1716/1325/20 1715/1328/28 590/1329/28 1671/1326/20
f 1715/1328/28 1714/1322/27 591/1323/27 590/1329/28
f 1727/1330/1 1731/1331/1 1729/1332/1 1725/1333/1
f 1723/1334/3 1732/1335/3 1728/1336/3 1721/1337/3
f 1719/1338/1 1678/1339/1 752/1309/1
f 1720/1340/21 634/1341/21 1726/1342/21 1718/1343/21
f 1679/1267/4 1730/1344/4 636/1345/4 1724/1268/4
f 632/1346/19 633/1347/19 635/1348/19 631/1349/19
f 1816/1350/19 1806/1351/19 699/1352/19 706/1353/19
f 660/1212/19 1753/1211/19 1754/1354/19 655/1355/19
f 675/1110/19 1771/1109/19 668/1356/19 677/1357/19
f 669/1159/19 672/1158/19 677/1357/19 668/1356/19
f 637/1260/19 1865/1240/19 640/1358/19
f 1780/1359/19 654/1360/19 1755/1361/19 1661/1362/19
f 683/1363/19 694/1364/19 695/1365/19 680/1366/19
f 715/1367/19 703/1368/19 704/1369/19 718/1370/19
f 692/1167/19 685/1166/19 686/1371/19 688/1372/19
f 655/1355/19 1754/1354/19 1755/1361/19 654/1360/19
f 706/1353/19 699/1352/19 700/1373/19 709/1374/19
f 687/1375/19 689/1376/19 688/1372/19 686/1371/19
f 708/1377/19 711/1378/19 1699/1379/19
f 716/1380/19 1699/1379/19 714/1381/19
f 694/1364/19 683/1363/19 684/1165/19 693/1164/19
f 1699/1379/19 1788/1382/19 1841/1383/19 1700/1384/19
f 700/1373/19 701/1385/19 710/1386/19 709/1374/19
f 704/1369/19 1563/1387/19 1503/1388/19 718/1370/19
f 713/1389/19 710/1386/19 701/1385/19 702/1390/19
f 1699/1379/19 1816/1350/19 708/1377/19
f 1816/1350/19 1699/1379/19 723/1391/19
f 644/1392/19 1865/1240/19 642/1239/19
f 664/1393/19 678/1394/19 1792/1395/19 1766/1137/19
f 1510/1396/19 671/1157/19 1774/1156/19 1625/1397/19
f 723/1391/19 722/1398/19 1806/1351/19 1816/1350/19
f 659/1190/19 1765/1136/19 1746/1135/19 1751/1191/19
f 1699/1379/19 711/1378/19 712/1399/19
f 715/1367/19 713/1389/19 702/1390/19 703/1368/19
f 641/1241/19 1865/1240/19 643/1259/19
f 1806/1351/19 1792/1395/19 680/1366/19 695/1365/19
f 689/1376/19 687/1375/19 1591/1400/19 1539/1401/19
f 1699/1379/19 717/1402/19 1788/1382/19
f 1699/1379/19 716/1380/19 717/1402/19
f 712/1399/19 714/1381/19 1699/1379/19
f 678/1394/19 664/1393/19 1770/1112/19 676/1111/19
f 1743/1138/19 1865/1240/19 644/1392/19
f 725/1403/19 1766/1137/19 1792/1395/19 724/1404/19
f 1792/1395/19 1806/1351/19 722/1398/19 724/1404/19
f 1743/1138/19 1766/1137/19 725/1403/19 726/1405/19
f 726/1405/19 1865/1240/19 1743/1138/19
f 730/1406/21 1778/1407/21 1852/1408/21 1838/1409/21
f 698/1410/1 1645/1411/1 1777/1412/1 1830/1413/1
f 1636/1414/19 754/1415/19 1845/1416/19
f 1836/1417/21 1850/1418/21 1761/1419/21 1783/1420/21
f 1625/1397/19 1835/1421/19 1513/1422/19 1510/1396/19
f 1697/1423/19 1695/1424/19 1700/1384/19 754/1415/19
f 623/1425/1 605/1426/1 628/1427/1
f 624/1428/1 605/1426/1 623/1425/1
f 611/1429/1 626/1430/1 627/1431/1
f 621/1432/1 605/1426/1 624/1428/1
f 620/1433/1 605/1426/1 621/1432/1
f 611/1429/1 625/1434/1 626/1430/1
f 611/1429/1 622/1435/1 625/1434/1
f 620/1433/1 615/1436/1 605/1426/1
f 629/1437/1 753/1308/1 611/1429/1 627/1431/1
f 615/1436/1 616/1438/1 605/1426/1
f 616/1438/1 613/1439/1 605/1426/1
f 611/1429/1 619/1440/1 622/1435/1
f 611/1429/1 618/1441/1 619/1440/1
f 613/1439/1 612/1442/1 605/1426/1
f 611/1429/1 617/1443/1 618/1441/1
f 611/1429/1 614/1444/1 617/1443/1
f 612/1445/1 614/1444/1 611/1429/1 605/1426/1
f 1678/1339/1 628/1427/1 605/1426/1 752/1309/1
f 1859/1446/19 1861/1447/19 1857/1448/19 1855/1449/19
f 1835/1421/19 754/1415/19 1513/1422/19
f 1845/1416/19 754/1415/19 1833/1450/19
f 1782/1451/19 1780/1359/19 1661/1362/19 1833/1450/19
f 1843/1452/19 1503/1388/19 1563/1387/19 1831/1453/19
f 682/1454/1 1759/1455/1 1853/1456/1 1839/1457/1
f 1843/1452/19 1700/1384/19 1841/1383/19
f 1837/1458/19 1539/1401/19 1591/1400/19 729/1459/19
f 1782/1451/19 754/1415/19 1835/1421/19
f 1512/1117/4 1748/1460/4 1758/1461/4 1590/1143/4
f 1602/1462/19 1600/1463/19 1863/1464/19 1847/1465/19
f 1733/1466/19 1760/1467/19 1849/1468/19 1735/1469/19
f 1854/1470/19 739/1471/19 1747/1472/19 1749/1473/19
f 742/1474/19 1644/1475/19 1642/1476/19 1851/1477/19
f 1779/1172/4 1734/1478/4 1736/1479/4 1624/1198/4
f 1635/1221/4 1601/1480/4 1603/1481/4 1662/1246/4
f 1834/1482/21 1848/1483/21 1864/1484/21 1846/1485/21
f 720/1486/1 1856/1487/1 1858/1488/1 1842/1489/1
f 648/1490/1 741/1491/1 743/1492/1 736/1493/1
f 1844/1494/11 1862/1495/11 1860/1496/11 719/1497/11
f 1504/1027/4 749/1498/4 747/1499/4 1789/1049/4
f 1840/1500/21 746/1501/21 1750/1502/21 1514/1503/21
f 1538/1070/4 1643/1504/4 737/1505/4 1562/1092/4
f 734/1506/11 751/1507/11 740/1508/11 638/1509/11
f 727/1510/11 745/1511/11 721/1512/11 690/1513/11
f 731/1514/21 748/1515/21 750/1516/21 733/1517/21
f 663/1518/1 691/1519/1 744/1520/1 735/1521/1
f 732/1522/11 657/1523/11 639/1524/11 673/1525/11
f 728/1526/11 738/1527/11 674/1528/11 656/1529/11
f 1700/1384/19 729/1459/19 1513/1422/19 754/1415/19
f 753/1308/1 629/1437/1 630/1530/1
f 754/1415/19 1636/1414/19 640/1358/19 1865/1240/19
f 1700/1384/19 1843/1452/19 1831/1453/19
f 1700/1384/19 1831/1453/19 1837/1458/19
f 1700/1384/19 1837/1458/19 729/1459/19
f 754/1415/19 1782/1451/19 1833/1450/19
f 753/1308/1 630/1530/1 1719/1338/1 752/1309/1
f 1832/1305/11 607/1531/11 609/525/11 1374/524/11 1867/1532/11 1868/1533/11 1869/1534/11 1870/1535/11 1871/1536/11 1872/1537/11 1873/1538/11 1874/1539/11 1384/515/11 755/287/11
f 1866/1540/21 604/1541/21 606/1542/21 608/528/21
f 608/528/21 756/531/21 1866/1540/21
f 761/1543/75 1879/1544/75 1880/1545/76 762/1546/76
f 758/1547/77 1876/1548/77 1877/1549/78 759/1550/78
f 1875/1551/4 1884/1552/4 1396/542/4 766/541/4
f 762/1546/76 1880/1545/76 1881/1553/79 763/1554/79
f 759/1550/78 1877/1549/78 1878/1555/80 760/1556/80
f 763/1554/79 1881/1553/79 1882/1557/81 764/1558/81
f 760/1556/80 1878/1555/80 1879/1544/75 761/1543/75
f 757/1559/82 767/1560/82 1876/1548/77 758/1547/77
f 764/1558/81 1882/1557/81 1883/1561/3 765/1562/3
f 768/1563/11 1387/563/11 776/562/11 775/1564/11 774/1565/11 773/1566/11 772/1567/11 771/1568/11 770/1569/11 769/1570/11
f 1887/1571/45 778/1572/46 1983/1573/46 1885/1574/45
f 777/1575/47 1886/1576/83 785/1577/84
f 1988/1578/50 1971/1579/50 1970/1580/51 779/1581/51
f 779/1581/51 1970/1580/51 1975/1582/52 780/1583/52
f 780/1583/52 1975/1582/52 1974/1584/53 781/1585/53
f 781/1585/53 1974/1584/53 1978/1586/54 782/1587/54
f 782/1587/54 1978/1586/54 1980/1588/55 783/1589/55
f 783/1589/55 1980/1588/55 1983/1573/46 778/1572/46
f 784/1590/56 1944/1591/56 1982/1592/57 787/1593/57
f 1946/1594/85 785/1577/84 1886/1576/83 1945/1595/85
f 786/1596/59 788/1597/60 1973/1598/60 1972/1599/59
f 788/1597/60 789/1600/61 1976/1601/61 1973/1598/60
f 789/1600/61 790/1602/62 1977/1603/62 1976/1601/61
f 790/1602/62 791/1604/63 1979/1605/63 1977/1603/62
f 791/1604/63 792/1606/64 1981/1607/64 1979/1605/63
f 792/1606/64 787/1593/57 1982/1592/57 1981/1607/64
f 1890/1608/45 794/1609/46 1956/1610/46 1888/1611/45
f 793/1612/47 1889/1613/83 801/1614/84
f 1987/1615/50 1962/1616/50 1961/1617/51 795/1618/51
f 795/1618/51 1961/1617/51 1960/1619/52 796/1620/52
f 796/1620/52 1960/1619/52 1959/1621/53 797/1622/53
f 797/1622/53 1959/1621/53 1958/1623/54 798/1624/54
f 798/1624/54 1958/1623/54 1957/1625/55 799/1626/55
f 799/1626/55 1957/1625/55 1956/1610/46 794/1609/46
f 1896/1627/56 1894/1628/56 1969/1629/57 803/1630/57
f 800/1631/85 801/1614/84 1889/1613/83 1895/1632/85
f 802/1633/59 804/1634/60 1964/1635/60 1963/1636/59
f 804/1634/60 805/1637/61 1965/1638/61 1964/1635/60
f 805/1637/61 806/1639/62 1966/1640/62 1965/1638/61
f 806/1639/62 807/1641/63 1967/1642/63 1966/1640/62
f 807/1641/63 808/1643/64 1968/1644/64 1967/1642/63
f 808/1643/64 803/1630/57 1969/1629/57 1968/1644/64
f 1893/1645/45 810/1646/46 1939/1647/46 1891/1648/45
f 809/1649/47 1892/1650/83 817/1651/84
f 1986/1652/50 1950/1653/50 1947/1654/51 811/1655/51
f 811/1655/51 1947/1654/51 1942/1656/52 812/1657/52
f 812/1657/52 1942/1656/52 1941/1658/53 813/1659/53
f 813/1659/53 1941/1658/53 1943/1660/54 814/1661/54
f 814/1661/54 1943/1660/54 1940/1662/55 815/1663/55
f 815/1663/55 1940/1662/55 1939/1647/46 810/1646/46
f 1899/1664/56 1897/1665/56 1955/1666/57 819/1667/57
f 816/1668/85 817/1651/84 1892/1650/83 1898/1669/85
f 818/1670/59 820/1671/60 1948/1672/60 1949/1673/59
f 820/1671/60 821/1674/61 1951/1675/61 1948/1672/60
f 821/1674/61 822/1676/62 1952/1677/62 1951/1675/61
f 822/1676/62 823/1678/63 1953/1679/63 1952/1677/62
f 823/1678/63 824/1680/64 1954/1681/64 1953/1679/63
f 824/1680/64 819/1667/57 1955/1666/57 1954/1681/64
f 825/1682/45 826/1683/46 1923/1684/46 1932/1685/45
f 1989/1686/47 1931/1687/83 833/1688/84
f 1985/1689/50 1929/1690/50 1928/1691/51 827/1692/51
f 827/1692/51 1928/1691/51 1926/1693/52 828/1694/52
f 828/1694/52 1926/1693/52 1925/1695/53 829/1696/53
f 829/1696/53 1925/1695/53 1927/1697/54 830/1698/54
f 830/1698/54 1927/1697/54 1924/1699/55 831/1700/55
f 831/1700/55 1924/1699/55 1923/1684/46 826/1683/46
f 1902/1701/56 1900/1702/56 1938/1703/57 835/1704/57
f 832/1705/85 833/1688/84 1931/1687/83 1901/1706/85
f 834/1707/59 836/1708/60 1933/1709/60 1930/1710/59
f 836/1708/60 837/1711/61 1934/1712/61 1933/1709/60
f 837/1711/61 838/1713/62 1935/1714/62 1934/1712/61
f 838/1713/62 839/1715/63 1936/1716/63 1935/1714/62
f 839/1715/63 840/1717/64 1937/1718/64 1936/1716/63
f 840/1717/64 835/1704/57 1938/1703/57 1937/1718/64
f 1905/1719/45 842/1720/46 1909/1721/46 1903/1722/45
f 841/1723/47 1904/1724/83 849/1725/84
f 1984/1726/50 1915/1727/50 1914/1728/51 843/1729/51
f 843/1729/51 1914/1728/51 1912/1730/52 844/1731/52
f 844/1731/52 1912/1730/52 1911/1732/53 845/1733/53
f 845/1733/53 1911/1732/53 1913/1734/54 846/1735/54
f 846/1735/54 1913/1734/54 1910/1736/55 847/1737/55
f 847/1737/55 1910/1736/55 1909/1721/46 842/1720/46
f 1908/1738/56 1906/1739/56 1922/1740/57 851/1741/57
f 848/1742/85 849/1725/84 1904/1724/83 1907/1743/85
f 850/1744/59 852/1745/60 1917/1746/60 1916/1747/59
f 852/1745/60 853/1748/61 1918/1749/61 1917/1746/60
f 853/1748/61 854/1750/62 1919/1751/62 1918/1749/61
f 854/1750/62 855/1752/63 1920/1753/63 1919/1751/62
f 855/1752/63 856/1754/64 1921/1755/64 1920/1753/63
f 856/1754/64 851/1741/57 1922/1740/57 1921/1755/64
f 905/1756/19 980/1757/19 977/1758/19 902/1759/19
f 874/1760/19 949/1761/19 955/1762/19 880/1763/19
f 907/1764/19 982/1765/19 981/1766/19 906/1767/19
f 881/1768/19 956/1769/19 954/1770/19 879/1771/19
f 908/1772/19 983/1773/19 982/1765/19 907/1764/19
f 882/1774/19 957/1775/19 956/1769/19 881/1768/19
f 909/1776/19 984/1777/19 983/1773/19 908/1772/19
f 883/1778/19 958/1779/19 957/1775/19 882/1774/19
f 887/1780/19 962/1781/19 964/1782/19 889/1783/19
f 884/1784/19 959/1785/19 958/1779/19 883/1778/19
f 911/1786/19 986/1787/19 984/1788/19 909/1789/19
f 885/1790/19 960/1791/19 959/1785/19 884/1784/19
f 880/1792/19 955/1793/19 961/1794/19 886/1795/19
f 912/1796/19 987/1797/19 986/1787/19 911/1786/19
f 886/1795/19 961/1794/19 960/1791/19 885/1790/19
f 857/1798/19 932/1799/19 934/1800/19 859/1801/19
f 858/1802/19 933/1803/19 941/1804/19 866/1805/19
f 913/1806/19 988/1807/19 987/1797/19 912/1796/19
f 888/1808/19 963/1809/19 962/1781/19 887/1780/19
f 859/1801/19 934/1800/19 933/1810/19 858/1811/19
f 872/1812/19 947/1813/19 949/1814/19 874/1815/19
f 914/1816/19 989/1817/19 988/1807/19 913/1806/19
f 904/1818/19 979/1819/19 985/1820/19 910/1821/19
f 861/1822/19 936/1823/19 935/1824/19 860/1825/19
f 915/1826/19 990/1827/19 989/1817/19 914/1816/19
f 891/1828/19 966/1829/19 965/1830/19 890/1831/19
f 860/1825/19 935/1824/19 937/1832/19 862/1833/19
f 916/1834/19 991/1835/19 990/1827/19 915/1826/19
f 890/1831/19 965/1830/19 967/1836/19 892/1837/19
f 862/1833/19 937/1832/19 932/1799/19 857/1798/19
f 910/1838/19 985/1839/19 991/1835/19 916/1834/19
f 892/1837/19 967/1836/19 963/1809/19 888/1808/19
f 863/1840/19 938/1841/19 936/1823/19 861/1822/19
f 930/1842/19 1005/1843/19 1006/1844/19 931/1845/19
f 917/1846/19 992/1847/19 993/1848/19 918/1849/19
f 864/1850/19 939/1851/19 938/1841/19 863/1840/19
f 919/1852/19 994/1853/19 992/1854/19 917/1855/19
f 893/1856/19 968/1857/19 966/1829/19 891/1828/19
f 865/1858/19 940/1859/19 939/1860/19 864/1861/19
f 920/1862/19 995/1863/19 996/1864/19 921/1865/19
f 895/1866/19 970/1867/19 969/1868/19 894/1869/19
f 867/1870/19 942/1871/19 940/1859/19 865/1858/19
f 918/1849/19 993/1848/19 995/1863/19 920/1862/19
f 894/1872/19 969/1873/19 968/1857/19 893/1856/19
f 868/1874/19 943/1875/19 942/1871/19 867/1870/19
f 922/1876/19 997/1877/19 994/1853/19 919/1852/19
f 889/1878/19 964/1879/19 971/1880/19 896/1881/19
f 869/1882/19 944/1883/19 943/1875/19 868/1874/19
f 923/1884/19 998/1885/19 997/1877/19 922/1876/19
f 897/1886/19 972/1887/19 970/1867/19 895/1866/19
f 870/1888/19 945/1889/19 944/1883/19 869/1882/19
f 921/1865/19 996/1864/19 999/1890/19 924/1891/19
f 898/1892/19 973/1893/19 972/1887/19 897/1886/19
f 871/1894/19 946/1895/19 945/1889/19 870/1888/19
f 925/1896/19 1000/1897/19 998/1885/19 923/1884/19
f 899/1898/19 974/1899/19 973/1893/19 898/1892/19
f 866/1900/19 941/1901/19 946/1895/19 871/1894/19
f 924/1891/19 999/1890/19 1001/1902/19 926/1903/19
f 900/1904/19 975/1905/19 974/1899/19 899/1898/19
f 873/1906/19 948/1907/19 947/1813/19 872/1812/19
f 927/1908/19 1002/1909/19 1000/1897/19 925/1896/19
f 901/1910/19 976/1911/19 975/1905/19 900/1904/19
f 876/1912/19 951/1913/19 950/1914/19 875/1915/19
f 928/1916/19 1003/1917/19 1002/1909/19 927/1908/19
f 896/1918/19 971/1919/19 976/1911/19 901/1910/19
f 875/1915/19 950/1914/19 952/1920/19 877/1921/19
f 926/1903/19 1001/1902/19 1004/1922/19 929/1923/19
f 902/1759/19 977/1758/19 978/1924/19 903/1925/19
f 877/1921/19 952/1920/19 948/1907/19 873/1906/19
f 929/1923/19 1004/1922/19 1005/1926/19 930/1927/19
f 903/1925/19 978/1924/19 979/1928/19 904/1929/19
f 878/1930/19 953/1931/19 951/1913/19 876/1912/19
f 931/1932/19 1006/1933/19 1003/1917/19 928/1916/19
f 906/1767/19 981/1766/19 980/1757/19 905/1756/19
f 879/1934/19 954/1935/19 953/1931/19 878/1930/19
f 1509/1936/19 507/1937/19 511/1045/19 1523/1047/19
f 501/1938/19 505/1939/19 506/1940/19
f 505/1939/19 501/1938/19 504/1941/19
f 504/1941/19 509/1024/19 1524/1023/19
f 501/1938/19 509/1024/19 504/1941/19
f 502/1942/86 1516/1943/1 1521/1944/1
f 535/1945/19 543/1114/19 538/1946/19
f 1508/1947/87 510/1948/1 1515/1949/1
f 1523/1047/19 513/1950/19 512/1951/19
f 513/1950/19 1523/1047/19 514/1046/19
f 514/1046/19 511/1045/19 515/1952/19
f 515/1952/19 511/1045/19 516/1953/19
f 1544/1954/19 524/1955/19 528/1088/19 1555/1090/19
f 538/1946/19 543/1114/19 1584/1113/19
f 1574/1956/19 541/1957/19 545/1139/19 1583/1141/19
f 518/1958/19 522/1959/19 523/1960/19
f 522/1959/19 518/1958/19 521/1961/19
f 521/1961/19 526/1067/19 1556/1066/19
f 518/1958/19 526/1067/19 521/1961/19
f 519/1962/88 1548/1963/1 1553/1964/1
f 535/1945/19 539/1965/19 540/1966/19
f 1543/1967/89 527/1968/1 1547/1969/1
f 1555/1090/19 530/1970/19 529/1971/19
f 530/1970/19 1555/1090/19 531/1089/19
f 531/1089/19 528/1088/19 532/1972/19
f 532/1972/19 528/1088/19 533/1973/19
f 526/1067/19 518/1958/19 517/1974/19 525/1975/19
f 539/1965/19 535/1945/19 538/1946/19
f 509/1024/19 501/1938/19 500/1976/19 508/1977/19
f 536/1978/90 1576/1979/1 1581/1980/1
f 573/1981/19 569/1982/19 572/1983/19
f 1573/1984/91 544/1985/1 1575/1986/1
f 1583/1141/19 547/1987/19 546/1988/19
f 547/1987/19 1583/1141/19 548/1140/19
f 548/1140/19 545/1139/19 549/1989/19
f 549/1989/19 545/1139/19 550/1990/19
f 569/1982/19 573/1981/19 574/1991/19
f 543/1114/19 535/1945/19 534/1992/19 542/1993/19
f 552/1994/19 556/1995/19 557/1996/19
f 556/1995/19 552/1994/19 555/1997/19
f 555/1997/19 560/1169/19 1618/1168/19
f 552/1994/19 560/1169/19 555/1997/19
f 553/1998/92 1610/1999/1 1615/2000/1
f 572/1983/19 577/1218/19 1655/1217/19
f 1607/2001/93 1617/2002/1 1609/2003/1
f 561/1196/19 564/2004/19 563/2005/19
f 564/2004/19 561/1196/19 565/1195/19
f 565/1195/19 562/1194/19 566/2006/19
f 566/2006/19 562/1194/19 567/2007/19
f 560/1169/19 552/1994/19 551/2008/19 1608/2009/19
f 569/1982/19 577/1218/19 572/1983/19
f 559/2010/19 558/2011/19 562/1194/19 561/1196/19
f 570/2012/94 1647/2013/1 1652/2014/1
f 1640/2015/95 1654/2016/1 1646/2017/1
f 578/1244/19 581/2018/19 580/2019/19
f 581/2018/19 578/1244/19 582/1243/19
f 582/1243/19 579/1242/19 583/2020/19
f 583/2020/19 579/1242/19 584/2021/19
f 577/1218/19 569/1982/19 568/2022/19 1641/2023/19
f 576/2024/19 575/2025/19 579/1242/19 578/1244/19
l 144 1251
l 164 1274
l 180 178
l 196 1314
l 206 1324
l 1116 164
l 1082 180
l 1054 196
l 1022 206
l 1153 144
l 645 1745
l 665 1768
l 681 679
l 697 1808
l 707 1818
l 1611 665
l 1577 681
l 1549 697
l 1517 707
l 1648 645
o Cube.001_Cube.002
v -0.155835 1.063879 2.060815
v -0.155835 1.309806 2.060815
v 0.155835 1.063879 2.060815
v 0.155835 1.309806 2.060815
v -0.217193 0.018193 1.997597
v -0.217193 0.545652 1.997597
v 0.217193 0.018193 1.997597
v 0.217193 0.545652 1.997597
v 0.000000 0.761847 1.997597
v -0.213071 0.587968 1.997597
v -0.200864 0.628492 1.997597
v -0.181041 0.665840 1.997597
v -0.154363 0.698575 1.997597
v -0.121857 0.725440 1.997597
v -0.084771 0.745403 1.997597
v -0.044530 0.757696 1.997597
v 0.044530 0.757696 1.997597
v 0.084771 0.745403 1.997597
v 0.121857 0.725440 1.997597
v 0.154363 0.698575 1.997597
v 0.181041 0.665840 1.997597
v 0.200864 0.628492 1.997597
v 0.213071 0.587968 1.997597
v 0.100892 1.509315 2.050837
v 0.100892 1.665686 2.050837
v 0.014849 1.827947 2.050837
v 0.035477 1.810537 2.050837
v 0.053604 1.791297 2.050837
v 0.071279 1.766891 2.050837
v 0.086403 1.739219 2.050837
v 0.097222 1.702555 2.050837
v -0.100892 1.509315 2.050837
v 0.000000 1.509315 2.050837
v 0.000000 1.837354 2.050837
v -0.100892 1.665686 2.050837
v -0.014849 1.827947 2.050837
v -0.035477 1.810537 2.050837
v -0.053604 1.791297 2.050837
v -0.071279 1.766891 2.050837
v -0.086403 1.739219 2.050837
v -0.097222 1.702555 2.050837
v -0.309678 1.509315 1.842051
v -0.309678 1.665686 1.842051
v -0.309678 1.827947 1.756009
v -0.309678 1.810537 1.776636
v -0.309678 1.791297 1.794763
v -0.309678 1.766891 1.812438
v -0.309678 1.739219 1.827562
v -0.309678 1.702555 1.838381
v -0.309678 1.509315 1.640267
v -0.309678 1.509315 1.741159
v -0.309678 1.837354 1.741159
v -0.309678 1.665686 1.640267
v -0.309678 1.827947 1.726310
v -0.309678 1.810537 1.705683
v -0.309678 1.791297 1.687556
v -0.309678 1.766891 1.669880
v -0.309678 1.739219 1.654757
v -0.309678 1.702555 1.643937
v 0.309678 1.509315 1.640267
v 0.309678 1.665686 1.640267
v 0.309678 1.827948 1.726310
v 0.309678 1.810538 1.705683
v 0.309678 1.791297 1.687556
v 0.309678 1.766891 1.669880
v 0.309678 1.739220 1.654757
v 0.309678 1.702555 1.643937
v 0.309678 1.509315 1.842051
v 0.309678 1.509315 1.741159
v 0.309678 1.837354 1.741159
v 0.309678 1.665686 1.842051
v 0.309678 1.827948 1.756009
v 0.309678 1.810538 1.776636
v 0.309678 1.791297 1.794763
v 0.309678 1.766891 1.812438
v 0.309678 1.739220 1.827562
v 0.309678 1.702555 1.838381
v -0.331280 0.018193 2.072439
v -0.331280 1.789308 2.072439
v -0.331280 1.789308 1.409880
v 0.331280 0.018193 2.072439
v 0.331280 1.789308 2.072439
v 0.331280 1.789308 1.409880
v -0.331280 1.995285 1.741159
v -0.331280 0.018193 1.841085
v 0.331280 0.018193 1.841085
v 0.331280 1.995285 1.741159
v 0.000000 1.995285 1.409880
v 0.000000 0.018193 2.072439
v 0.000000 1.995285 2.072439
v -0.349865 1.995285 1.741159
v -0.349865 1.789308 1.391295
v 0.000000 1.995285 1.391295
v 0.349865 1.789308 1.391295
v 0.349865 1.995285 1.741159
v 0.349865 1.789308 2.091024
v 0.000000 1.995285 2.091024
v -0.349865 1.789308 2.091024
v -0.349865 1.854333 2.091024
v 0.349865 1.854333 2.091024
v 0.349865 1.854333 1.391295
v -0.349865 1.854333 1.391295
v -0.349865 2.060884 1.741159
v 0.000000 2.060884 1.391295
v 0.349865 2.060884 1.741159
v 0.000000 2.060884 2.091024
v -0.418549 1.867821 2.159708
v -0.418549 1.867821 1.322611
v 0.418549 1.867821 1.322611
v 0.418549 1.867821 2.159708
v -0.418549 2.128782 1.741159
v 0.418549 2.128782 1.741159
v 0.000000 2.128782 1.322611
v 0.000000 2.128782 2.159708
v -0.022335 2.936301 1.763494
v -0.419201 1.835070 2.160360
v 0.419201 1.835070 2.160360
v 0.419201 1.835070 1.321958
v -0.419201 1.835070 1.321958
v -0.419201 2.082555 1.741159
v 0.000000 2.082555 1.321958
v 0.419201 2.082555 1.741159
v 0.000000 2.082555 2.160360
v -0.229842 1.986473 1.971002
v -0.229842 1.986473 1.511317
v 0.229842 1.986473 1.511317
v 0.229842 1.986473 1.971002
v -0.271163 2.128782 1.741159
v 0.271163 2.128782 1.741159
v 0.000000 2.128782 1.469996
v 0.000000 2.128782 2.012322
v -0.022335 2.936301 1.718825
v 0.022335 2.936301 1.718825
v 0.022335 2.936301 1.763494
v -0.031586 2.936301 1.741159
v 0.031586 2.936301 1.741159
v -0.000000 2.936301 1.709573
v -0.000000 2.936301 1.772746
v 0.014335 2.936302 1.731258
v -0.014337 2.936302 1.731257
v -0.014337 3.121260 1.731257
v -0.014336 2.936302 1.751059
v 0.014335 3.121260 1.731258
v 0.014333 2.936302 1.751058
v -0.014336 3.121260 1.751059
v 0.014333 3.121260 1.751058
v 0.014333 3.150708 1.751058
v 0.014335 3.150708 1.731258
v -0.014336 3.150708 1.751059
v -0.014337 3.150708 1.731257
v 0.014333 3.227774 1.751058
v 0.014335 3.227774 1.731258
v -0.014336 3.227774 1.751059
v -0.014337 3.227774 1.731257
v 0.093591 3.121260 1.751058
v 0.093598 3.121260 1.731258
v -0.093601 3.121260 1.731257
v -0.093593 3.121260 1.751059
v 0.093591 3.150708 1.751058
v 0.093598 3.150708 1.731258
v -0.093601 3.150708 1.731257
v -0.093593 3.150708 1.751059
v 0.331280 1.702555 1.643937
v 0.331280 1.509315 1.640268
v 0.331280 1.509315 1.741159
v 0.331280 1.665686 1.640267
v 0.331280 1.739220 1.654757
v -0.331280 1.702555 1.643937
v -0.331280 1.665686 1.640267
v -0.331280 1.739219 1.654757
v -0.331280 1.509315 1.640268
v -0.331280 1.509315 1.741159
v 0.331280 1.791297 1.687556
v 0.331280 1.827948 1.726310
v 0.331280 1.766891 1.669880
v 0.331280 1.810538 1.705683
v -0.331280 1.791297 1.687556
v -0.331280 1.810537 1.705683
v -0.331280 1.766891 1.669880
v -0.331280 1.827947 1.726310
v 0.331280 1.837354 1.741159
v -0.331280 1.837354 1.741159
v -0.331280 1.827947 1.756009
v -0.331280 1.509315 1.842051
v 0.331280 1.810538 1.776636
v 0.331280 1.827948 1.756009
v 0.331280 1.791297 1.794763
v 0.331280 1.739220 1.827562
v 0.331280 1.509315 1.842051
v 0.331280 1.766891 1.812438
v -0.331280 1.766891 1.812438
v -0.331280 1.810537 1.776636
v -0.331280 1.791297 1.794763
v -0.331280 1.739219 1.827562
v 0.331280 1.665686 1.842051
v 0.331280 1.702555 1.838381
v 0.100892 1.665686 2.072439
v -0.100892 1.509315 2.072439
v 0.000000 1.509315 2.072439
v -0.014849 1.827947 2.072439
v 0.000000 1.837354 2.072439
v -0.035477 1.810537 2.072439
v -0.071279 1.766891 2.072439
v -0.053604 1.791297 2.072439
v -0.086403 1.739219 2.072439
v -0.097222 1.702555 2.072439
v -0.100892 1.665686 2.072439
v -0.331280 1.702555 1.838381
v -0.331280 1.665686 1.842051
v 0.097222 1.702555 2.072439
v 0.100892 1.509315 2.072439
v 0.086403 1.739219 2.072439
v 0.071279 1.766891 2.072439
v 0.053604 1.791296 2.072439
v 0.035477 1.810537 2.072439
v 0.014849 1.827947 2.072439
v 0.217193 0.545652 2.072439
v 0.217193 0.018193 2.072439
v -0.217193 0.018193 2.072439
v 0.213071 0.587968 2.072439
v 0.200864 0.628492 2.072439
v 0.181041 0.665840 2.072439
v 0.154363 0.698575 2.072439
v 0.121857 0.725440 2.072439
v 0.084771 0.745403 2.072439
v 0.044530 0.757696 2.072439
v 0.000000 0.761847 2.072439
v -0.044530 0.757696 2.072439
v -0.084771 0.745403 2.072439
v -0.121857 0.725440 2.072439
v -0.200864 0.628492 2.072439
v -0.181041 0.665840 2.072439
v -0.154363 0.698575 2.072439
v -0.213071 0.587968 2.072439
v -0.217193 0.545652 2.072439
v 0.000000 0.018193 1.997597
v 0.174202 1.048842 2.072439
v 0.174202 1.324844 2.072439
v -0.174202 1.324844 2.072439
v -0.000000 1.324844 2.072439
v 0.000000 1.048842 2.072439
v -0.174202 1.048842 2.072439
v -0.155835 1.063879 2.050339
v -0.155835 1.309806 2.050339
v -0.331280 -0.142859 1.841085
v -0.331280 -0.142859 2.072439
v 0.331280 -0.142859 1.841085
v 0.000000 -0.142859 2.072439
v 0.331280 -0.142859 2.072439
v 0.000000 -0.142859 1.841085
v 0.000000 -0.142859 2.172439
v 0.000000 0.018193 2.122439
v 0.331280 0.018193 2.122439
v 0.000000 -0.022070 2.122439
v -0.331280 0.018193 2.122439
v 0.000000 -0.142859 2.122439
v 0.331280 -0.022070 2.122439
v -0.331280 -0.102596 2.222439
v -0.331280 -0.022070 2.122439
v -0.331280 -0.102596 2.272439
v 0.000000 -0.062333 2.172439
v 0.000000 -0.022070 2.172439
v -0.331280 -0.022070 2.172439
v -0.331280 -0.062333 2.172439
v 0.331280 -0.062333 2.172439
v 0.331280 -0.022070 2.172439
v 0.000000 -0.142859 2.222439
v 0.000000 -0.102596 2.222439
v 0.000000 -0.062333 2.222439
v -0.331280 -0.062333 2.222439
v 0.331280 -0.102596 2.222439
v 0.331280 -0.062333 2.222439
v -0.331280 -0.142859 2.272439
v 0.000000 -0.142859 2.272439
v 0.331280 -0.142859 2.272439
v 0.000000 -0.102596 2.272439
v 0.331280 -0.102596 2.272439
v -0.174202 1.324844 2.060815
v -0.174202 1.048842 2.060815
v 0.000000 1.048842 2.060815
v 0.000000 1.324844 2.060815
v 0.174202 1.324844 2.060815
v 0.174202 1.048842 2.060815
v -0.011951 1.309806 2.060815
v 0.011951 1.309806 2.060815
v 0.000000 1.324794 2.060815
v 0.000000 1.309806 2.060815
v 0.011951 1.063879 2.060815
v -0.011951 1.063879 2.060815
v 0.000000 1.048892 2.060815
v 0.000000 1.063879 2.060815
v 0.155835 1.309806 2.050339
v 0.155835 1.063879 2.050339
v -0.011951 1.309806 2.050339
v -0.011951 1.063879 2.050339
v 0.011951 1.063879 2.050339
v 0.011951 1.309806 2.050339
v 0.331280 1.341560 1.409880
v 0.331280 1.341560 2.072439
v 0.331280 1.341560 1.841085
v -0.331280 1.341560 1.841085
v -0.331280 1.341560 2.072439
v -0.331280 1.341560 1.409880
v 0.000000 1.479223 2.072439
v -0.100892 1.479223 2.072439
v 0.100892 1.479223 2.072439
v 0.331280 1.479223 1.741159
v 0.331280 1.479223 1.640268
v 0.331280 1.479223 1.842051
v -0.331280 1.479223 1.741159
v -0.331280 1.479223 1.640268
v -0.331280 1.479223 1.842051
v 0.350344 1.509315 1.640268
v 0.350344 1.509315 1.741159
v -0.350344 1.509315 1.640268
v -0.350344 1.509315 1.741159
v -0.350344 1.509315 1.842051
v 0.350344 1.509315 1.842051
v 0.350344 1.479223 1.741159
v 0.350344 1.479223 1.640268
v 0.350344 1.479223 1.842051
v -0.350344 1.479223 1.741159
v -0.350344 1.479223 1.640268
v -0.350344 1.479223 1.842051
v -0.100892 1.509315 2.089574
v 0.000000 1.509315 2.089574
v 0.100892 1.509315 2.089574
v 0.000000 1.479223 2.089574
v -0.100892 1.479223 2.089574
v 0.100892 1.479223 2.089574
v 0.331280 1.665686 2.072439
v -0.331280 1.665686 2.072439
v 0.000000 1.670994 1.409880
v -0.331280 1.448116 1.409880
v 0.331280 1.448116 1.409880
v 0.331280 1.048842 2.072439
v 0.331280 1.048842 1.841085
v -0.331280 1.048842 1.842727
v -0.331280 1.048842 2.072439
v 0.331280 0.545652 2.072439
v 0.331280 0.545652 1.841085
v -0.331280 0.545652 1.841085
v -0.331280 0.545652 2.072439
v -0.174202 1.324844 2.072439
v -0.174202 1.324844 2.072439
v -0.174202 1.324844 2.060815
v -0.174202 1.324844 2.060815
v -0.174202 1.048842 2.060815
v -0.174202 1.048842 2.060815
v 0.000000 1.048842 2.060815
v 0.000000 1.324844 2.060815
v 0.174202 1.324844 2.060815
v 0.174202 1.324844 2.060815
v 0.174202 1.048842 2.060815
v 0.174202 1.048842 2.060815
v 0.174202 1.048842 2.072439
v 0.174202 1.048842 2.072439
v -0.217193 0.545652 1.997597
v -0.217193 0.018193 1.997597
v -0.217193 0.018193 1.997597
v 0.000000 0.018193 1.997597
v 0.217193 0.545652 1.997597
v 0.217193 0.018193 1.997597
v 0.217193 0.018193 1.997597
v 0.217193 0.018193 2.072439
v 0.217193 0.018193 2.072439
v 0.000000 0.761847 1.997597
v -0.044530 0.757696 1.997597
v -0.084771 0.745403 1.997597
v -0.121857 0.725440 1.997597
v -0.154363 0.698575 1.997597
v -0.181041 0.665840 1.997597
v -0.200864 0.628492 1.997597
v -0.213071 0.587968 1.997597
v 0.084771 0.745403 1.997597
v 0.044530 0.757696 1.997597
v 0.121857 0.725440 1.997597
v 0.154363 0.698575 1.997597
v 0.181041 0.665840 1.997597
v 0.200864 0.628492 1.997597
v 0.213071 0.587968 1.997597
v 0.100892 1.509315 2.072439
v 0.100892 1.509315 2.072439
v 0.100892 1.509315 2.072439
v 0.100892 1.509315 2.050837
v 0.100892 1.509315 2.050837
v 0.000000 1.509315 2.050837
v 0.014849 1.827947 2.050837
v 0.000000 1.837354 2.050837
v 0.000000 1.837354 2.050837
v 0.035477 1.810537 2.050837
v 0.053604 1.791297 2.050837
v 0.071279 1.766891 2.050837
v 0.086403 1.739219 2.050837
v 0.097222 1.702555 2.050837
v 0.100892 1.665686 2.050837
v -0.100892 1.509315 2.072439
v -0.100892 1.509315 2.072439
v -0.100892 1.509315 2.072439
v -0.100892 1.509315 2.050837
v -0.100892 1.509315 2.050837
v -0.014849 1.827947 2.050837
v -0.035477 1.810537 2.050837
v -0.053604 1.791297 2.050837
v -0.071279 1.766891 2.050837
v -0.086403 1.739219 2.050837
v -0.097222 1.702555 2.050837
v -0.100892 1.665686 2.050837
v -0.331280 1.509315 1.842051
v -0.331280 1.509315 1.842051
v -0.331280 1.509315 1.842051
v -0.309678 1.509315 1.842051
v -0.309678 1.509315 1.842051
v -0.309678 1.509315 1.741159
v -0.309678 1.827947 1.756009
v -0.309678 1.837354 1.741159
v -0.309678 1.837354 1.741159
v -0.309678 1.810537 1.776636
v -0.309678 1.791297 1.794763
v -0.309678 1.766891 1.812438
v -0.309678 1.739219 1.827562
v -0.309678 1.702555 1.838381
v -0.309678 1.665686 1.842051
v -0.331280 1.509315 1.640268
v -0.331280 1.509315 1.640268
v -0.331280 1.509315 1.640268
v -0.309678 1.509315 1.640267
v -0.309678 1.509315 1.640267
v -0.309678 1.827947 1.726310
v -0.309678 1.810537 1.705683
v -0.309678 1.791297 1.687556
v -0.309678 1.766891 1.669880
v -0.309678 1.739219 1.654757
v -0.309678 1.702555 1.643937
v -0.309678 1.665686 1.640267
v 0.331280 1.509315 1.640268
v 0.331280 1.509315 1.640268
v 0.331280 1.509315 1.640268
v 0.309678 1.509315 1.640267
v 0.309678 1.509315 1.640267
v 0.309678 1.509315 1.741159
v 0.309678 1.827948 1.726310
v 0.309678 1.837354 1.741159
v 0.309678 1.837354 1.741159
v 0.309678 1.810538 1.705683
v 0.309678 1.791297 1.687556
v 0.309678 1.766891 1.669880
v 0.309678 1.739220 1.654757
v 0.309678 1.702555 1.643937
v 0.309678 1.665686 1.640267
v 0.331280 1.509315 1.842051
v 0.331280 1.509315 1.842051
v 0.331280 1.509315 1.842051
v 0.309678 1.509315 1.842051
v 0.309678 1.509315 1.842051
v 0.309678 1.827948 1.756009
v 0.309678 1.810538 1.776636
v 0.309678 1.791297 1.794763
v 0.309678 1.766891 1.812438
v 0.309678 1.739220 1.827562
v 0.309678 1.702555 1.838381
v 0.309678 1.665686 1.842051
v -0.331280 1.665686 2.072439
v -0.331280 1.789308 2.072439
v -0.331280 1.789308 2.072439
v -0.331280 1.789308 2.072439
v -0.331280 1.995285 1.741159
v -0.331280 1.995285 1.741159
v -0.331280 1.789308 1.409880
v -0.331280 1.789308 1.409880
v -0.331280 1.789308 1.409880
v 0.000000 1.995285 1.409880
v 0.000000 1.995285 1.409880
v 0.331280 1.789308 1.409880
v 0.331280 1.789308 1.409880
v 0.331280 1.789308 1.409880
v 0.331280 1.995285 1.741159
v 0.331280 1.995285 1.741159
v 0.331280 1.789308 2.072439
v 0.331280 1.789308 2.072439
v 0.331280 1.789308 2.072439
v 0.331280 0.545652 2.072439
v 0.331280 0.018193 2.072439
v 0.331280 0.018193 2.072439
v 0.000000 1.995285 2.072439
v 0.000000 1.995285 2.072439
v -0.349865 1.789308 1.391295
v -0.349865 1.789308 1.391295
v -0.349865 1.789308 1.391295
v -0.349865 1.995285 1.741159
v -0.349865 1.995285 1.741159
v 0.349865 2.060884 1.741159
v 0.349865 2.060884 1.741159
v 0.419201 2.082555 1.741159
v 0.419201 2.082555 1.741159
v 0.349865 1.854333 2.091024
v 0.349865 1.854333 2.091024
v 0.349865 1.854333 2.091024
v 0.419201 1.835070 2.160360
v 0.419201 1.835070 2.160360
v 0.419201 1.835070 2.160360
v -0.419201 2.082555 1.741159
v -0.419201 2.082555 1.741159
v -0.349865 2.060884 1.741159
v -0.349865 2.060884 1.741159
v 0.419201 1.835070 1.321958
v 0.419201 1.835070 1.321958
v 0.419201 1.835070 1.321958
v 0.349865 1.854333 1.391295
v 0.349865 1.854333 1.391295
v 0.349865 1.854333 1.391295
v 0.000000 2.082555 1.321958
v 0.000000 2.082555 1.321958
v 0.000000 2.060884 1.391295
v 0.000000 2.060884 1.391295
v -0.349865 1.854333 1.391295
v -0.349865 1.854333 1.391295
v -0.349865 1.854333 1.391295
v -0.419201 1.835070 1.321958
v -0.419201 1.835070 1.321958
v -0.419201 1.835070 1.321958
v 0.000000 1.995285 1.391295
v 0.000000 1.995285 1.391295
v 0.349865 1.789308 1.391295
v 0.349865 1.789308 1.391295
v 0.349865 1.789308 1.391295
v 0.349865 1.995285 1.741159
v 0.349865 1.995285 1.741159
v 0.349865 1.789308 2.091024
v 0.349865 1.789308 2.091024
v 0.349865 1.789308 2.091024
v 0.000000 1.995285 2.091024
v 0.000000 1.995285 2.091024
v -0.349865 1.789308 2.091024
v -0.349865 1.789308 2.091024
v -0.349865 1.789308 2.091024
v -0.349865 1.854333 2.091024
v -0.349865 1.854333 2.091024
v -0.349865 1.854333 2.091024
v 0.000000 2.060884 2.091024
v 0.000000 2.060884 2.091024
v -0.419201 1.835070 2.160360
v -0.419201 1.835070 2.160360
v -0.419201 1.835070 2.160360
v 0.000000 2.082555 2.160360
v 0.000000 2.082555 2.160360
v 0.418549 1.867821 2.159708
v 0.418549 1.867821 2.159708
v 0.418549 1.867821 2.159708
v 0.418549 1.867821 1.322611
v 0.418549 1.867821 1.322611
v 0.418549 1.867821 1.322611
v -0.418549 2.128782 1.741159
v -0.418549 2.128782 1.741159
v -0.418549 1.867821 1.322611
v -0.418549 1.867821 1.322611
v -0.418549 1.867821 1.322611
v 0.000000 2.128782 1.322611
v 0.000000 2.128782 1.322611
v 0.418549 2.128782 1.741159
v 0.418549 2.128782 1.741159
v 0.000000 2.128782 2.159708
v 0.000000 2.128782 2.159708
v -0.418549 1.867821 2.159708
v -0.418549 1.867821 2.159708
v -0.418549 1.867821 2.159708
v 0.000000 2.128782 2.012322
v 0.000000 2.128782 2.012322
v 0.000000 2.128782 2.012322
v 0.229842 1.986473 1.511317
v 0.229842 1.986473 1.511317
v 0.229842 1.986473 1.511317
v 0.000000 2.128782 1.469996
v 0.000000 2.128782 1.469996
v 0.000000 2.128782 1.469996
v -0.229842 1.986473 1.511317
v -0.229842 1.986473 1.511317
v -0.229842 1.986473 1.511317
v 0.229842 1.986473 1.971002
v 0.229842 1.986473 1.971002
v 0.229842 1.986473 1.971002
v 0.271163 2.128782 1.741159
v 0.271163 2.128782 1.741159
v 0.271163 2.128782 1.741159
v -0.271163 2.128782 1.741159
v -0.271163 2.128782 1.741159
v -0.271163 2.128782 1.741159
v -0.229842 1.986473 1.971002
v -0.229842 1.986473 1.971002
v -0.229842 1.986473 1.971002
v -0.031586 2.936301 1.741159
v -0.031586 2.936301 1.741159
v 0.022335 2.936301 1.763494
v 0.022335 2.936301 1.763494
v -0.022335 2.936301 1.763494
v -0.022335 2.936301 1.763494
v -0.000000 2.936301 1.772746
v -0.000000 2.936301 1.772746
v 0.031586 2.936301 1.741159
v 0.031586 2.936301 1.741159
v 0.022335 2.936301 1.718825
v 0.022335 2.936301 1.718825
v -0.000000 2.936301 1.709573
v -0.000000 2.936301 1.709573
v -0.022335 2.936301 1.718825
v -0.022335 2.936301 1.718825
v 0.014333 2.936302 1.751058
v 0.014333 2.936302 1.751058
v 0.014333 3.121260 1.751058
v 0.014333 3.121260 1.751058
v 0.014335 2.936302 1.731258
v 0.014335 2.936302 1.731258
v -0.014337 2.936302 1.731257
v -0.014337 2.936302 1.731257
v 0.014335 3.121260 1.731258
v 0.014335 3.121260 1.731258
v -0.014337 3.121260 1.731257
v -0.014337 3.121260 1.731257
v -0.014336 3.121260 1.751059
v -0.014336 3.121260 1.751059
v -0.014336 2.936302 1.751059
v -0.014336 2.936302 1.751059
v 0.014333 3.150708 1.751058
v 0.014333 3.150708 1.751058
v 0.014335 3.150708 1.731258
v 0.014335 3.150708 1.731258
v -0.014337 3.150708 1.731257
v -0.014337 3.150708 1.731257
v -0.014336 3.150708 1.751059
v -0.014336 3.150708 1.751059
v 0.014333 3.227774 1.751058
v 0.014333 3.227774 1.751058
v 0.014335 3.227774 1.731258
v 0.014335 3.227774 1.731258
v -0.014336 3.227774 1.751059
v -0.014336 3.227774 1.751059
v -0.014337 3.227774 1.731257
v -0.014337 3.227774 1.731257
v 0.093591 3.121260 1.751058
v 0.093591 3.121260 1.751058
v 0.093598 3.121260 1.731258
v 0.093598 3.121260 1.731258
v -0.093601 3.121260 1.731257
v -0.093601 3.121260 1.731257
v -0.093593 3.121260 1.751059
v -0.093593 3.121260 1.751059
v 0.093591 3.150708 1.751058
v 0.093591 3.150708 1.751058
v 0.093598 3.150708 1.731258
v 0.093598 3.150708 1.731258
v -0.093601 3.150708 1.731257
v -0.093601 3.150708 1.731257
v -0.093593 3.150708 1.751059
v -0.093593 3.150708 1.751059
v 0.331280 1.665686 1.640267
v 0.331280 1.702555 1.643937
v 0.331280 1.739220 1.654757
v -0.331280 1.665686 1.640267
v -0.331280 1.702555 1.643937
v -0.331280 1.739219 1.654757
v 0.331280 1.766891 1.669880
v 0.331280 1.810538 1.705683
v 0.331280 1.791297 1.687556
v -0.331280 1.766891 1.669880
v -0.331280 1.791297 1.687556
v -0.331280 1.810537 1.705683
v -0.331280 1.827947 1.726310
v 0.331280 1.827948 1.726310
v 0.331280 1.837354 1.741159
v 0.331280 1.837354 1.741159
v 0.331280 1.827948 1.756009
v -0.331280 1.837354 1.741159
v -0.331280 1.837354 1.741159
v -0.331280 1.827947 1.756009
v 0.331280 1.791297 1.794763
v 0.331280 1.810538 1.776636
v 0.331280 1.766891 1.812438
v 0.331280 1.739220 1.827562
v -0.331280 1.766891 1.812438
v -0.331280 1.791297 1.794763
v -0.331280 1.810537 1.776636
v -0.331280 1.739219 1.827562
v 0.331280 1.665686 1.842051
v 0.331280 1.702555 1.838381
v 0.100892 1.665686 2.072439
v 0.097222 1.702555 2.072439
v -0.014849 1.827947 2.072439
v 0.000000 1.837354 2.072439
v 0.000000 1.837354 2.072439
v -0.071279 1.766891 2.072439
v -0.053604 1.791297 2.072439
v -0.035477 1.810537 2.072439
v -0.086403 1.739219 2.072439
v -0.097222 1.702555 2.072439
v -0.100892 1.665686 2.072439
v -0.331280 1.702555 1.838381
v -0.331280 1.665686 1.842051
v 0.086403 1.739219 2.072439
v 0.071279 1.766891 2.072439
v 0.053604 1.791296 2.072439
v 0.035477 1.810537 2.072439
v 0.014849 1.827947 2.072439
v 0.217193 0.545652 2.072439
v 0.213071 0.587968 2.072439
v 0.200864 0.628492 2.072439
v 0.181041 0.665840 2.072439
v 0.154363 0.698575 2.072439
v 0.121857 0.725440 2.072439
v 0.084771 0.745403 2.072439
v 0.044530 0.757696 2.072439
v 0.000000 0.761847 2.072439
v -0.044530 0.757696 2.072439
v -0.084771 0.745403 2.072439
v -0.121857 0.725440 2.072439
v -0.181041 0.665840 2.072439
v -0.200864 0.628492 2.072439
v -0.154363 0.698575 2.072439
v -0.213071 0.587968 2.072439
v -0.217193 0.545652 2.072439
v -0.217193 0.018193 2.072439
v -0.217193 0.018193 2.072439
v 0.174202 1.324844 2.072439
v 0.174202 1.324844 2.072439
v -0.000000 1.324844 2.072439
v 0.000000 1.048842 2.072439
v -0.174202 1.048842 2.072439
v -0.174202 1.048842 2.072439
v -0.155835 1.063879 2.050339
v -0.155835 1.063879 2.050339
v -0.011951 1.063879 2.050339
v -0.011951 1.063879 2.050339
v -0.331280 -0.142859 1.841085
v -0.331280 -0.142859 2.072439
v 0.331280 -0.142859 2.072439
v 0.331280 -0.142859 1.841085
v 0.331280 0.018193 2.122439
v 0.331280 0.018193 2.122439
v -0.331280 0.018193 2.122439
v -0.331280 0.018193 2.122439
v -0.331280 0.018193 2.072439
v -0.331280 0.018193 2.072439
v 0.000000 0.018193 2.122439
v 0.331280 -0.022070 2.122439
v 0.331280 -0.022070 2.122439
v -0.331280 -0.022070 2.122439
v -0.331280 -0.022070 2.122439
v -0.331280 -0.142859 2.272439
v -0.331280 -0.142859 2.272439
v 0.000000 -0.022070 2.122439
v -0.331280 -0.022070 2.172439
v -0.331280 -0.022070 2.172439
v -0.331280 -0.062333 2.172439
v -0.331280 -0.062333 2.172439
v 0.331280 -0.062333 2.172439
v 0.331280 -0.062333 2.172439
v 0.331280 -0.022070 2.172439
v 0.331280 -0.022070 2.172439
v 0.000000 -0.022070 2.172439
v 0.000000 -0.062333 2.172439
v 0.331280 -0.062333 2.222439
v 0.331280 -0.062333 2.222439
v 0.331280 -0.102596 2.222439
v 0.331280 -0.102596 2.222439
v 0.331280 -0.102596 2.272439
v 0.331280 -0.102596 2.272439
v -0.331280 -0.062333 2.222439
v -0.331280 -0.062333 2.222439
v -0.331280 -0.102596 2.222439
v -0.331280 -0.102596 2.222439
v 0.000000 -0.062333 2.222439
v 0.000000 -0.102596 2.222439
v -0.331280 -0.102596 2.272439
v -0.331280 -0.102596 2.272439
v 0.000000 -0.142859 2.272439
v 0.331280 -0.142859 2.272439
v 0.331280 -0.142859 2.272439
v 0.000000 -0.102596 2.272439
v -0.155835 1.309806 2.060815
v -0.155835 1.309806 2.060815
v -0.155835 1.063879 2.060815
v -0.155835 1.063879 2.060815
v -0.011951 1.309806 2.050339
v -0.011951 1.309806 2.050339
v 0.011951 1.063879 2.050339
v 0.011951 1.063879 2.050339
v 0.155835 1.063879 2.050339
v 0.155835 1.063879 2.050339
v 0.155835 1.309806 2.060815
v 0.155835 1.309806 2.060815
v 0.155835 1.063879 2.060815
v 0.155835 1.063879 2.060815
v 0.155835 1.309806 2.050339
v 0.155835 1.309806 2.050339
v 0.011951 1.309806 2.050339
v 0.011951 1.309806 2.050339
v -0.155835 1.309806 2.050339
v -0.155835 1.309806 2.050339
v -0.011951 1.309806 2.060815
v -0.011951 1.309806 2.060815
v -0.011951 1.063879 2.060815
v -0.011951 1.063879 2.060815
v 0.011951 1.063879 2.060815
v 0.011951 1.063879 2.060815
v 0.011951 1.309806 2.060815
v 0.011951 1.309806 2.060815
v 0.331280 1.665686 2.072439
v 0.331280 1.341560 2.072439
v -0.331280 1.048842 2.072439
v -0.331280 1.341560 2.072439
v -0.100892 1.479223 2.072439
v -0.100892 1.479223 2.072439
v -0.100892 1.479223 2.089574
v -0.100892 1.479223 2.089574
v 0.000000 1.479223 2.072439
v 0.100892 1.479223 2.072439
v 0.100892 1.479223 2.072439
v -0.350344 1.479223 1.842051
v -0.350344 1.479223 1.842051
v -0.331280 1.479223 1.842051
v -0.331280 1.479223 1.842051
v 0.331280 1.479223 1.741159
v 0.331280 1.479223 1.640268
v 0.331280 1.479223 1.640268
v 0.331280 1.479223 1.842051
v 0.331280 1.479223 1.842051
v -0.350344 1.509315 1.842051
v -0.350344 1.509315 1.842051
v -0.331280 1.479223 1.640268
v -0.331280 1.479223 1.640268
v -0.331280 1.479223 1.741159
v 0.350344 1.509315 1.640268
v 0.350344 1.509315 1.640268
v 0.350344 1.509315 1.741159
v -0.350344 1.509315 1.640268
v -0.350344 1.509315 1.640268
v -0.350344 1.509315 1.741159
v 0.350344 1.509315 1.842051
v 0.350344 1.509315 1.842051
v 0.350344 1.479223 1.741159
v 0.350344 1.479223 1.640268
v 0.350344 1.479223 1.640268
v 0.350344 1.479223 1.842051
v 0.350344 1.479223 1.842051
v -0.350344 1.479223 1.640268
v -0.350344 1.479223 1.640268
v -0.350344 1.479223 1.741159
v -0.100892 1.509315 2.089574
v -0.100892 1.509315 2.089574
v 0.000000 1.509315 2.089574
v 0.100892 1.509315 2.089574
v 0.100892 1.509315 2.089574
v 0.000000 1.479223 2.089574
v 0.100892 1.479223 2.089574
v 0.100892 1.479223 2.089574
v -0.331280 1.448116 1.409880
v 0.331280 1.448116 1.409880
v 0.331280 1.048842 2.072439
v -0.331280 0.545652 2.072439
vt 0.455588 0.147608
vt 0.455358 0.191376
vt 0.450928 0.194967
vt 0.450767 0.194967
vt 0.451043 0.141996
vt 0.452415 0.344719
vt 0.455951 0.344719
vt 0.455951 0.428672
vt 0.452415 0.428672
vt 0.454966 0.031222
vt 0.458502 0.031204
vt 0.458775 0.084204
vt 0.455240 0.084204
vt 0.451041 0.247949
vt 0.447505 0.247968
vt 0.447232 0.194967
vt 0.450767 0.194967
vt 0.507196 0.597947
vt 0.484431 0.597947
vt 0.484431 0.437507
vt 0.507196 0.437507
vt 0.655188 0.414252
vt 0.632424 0.414252
vt 0.632424 0.348187
vt 0.655188 0.348187
vt 0.507196 0.333955
vt 0.507196 0.347558
vt 0.484431 0.347558
vt 0.484431 0.333955
vt 0.507196 0.360357
vt 0.484431 0.360357
vt 0.507196 0.373168
vt 0.484431 0.373168
vt 0.507196 0.385995
vt 0.484431 0.385995
vt 0.507196 0.398840
vt 0.484431 0.398840
vt 0.507196 0.411701
vt 0.484431 0.411701
vt 0.507196 0.424575
vt 0.484431 0.424575
vt 0.406087 0.279913
vt 0.412658 0.279913
vt 0.412658 0.310602
vt 0.406087 0.310602
vt 0.095310 0.640813
vt 0.102102 0.641011
vt 0.100606 0.689537
vt 0.094028 0.688939
vt 0.063033 0.640368
vt 0.095310 0.640813
vt 0.094028 0.688939
vt 0.092603 0.699726
vt 0.089348 0.710281
vt 0.084792 0.718296
vt 0.079435 0.725340
vt 0.073995 0.730440
vt 0.067385 0.733661
vt 0.063415 0.734879
vt 0.063415 0.734879
vt 0.067385 0.733661
vt 0.069485 0.740071
vt 0.063441 0.741387
vt 0.073995 0.730440
vt 0.077792 0.735916
vt 0.079435 0.725340
vt 0.084422 0.729950
vt 0.084792 0.718296
vt 0.090537 0.722017
vt 0.089348 0.710281
vt 0.095507 0.712851
vt 0.092603 0.699726
vt 0.099053 0.701092
vt 0.406087 0.249224
vt 0.412658 0.249224
vt 0.030761 0.641074
vt 0.032432 0.689187
vt 0.025859 0.689839
vt 0.023971 0.641326
vt 0.059435 0.733693
vt 0.052799 0.730525
vt 0.047319 0.725469
vt 0.041904 0.718469
vt 0.037284 0.710491
vt 0.033944 0.699963
vt 0.032432 0.689187
vt 0.030761 0.641074
vt 0.063415 0.734879
vt 0.063441 0.741387
vt 0.057387 0.740120
vt 0.059435 0.733693
vt 0.049047 0.736032
vt 0.052799 0.730525
vt 0.042369 0.730120
vt 0.047319 0.725469
vt 0.036190 0.722237
vt 0.041904 0.718469
vt 0.031146 0.713111
vt 0.037284 0.710491
vt 0.027505 0.701381
vt 0.033944 0.699963
vt 0.406087 0.199351
vt 0.412658 0.199351
vt 0.412658 0.230040
vt 0.406087 0.230040
vt 0.293648 0.350865
vt 0.300439 0.351100
vt 0.298674 0.399617
vt 0.292100 0.398982
vt 0.261374 0.350241
vt 0.293648 0.350865
vt 0.292100 0.398982
vt 0.290616 0.409762
vt 0.287302 0.420299
vt 0.282702 0.428288
vt 0.277306 0.435302
vt 0.271838 0.440372
vt 0.265210 0.443556
vt 0.261234 0.444753
vt 0.261234 0.444753
vt 0.265210 0.443556
vt 0.267275 0.449978
vt 0.261224 0.451261
vt 0.271838 0.440372
vt 0.275604 0.445870
vt 0.277306 0.435302
vt 0.282268 0.439941
vt 0.282702 0.428288
vt 0.288426 0.432041
vt 0.287302 0.420299
vt 0.293447 0.422903
vt 0.290616 0.409762
vt 0.297058 0.411163
vt 0.406087 0.168663
vt 0.412658 0.168663
vt 0.229098 0.350769
vt 0.230503 0.398891
vt 0.223927 0.399506
vt 0.222307 0.350984
vt 0.257260 0.443545
vt 0.250642 0.440341
vt 0.245189 0.435255
vt 0.239814 0.428224
vt 0.235237 0.420221
vt 0.231956 0.409675
vt 0.230503 0.398891
vt 0.229098 0.350769
vt 0.261234 0.444753
vt 0.261224 0.451261
vt 0.255177 0.449960
vt 0.257260 0.443545
vt 0.246859 0.445827
vt 0.250642 0.440341
vt 0.240214 0.439878
vt 0.245189 0.435255
vt 0.234079 0.431961
vt 0.239814 0.428224
vt 0.229085 0.422807
vt 0.235237 0.420221
vt 0.225509 0.411057
vt 0.231956 0.409675
vt 0.433409 0.118789
vt 0.426838 0.118789
vt 0.426838 0.088101
vt 0.433409 0.088101
vt 0.296178 0.242390
vt 0.302963 0.242537
vt 0.301824 0.291007
vt 0.295137 0.290481
vt 0.264231 0.242288
vt 0.296178 0.242390
vt 0.295137 0.290481
vt 0.293716 0.301402
vt 0.290449 0.312220
vt 0.285853 0.320411
vt 0.280433 0.327530
vt 0.274926 0.332703
vt 0.268443 0.336100
vt 0.264668 0.337381
vt 0.264668 0.337381
vt 0.268443 0.336100
vt 0.270329 0.342472
vt 0.264147 0.343269
vt 0.274926 0.332703
vt 0.278691 0.338356
vt 0.280433 0.327530
vt 0.285467 0.332303
vt 0.285853 0.320411
vt 0.291635 0.324241
vt 0.290449 0.312220
vt 0.296689 0.315002
vt 0.293716 0.301402
vt 0.300495 0.302891
vt 0.433409 0.149478
vt 0.426838 0.149478
vt 0.231882 0.243056
vt 0.233866 0.291583
vt 0.227158 0.292262
vt 0.225034 0.243341
vt 0.260801 0.336062
vt 0.254404 0.332700
vt 0.248969 0.327739
vt 0.243550 0.321000
vt 0.238932 0.313123
vt 0.235508 0.302514
vt 0.233866 0.291583
vt 0.231882 0.243056
vt 0.264668 0.337381
vt 0.264147 0.343269
vt 0.258651 0.341961
vt 0.260801 0.336062
vt 0.250742 0.337984
vt 0.254404 0.332700
vt 0.244228 0.332286
vt 0.248969 0.327739
vt 0.238189 0.324725
vt 0.243550 0.321000
vt 0.232938 0.315996
vt 0.238932 0.313123
vt 0.228800 0.304143
vt 0.235508 0.302514
vt 0.593126 0.057774
vt 0.593004 0.218214
vt 0.522632 0.218160
vt 0.522755 0.057721
vt 0.632424 0.247421
vt 0.632424 0.282123
vt 0.617215 0.247421
vt 0.668261 0.016740
vt 0.631641 0.133198
vt 0.625415 0.133198
vt 0.664224 0.010955
vt 0.665148 0.132884
vt 0.701768 0.249342
vt 0.697731 0.255126
vt 0.658922 0.132884
vt 0.388849 0.057692
vt 0.388484 0.218131
vt 0.318113 0.217971
vt 0.318478 0.057532
vt 0.617215 0.448954
vt 0.617215 0.348187
vt 0.767904 0.016875
vt 0.731283 0.133330
vt 0.725057 0.133330
vt 0.763866 0.011090
vt 0.959472 0.846068
vt 0.990503 0.964856
vt 0.976696 0.988493
vt 0.936465 0.846068
vt 0.625415 0.133198
vt 0.664224 0.255441
vt 0.647408 0.251697
vt 0.605765 0.133198
vt 0.876729 0.727553
vt 0.845698 0.846341
vt 0.822692 0.846341
vt 0.862923 0.703916
vt 0.990503 0.727280
vt 0.959472 0.846068
vt 0.936465 0.846068
vt 0.976696 0.703642
vt 0.633184 0.846068
vt 0.664215 0.964855
vt 0.650408 0.988493
vt 0.610177 0.846068
vt 0.845698 0.846341
vt 0.876729 0.965129
vt 0.862922 0.988767
vt 0.822692 0.846341
vt 0.725057 0.133330
vt 0.763866 0.255576
vt 0.747050 0.251831
vt 0.705407 0.133330
vt 0.692073 0.133543
vt 0.730882 0.255783
vt 0.714067 0.252039
vt 0.672423 0.133543
vt 0.658922 0.132884
vt 0.697731 0.255126
vt 0.680915 0.251382
vt 0.639272 0.132884
vt 0.763866 0.011090
vt 0.747051 0.014835
vt 0.730882 0.011297
vt 0.714067 0.015042
vt 0.697731 0.010641
vt 0.680915 0.014385
vt 0.664224 0.010955
vt 0.647408 0.014700
vt 0.701768 0.016425
vt 0.665148 0.132884
vt 0.658922 0.132884
vt 0.697731 0.010641
vt 0.768689 0.727553
vt 0.737658 0.846341
vt 0.714651 0.846341
vt 0.754882 0.703916
vt 0.631641 0.133198
vt 0.668261 0.249657
vt 0.664224 0.255441
vt 0.625415 0.133198
vt 0.698300 0.133543
vt 0.734920 0.249999
vt 0.730882 0.255783
vt 0.692073 0.133543
vt 0.737658 0.846341
vt 0.768689 0.965129
vt 0.754882 0.988766
vt 0.714651 0.846341
vt 0.664215 0.727280
vt 0.633184 0.846068
vt 0.610177 0.846068
vt 0.650408 0.703642
vt 0.734920 0.017082
vt 0.698300 0.133543
vt 0.692073 0.133543
vt 0.730882 0.011297
vt 0.731283 0.133330
vt 0.767904 0.249791
vt 0.763866 0.255576
vt 0.725057 0.133330
vt 0.597615 0.846068
vt 0.641845 0.706073
vt 0.650408 0.703642
vt 0.610177 0.846068
vt 0.923903 0.846068
vt 0.968133 0.706073
vt 0.976696 0.703642
vt 0.936465 0.846068
vt 0.597615 0.846068
vt 0.641845 0.986063
vt 0.558294 0.931474
vt 0.557053 0.846068
vt 0.968133 0.986063
vt 0.976696 0.988493
vt 0.702089 0.846341
vt 0.746319 0.706346
vt 0.754882 0.703916
vt 0.714651 0.846341
vt 0.746319 0.706346
vt 0.702089 0.846341
vt 0.661527 0.846341
vt 0.662768 0.760935
vt 0.641845 0.706073
vt 0.597615 0.846068
vt 0.557053 0.846068
vt 0.558294 0.760661
vt 0.923903 0.846068
vt 0.968133 0.986063
vt 0.884582 0.931474
vt 0.883341 0.846068
vt 0.810130 0.846341
vt 0.854360 0.706346
vt 0.862923 0.703916
vt 0.822692 0.846341
vt 0.702089 0.846341
vt 0.746319 0.986336
vt 0.662768 0.931747
vt 0.661527 0.846341
vt 0.854360 0.706346
vt 0.810130 0.846341
vt 0.769567 0.846341
vt 0.770809 0.760935
vt 0.968133 0.706073
vt 0.923903 0.846068
vt 0.883341 0.846068
vt 0.884582 0.760662
vt 0.810130 0.846341
vt 0.854359 0.986336
vt 0.770808 0.931747
vt 0.769567 0.846341
vt 0.854359 0.986336
vt 0.862922 0.988767
vt 0.746319 0.986336
vt 0.754882 0.988766
vt 0.641845 0.986063
vt 0.650408 0.988493
vt 0.194595 0.615432
vt 0.273435 0.681272
vt 0.203596 0.989718
vt 0.194595 0.988689
vt 0.194595 0.615432
vt 0.273435 0.681272
vt 0.203596 0.989718
vt 0.194595 0.988689
vt 0.115830 0.681244
vt 0.194595 0.615432
vt 0.194595 0.988689
vt 0.185559 0.989715
vt 0.115830 0.681244
vt 0.194595 0.615432
vt 0.194595 0.988689
vt 0.185559 0.989715
vt 0.194595 0.615432
vt 0.273435 0.681272
vt 0.203596 0.989718
vt 0.194595 0.988689
vt 0.194595 0.615432
vt 0.273435 0.681272
vt 0.203596 0.989718
vt 0.194595 0.988689
vt 0.115830 0.681244
vt 0.194595 0.615432
vt 0.194595 0.988689
vt 0.185559 0.989715
vt 0.115830 0.681244
vt 0.194595 0.615432
vt 0.194595 0.988689
vt 0.185559 0.989715
vt 0.667585 0.415517
vt 0.672927 0.423219
vt 0.656746 0.426356
vt 0.677570 0.444818
vt 0.693752 0.441684
vt 0.682913 0.452522
vt 0.684526 0.428024
vt 0.682913 0.415517
vt 0.667585 0.452522
vt 0.665971 0.440014
vt 0.693752 0.426356
vt 0.656746 0.441684
vt 0.300044 0.895838
vt 0.308765 0.895838
vt 0.308679 0.952097
vt 0.299958 0.952097
vt 0.439546 0.546488
vt 0.448267 0.546488
vt 0.448254 0.555445
vt 0.439532 0.555445
vt 0.294021 0.895838
vt 0.300044 0.895838
vt 0.299958 0.952097
vt 0.293935 0.952097
vt 0.439633 0.490228
vt 0.448354 0.490228
vt 0.308765 0.895838
vt 0.314788 0.895838
vt 0.314702 0.952097
vt 0.308679 0.952097
vt 0.293921 0.961055
vt 0.299945 0.961055
vt 0.299909 0.984372
vt 0.293886 0.984372
vt 0.448244 0.561601
vt 0.448254 0.555445
vt 0.472363 0.555445
vt 0.472352 0.561601
vt 0.308665 0.961055
vt 0.299945 0.961055
vt 0.472377 0.546488
vt 0.472363 0.555445
vt 0.439496 0.579019
vt 0.448217 0.579019
vt 0.448208 0.585042
vt 0.439487 0.585042
vt 0.308665 0.961055
vt 0.314688 0.961055
vt 0.314652 0.984372
vt 0.308630 0.984372
vt 0.448217 0.579019
vt 0.439496 0.579019
vt 0.308630 0.984372
vt 0.299909 0.984372
vt 0.269827 0.952097
vt 0.275850 0.952097
vt 0.275837 0.961055
vt 0.269814 0.961055
vt 0.332787 0.952097
vt 0.338810 0.952097
vt 0.338796 0.961055
vt 0.332773 0.961055
vt 0.439532 0.555445
vt 0.439524 0.561601
vt 0.415415 0.561601
vt 0.415422 0.555445
vt 0.448267 0.546488
vt 0.448276 0.540604
vt 0.472384 0.540641
vt 0.472377 0.546488
vt 0.332787 0.952097
vt 0.332773 0.961055
vt 0.415422 0.555445
vt 0.415436 0.546488
vt 0.275837 0.961055
vt 0.275850 0.952097
vt 0.439556 0.540591
vt 0.439546 0.546488
vt 0.415436 0.546488
vt 0.415448 0.540554
vt 0.484431 0.320351
vt 0.507196 0.320351
vt 0.484431 0.307552
vt 0.507196 0.307552
vt 0.484431 0.294741
vt 0.507196 0.294741
vt 0.484431 0.269069
vt 0.507196 0.269069
vt 0.507196 0.281914
vt 0.484431 0.281914
vt 0.484431 0.256208
vt 0.507196 0.256208
vt 0.484431 0.069963
vt 0.507196 0.069963
vt 0.507196 0.230402
vt 0.484431 0.230402
vt 0.507196 0.243334
vt 0.484431 0.243334
vt 0.171576 0.168244
vt 0.171576 0.007805
vt 0.237641 0.007805
vt 0.237641 0.234005
vt 0.224096 0.232742
vt 0.211856 0.229003
vt 0.200575 0.222931
vt 0.190688 0.214759
vt 0.182573 0.204802
vt 0.176543 0.193442
vt 0.172830 0.181115
vt 0.655188 0.282123
vt 0.303705 0.007805
vt 0.303705 0.168244
vt 0.302451 0.181115
vt 0.298738 0.193442
vt 0.292709 0.204802
vt 0.284594 0.214759
vt 0.274707 0.222931
vt 0.263426 0.229003
vt 0.251186 0.232742
vt 0.459541 0.332799
vt 0.456005 0.332799
vt 0.456005 0.248846
vt 0.459541 0.248846
vt 0.447507 0.141978
vt 0.451043 0.141996
vt 0.455358 0.198559
vt 0.455588 0.242337
vt 0.451041 0.247949
vt 0.458499 0.137194
vt 0.454964 0.137175
vt 0.448165 0.827353
vt 0.548932 0.827353
vt 0.548932 0.897725
vt 0.448165 0.897725
vt 0.347399 0.827353
vt 0.347399 0.897725
vt 0.318589 0.008545
vt 0.388961 0.008705
vt 0.522792 0.008733
vt 0.593164 0.008787
vt 0.448165 0.912933
vt 0.507546 0.057709
vt 0.507555 0.045462
vt 0.404086 0.045480
vt 0.404058 0.057727
vt 0.419322 0.033268
vt 0.419294 0.045515
vt 0.448165 0.928142
vt 0.617215 0.348187
vt 0.617215 0.448954
vt 0.604968 0.448954
vt 0.604968 0.348187
vt 0.617215 0.247421
vt 0.604968 0.247421
vt 0.871349 0.112010
vt 0.871349 0.212777
vt 0.856140 0.212777
vt 0.856140 0.112010
vt 0.492356 0.033204
vt 0.477147 0.033192
vt 0.477156 0.020945
vt 0.856140 0.112010
vt 0.856140 0.212777
vt 0.843893 0.212777
vt 0.843893 0.112010
vt 0.448165 0.943351
vt 0.856140 0.011244
vt 0.843893 0.011244
vt 0.432754 0.332362
vt 0.432754 0.433128
vt 0.417545 0.433128
vt 0.417545 0.332362
vt 0.492346 0.045451
vt 0.871349 0.011244
vt 0.856140 0.011244
vt 0.448165 0.958559
vt 0.347399 0.958559
vt 0.461948 0.020933
vt 0.461957 0.008686
vt 0.417545 0.433128
vt 0.417545 0.533895
vt 0.405298 0.533895
vt 0.405298 0.433128
vt 0.417545 0.332362
vt 0.405298 0.332362
vt 0.434559 0.021055
vt 0.434531 0.033302
vt 0.432754 0.533895
vt 0.417545 0.533895
vt 0.548932 0.970806
vt 0.448165 0.970806
vt 0.448165 0.958559
vt 0.548932 0.958559
vt 0.347399 0.970806
vt 0.347399 0.958559
vt 0.548932 0.986015
vt 0.448166 0.986015
vt 0.448165 0.970806
vt 0.548932 0.970806
vt 0.449795 0.008843
vt 0.449767 0.021090
vt 0.347399 0.986015
vt 0.347399 0.970806
vt 0.548932 0.958559
vt 0.952641 0.011943
vt 0.987343 0.011943
vt 0.987343 0.172382
vt 0.952641 0.172382
vt 0.785810 0.011943
vt 0.820512 0.011943
vt 0.820512 0.172382
vt 0.785810 0.172382
vt 0.632424 0.448954
vt 0.450418 0.328225
vt 0.450418 0.253420
vt 0.456005 0.248846
vt 0.456005 0.332799
vt 0.450419 0.131564
vt 0.450649 0.087795
vt 0.455079 0.084204
vt 0.455240 0.084204
vt 0.454964 0.137175
vt 0.450418 0.253420
vt 0.450418 0.328225
vt 0.447232 0.328225
vt 0.447232 0.253420
vt 0.446828 0.424098
vt 0.446828 0.349293
vt 0.452415 0.344719
vt 0.452415 0.428672
vt 0.450648 0.080613
vt 0.450419 0.036834
vt 0.454966 0.031222
vt 0.446477 0.819608
vt 0.402711 0.819608
vt 0.402711 0.744803
vt 0.446477 0.744803
vt 0.455380 0.194967
vt 0.450627 0.084204
vt 0.470375 0.349327
vt 0.470376 0.424132
vt 0.466740 0.424132
vt 0.466740 0.349327
vt 0.463105 0.424132
vt 0.463105 0.349327
vt 0.463105 0.349327
vt 0.463105 0.424132
vt 0.459918 0.424132
vt 0.459919 0.349327
vt 0.451051 0.819607
vt 0.451051 0.744802
vt 0.494817 0.744802
vt 0.494817 0.819607
vt 0.470376 0.424132
vt 0.470375 0.349327
vt 0.473562 0.349327
vt 0.473562 0.424132
vt 0.455358 0.191376
vt 0.455588 0.147608
vt 0.458775 0.147624
vt 0.458545 0.191393
vt 0.455588 0.242337
vt 0.455358 0.198559
vt 0.458546 0.198542
vt 0.458775 0.242320
vt 0.446828 0.349293
vt 0.446828 0.424098
vt 0.443641 0.424098
vt 0.443642 0.349293
vt 0.450419 0.036834
vt 0.450648 0.080613
vt 0.447461 0.080630
vt 0.447232 0.036851
vt 0.450649 0.087795
vt 0.450419 0.131564
vt 0.447232 0.131547
vt 0.447462 0.087779
vt 0.592819 0.460308
vt 0.723981 0.460408
vt 0.653871 0.502228
vt 0.623182 0.502205
vt 0.939565 0.409392
vt 0.987343 0.414477
vt 0.917265 0.456350
vt 0.886577 0.456350
vt 0.886577 0.409392
vt 0.522447 0.460254
vt 0.592493 0.502182
vt 0.785810 0.414477
vt 0.833589 0.409392
vt 0.855888 0.456350
vt 0.186401 0.459767
vt 0.317562 0.460065
vt 0.287072 0.501870
vt 0.256384 0.501800
vt 0.387934 0.460225
vt 0.317761 0.501939
vt 0.417870 0.279913
vt 0.417870 0.310602
vt 0.412658 0.249224
vt 0.412658 0.240071
vt 0.417870 0.240071
vt 0.417870 0.249224
vt 0.433409 0.168663
vt 0.433409 0.199351
vt 0.427610 0.199351
vt 0.427610 0.168663
vt 0.426838 0.149478
vt 0.426838 0.158631
vt 0.421039 0.158631
vt 0.421039 0.149478
vt 0.412658 0.168663
vt 0.412658 0.159509
vt 0.418457 0.159509
vt 0.418457 0.168663
vt 0.412658 0.239193
vt 0.412658 0.230040
vt 0.418457 0.230040
vt 0.418457 0.239193
vt 0.411886 0.118789
vt 0.411886 0.088101
vt 0.421039 0.088101
vt 0.421039 0.118789
vt 0.592486 0.511335
vt 0.592450 0.558899
vt 0.522372 0.558845
vt 0.653864 0.511382
vt 0.723956 0.492820
vt 0.653827 0.558946
vt 0.917265 0.465504
vt 0.987343 0.513068
vt 0.917265 0.513068
vt 0.855888 0.465504
vt 0.855888 0.513067
vt 0.785810 0.513067
vt 0.317740 0.511093
vt 0.387710 0.558816
vt 0.317632 0.558657
vt 0.256363 0.510953
vt 0.256255 0.558517
vt 0.186328 0.492179
vt 0.421039 0.149478
vt 0.411886 0.149478
vt 0.418457 0.168663
vt 0.427610 0.168663
vt 0.427610 0.199351
vt 0.418457 0.199351
vt 0.427610 0.230040
vt 0.418457 0.230040
vt 0.418457 0.199351
vt 0.418457 0.230040
vt 0.406087 0.149478
vt 0.406087 0.118789
vt 0.411886 0.118789
vt 0.411886 0.149478
vt 0.421039 0.149478
vt 0.421039 0.118789
vt 0.406087 0.088101
vt 0.411886 0.088101
vt 0.433409 0.230040
vt 0.427610 0.230040
vt 0.421039 0.088101
vt 0.426838 0.078947
vt 0.426838 0.088101
vt 0.421039 0.088101
vt 0.421039 0.078947
vt 0.418457 0.168663
vt 0.417870 0.249224
vt 0.427023 0.249224
vt 0.427023 0.279913
vt 0.417870 0.279913
vt 0.427023 0.310602
vt 0.417870 0.310602
vt 0.412658 0.319755
vt 0.412658 0.310602
vt 0.417870 0.310602
vt 0.417870 0.319755
vt 0.432235 0.249224
vt 0.432235 0.279913
vt 0.427023 0.279913
vt 0.427023 0.249224
vt 0.417870 0.249224
vt 0.432235 0.310602
vt 0.427023 0.310602
vt 0.593558 0.570114
vt 0.596840 0.581269
vt 0.601434 0.589690
vt 0.606805 0.597117
vt 0.612314 0.602974
vt 0.618584 0.608275
vt 0.623099 0.611139
vt 0.623062 0.659177
vt 0.522343 0.596448
vt 0.987343 0.550671
vt 0.886576 0.613323
vt 0.886576 0.565285
vt 0.891093 0.562423
vt 0.897367 0.557128
vt 0.902881 0.551275
vt 0.908258 0.543852
vt 0.912858 0.535435
vt 0.916149 0.524282
vt 0.387624 0.596419
vt 0.286716 0.658842
vt 0.286825 0.610804
vt 0.291348 0.607953
vt 0.297634 0.602671
vt 0.303161 0.596831
vt 0.308555 0.589420
vt 0.313174 0.581013
vt 0.316490 0.569869
vt 0.857004 0.524282
vt 0.860295 0.535435
vt 0.864895 0.543852
vt 0.870272 0.551275
vt 0.875785 0.557128
vt 0.882060 0.562423
vt 0.785810 0.550670
vt 0.257346 0.569734
vt 0.260611 0.580894
vt 0.265192 0.589321
vt 0.270552 0.596757
vt 0.276052 0.602622
vt 0.282314 0.607932
vt 0.186092 0.595960
vt 0.448088 0.707598
vt 0.347321 0.775391
vt 0.347321 0.671609
vt 0.448088 0.608957
vt 0.548855 0.775391
vt 0.548855 0.671609
vt 0.723877 0.596602
vt 0.627618 0.608281
vt 0.633896 0.602991
vt 0.639415 0.597142
vt 0.644797 0.589723
vt 0.649403 0.581309
vt 0.652703 0.570159
vt 0.522515 0.371217
vt 0.592887 0.371271
vt 0.939564 0.325439
vt 0.987343 0.325439
vt 0.785810 0.325440
vt 0.833589 0.325440
vt 0.318264 0.371029
vt 0.388137 0.371188
vt 0.941644 0.208940
vt 0.947674 0.197580
vt 0.951387 0.185253
vt 0.821766 0.185254
vt 0.825479 0.197580
vt 0.831509 0.208940
vt 0.886576 0.325440
vt 0.886576 0.238143
vt 0.900121 0.236880
vt 0.912361 0.233141
vt 0.923642 0.227069
vt 0.933530 0.218897
vt 0.839623 0.218898
vt 0.849511 0.227069
vt 0.860791 0.233141
vt 0.873031 0.236880
vn 0.0000 0.0000 1.0000
vn -1.0000 0.0000 0.0000
vn 0.0000 1.0000 0.0000
vn 0.0000 -1.0000 0.0000
vn -0.9988 -0.0485 0.0000
vn -0.1935 -0.9811 0.0000
vn -0.3849 -0.9229 0.0000
vn -0.5582 -0.8297 0.0000
vn -0.7095 -0.7046 0.0000
vn -0.8332 -0.5529 0.0000
vn -0.9248 -0.3804 0.0000
vn -0.9811 -0.1936 0.0000
vn -0.9987 -0.0496 0.0000
vn -0.5351 -0.8448 0.0000
vn -0.5914 -0.8063 0.0000
vn -0.6875 -0.7261 0.0000
vn -0.7705 -0.6374 0.0000
vn -0.8454 -0.5341 0.0000
vn -0.9235 -0.3835 0.0000
vn -0.9814 -0.1919 0.0000
vn 1.0000 0.0000 0.0000
vn 0.9987 -0.0496 0.0000
vn 0.5351 -0.8448 0.0000
vn 0.5914 -0.8063 0.0000
vn 0.6875 -0.7261 0.0000
vn 0.7705 -0.6374 0.0000
vn 0.8454 -0.5341 0.0000
vn 0.9235 -0.3835 0.0000
vn 0.9814 -0.1919 0.0000
vn 0.0000 0.0000 -1.0000
vn 0.0000 -0.0496 -0.9987
vn 0.0000 -0.8448 -0.5351
vn 0.0000 -0.8063 -0.5914
vn 0.0000 -0.7261 -0.6875
vn 0.0000 -0.6374 -0.7705
vn 0.0000 -0.5341 -0.8454
vn 0.0000 -0.3835 -0.9235
vn 0.0000 -0.1919 -0.9814
vn 0.0000 -0.0496 0.9987
vn 0.0000 -0.8448 0.5351
vn 0.0000 -0.8063 0.5914
vn 0.0000 -0.7261 0.6875
vn 0.0000 -0.6374 0.7705
vn 0.0000 -0.5341 0.8454
vn 0.0000 -0.3835 0.9235
vn 0.0000 -0.1919 0.9814
vn 0.5010 -0.8284 0.2505
vn 0.5010 -0.8284 -0.2505
vn -0.2505 -0.8284 0.5010
vn 0.2599 -0.8315 0.4909
vn -0.2599 -0.8315 0.4909
vn 0.2599 -0.8315 -0.4909
vn -0.4909 -0.8315 0.2599
vn -0.2599 -0.8315 -0.4909
vn -0.5010 -0.8284 -0.2505
vn -0.4909 -0.8315 -0.2599
vn -0.5010 -0.8284 0.2505
vn 0.2505 -0.8284 0.5010
vn 0.4909 -0.8315 -0.2599
vn 0.4909 -0.8315 0.2599
vn 0.2505 -0.8284 -0.5010
vn -0.2505 -0.8284 -0.5010
vn 0.0000 0.0166 0.9998
vn -0.0101 0.0166 0.9998
vn 0.9998 0.0166 0.0000
vn 0.9998 0.0166 0.0101
vn 0.5283 0.8491 0.0031
vn 0.9998 0.0166 -0.0101
vn 0.0000 0.0166 -0.9998
vn 0.0101 0.0166 -0.9998
vn 0.5283 0.8491 -0.0031
vn -0.5283 0.8491 0.0031
vn 0.0031 0.8491 -0.5283
vn -0.9998 0.0166 0.0000
vn -0.9998 0.0166 -0.0101
vn -0.5283 0.8491 -0.0031
vn -0.0031 0.8491 -0.5283
vn 0.0031 0.8491 0.5283
vn -0.0031 0.8491 0.5283
vn -0.9998 0.0166 0.0101
vn -0.0101 0.0166 -0.9998
vn 0.0101 0.0166 0.9998
vn -0.9036 0.2692 -0.3331
vn 0.9036 0.2692 0.3331
vn -0.9036 0.2692 0.3331
vn 0.3331 0.2692 0.9036
vn 0.3331 0.2692 -0.9036
vn -0.3331 0.2692 0.9036
vn 0.9036 0.2692 -0.3331
vn -0.3331 0.2692 -0.9036
vn -1.0000 0.0000 0.0004
vn 1.0000 0.0000 0.0004
vn 0.1935 -0.9811 0.0000
vn 0.3849 -0.9229 0.0000
vn 0.5582 -0.8297 0.0000
vn 0.8332 -0.5529 0.0000
vn 0.7095 -0.7046 0.0000
vn 0.9248 -0.3804 0.0000
vn 0.9988 -0.0485 0.0000
vn 0.9811 -0.1936 0.0000
usemtl Mat1
s 1
f 2767/2026/96 2787/2027/96 2275/2028/96 2270/2029/96 2336/2030/96
f 2343/2031/97 2345/2032/97 2711/2033/97 2342/2034/97
f 2338/2035/98 2715/2036/98 2230/2037/98 2339/2038/98
f 2341/2039/99 2712/2040/99 2713/2041/99 2340/2042/99
f 2352/2043/97 2354/2044/97 2692/2045/100 2351/2046/100
f 2349/2047/98 2710/2048/98 2078/2049/98 2350/2050/98
f 2356/2051/99 2365/2052/101 2699/2053/101 2700/2054/99
f 2365/2052/101 2364/2055/102 2698/2056/102 2699/2053/101
f 2364/2055/102 2366/2057/103 2697/2058/103 2698/2056/102
f 2366/2057/103 2367/2059/104 2696/2060/104 2697/2058/103
f 2367/2059/104 2368/2061/105 2695/2062/105 2696/2060/104
f 2368/2061/105 2369/2063/106 2694/2064/106 2695/2062/105
f 2369/2063/106 2370/2065/107 2693/2066/107 2694/2064/106
f 2370/2065/107 2351/2046/100 2692/2045/100 2693/2066/107
f 2376/2067/98 2188/2068/98 2371/2069/98 2374/2070/98
f 2375/2071/97 2372/2072/97 2674/2073/108 2014/2074/108
f 2022/2075/96 2013/2076/96 2385/2077/96 2384/2078/96 2383/2079/96 2382/2080/96 2381/2081/96 2380/2082/96 2377/2083/96 2378/2084/96
f 2379/2085/109 2015/2086/110 2691/2087/110 2678/2088/109
f 2015/2086/110 2016/2089/111 2690/2090/111 2691/2087/110
f 2016/2089/111 2017/2091/112 2689/2092/112 2690/2090/111
f 2017/2091/112 2018/2093/113 2688/2094/113 2689/2092/112
f 2018/2093/113 2019/2095/114 2687/2096/114 2688/2094/113
f 2019/2095/114 2020/2097/115 2675/2098/115 2687/2096/114
f 2020/2097/115 2014/2074/108 2674/2073/108 2675/2098/115
f 2376/2067/98 2389/2099/98 2386/2100/98 2188/2068/98
f 2390/2101/116 2024/2102/117 2684/2103/117 2387/2104/116
f 2022/2075/96 2378/2084/96 2391/2105/96 2392/2106/96 2393/2107/96 2394/2108/96 2395/2109/96 2396/2110/96 2397/2111/96 2021/2112/96
f 2023/2113/118 2677/2114/118 2676/2115/119 2025/2116/119
f 2025/2116/119 2676/2115/119 2681/2117/120 2026/2118/120
f 2026/2118/120 2681/2117/120 2680/2119/121 2027/2120/121
f 2027/2120/121 2680/2119/121 2679/2121/122 2028/2122/122
f 2028/2122/122 2679/2121/122 2682/2123/123 2029/2124/123
f 2029/2124/123 2682/2123/123 2683/2125/124 2030/2126/124
f 2030/2126/124 2683/2125/124 2684/2103/117 2024/2102/117
f 2403/2127/98 2161/2128/98 2398/2129/98 2401/2130/98
f 2402/2131/125 2399/2132/125 2686/2133/126 2032/2134/126
f 2040/2135/97 2031/2136/97 2412/2137/97 2411/2138/97 2410/2139/97 2409/2140/97 2408/2141/97 2407/2142/97 2404/2143/97 2405/2144/97
f 2406/2145/127 2033/2146/128 2663/2147/128 2662/2148/127
f 2033/2146/128 2034/2149/129 2670/2150/129 2663/2147/128
f 2034/2149/129 2035/2151/130 2669/2152/130 2670/2150/129
f 2035/2151/130 2036/2153/131 2668/2154/131 2669/2152/130
f 2036/2153/131 2037/2155/132 2671/2156/132 2668/2154/131
f 2037/2155/132 2038/2157/133 2685/2158/133 2671/2156/132
f 2038/2157/133 2032/2134/126 2686/2133/126 2685/2158/133
f 2403/2127/98 2416/2159/98 2413/2160/98 2161/2128/98
f 2417/2161/96 2042/2162/134 2647/2163/134 2414/2164/96
f 2040/2135/97 2405/2144/97 2418/2165/97 2419/2166/97 2420/2167/97 2421/2168/97 2422/2169/97 2423/2170/97 2424/2171/97 2039/2172/97
f 2041/2173/135 2661/2174/135 2656/2175/136 2043/2176/136
f 2043/2176/136 2656/2175/136 2655/2177/137 2044/2178/137
f 2044/2178/137 2655/2177/137 2654/2179/138 2045/2180/138
f 2045/2180/138 2654/2179/138 2653/2181/139 2046/2182/139
f 2046/2182/139 2653/2181/139 2649/2183/140 2047/2184/140
f 2047/2184/140 2649/2183/140 2648/2185/141 2048/2186/141
f 2048/2186/141 2648/2185/141 2647/2163/134 2042/2162/134
f 2430/2187/98 2154/2188/98 2425/2189/98 2428/2190/98
f 2429/2191/96 2426/2192/96 2644/2193/134 2050/2194/134
f 2058/2195/116 2049/2196/116 2439/2197/116 2438/2198/116 2437/2199/116 2436/2200/116 2435/2201/116 2434/2202/116 2431/2203/116 2432/2204/116
f 2433/2205/135 2051/2206/136 2657/2207/136 2658/2208/135
f 2051/2206/136 2052/2209/137 2651/2210/137 2657/2207/136
f 2052/2209/137 2053/2211/138 2652/2212/138 2651/2210/137
f 2053/2211/138 2054/2213/139 2650/2214/139 2652/2212/138
f 2054/2213/139 2055/2215/140 2646/2216/140 2650/2214/139
f 2055/2215/140 2056/2217/141 2645/2218/141 2646/2216/140
f 2056/2217/141 2050/2194/134 2644/2193/134 2645/2218/141
f 2430/2187/98 2443/2219/98 2440/2220/98 2154/2188/98
f 2444/2221/125 2060/2222/126 2672/2223/126 2441/2224/125
f 2058/2195/116 2432/2204/116 2445/2225/116 2446/2226/116 2447/2227/116 2448/2228/116 2449/2229/116 2450/2230/116 2451/2231/116 2057/2232/116
f 2059/2233/127 2659/2234/127 2660/2235/128 2061/2236/128
f 2061/2236/128 2660/2235/128 2665/2237/129 2062/2238/129
f 2062/2238/129 2665/2237/129 2664/2239/130 2063/2240/130
f 2063/2240/130 2664/2239/130 2666/2241/131 2064/2242/131
f 2064/2242/131 2666/2241/131 2667/2243/132 2065/2244/132
f 2065/2244/132 2667/2243/132 2673/2245/133 2066/2246/133
f 2066/2246/133 2673/2245/133 2672/2223/126 2060/2222/126
f 2075/2247/116 2330/2248/116 2471/2249/116 2472/2250/116
f 2473/2251/98 2355/2252/98 2725/2253/98
f 2454/2254/142 2474/2255/142 2521/2256/142 2523/2257/142
f 2462/2258/143 2459/2259/143 2476/2260/143 2512/2261/143
f 2729/2262/97 2332/2263/97 2331/2264/97 2074/2265/97
f 2078/2049/98 2710/2048/98 2728/2266/98 2241/2267/98
f 2458/2268/144 2456/2269/144 2479/2270/144 2477/2271/144
f 2481/2272/145 2498/2273/145 2495/2274/145 2483/2275/145
f 2522/2276/96 2519/2277/96 2486/2278/96 2529/2279/96
f 2505/2280/146 2493/2281/146 2491/2282/146 2508/2283/146
f 2485/2284/147 2482/2285/147 2111/2286/147 2488/2287/147
f 2530/2288/148 2089/2289/148 2490/2290/148 2534/2291/148
f 2494/2292/149 2528/2293/149 2531/2294/149 2109/2295/149
f 2480/2296/97 2524/2297/97 2526/2298/97 2092/2299/97
f 2516/2300/116 2514/2301/116 2499/2302/116 2094/2303/116
f 2511/2304/125 2478/2305/125 2506/2306/125 2504/2307/125
f 2081/2308/97 2480/2296/97 2092/2299/97 2507/2309/97
f 2518/2310/116 2516/2300/116 2094/2303/116 2487/2311/116
f 2513/2312/125 2511/2304/125 2504/2307/125 2500/2313/125
f 2087/2314/96 2522/2276/96 2529/2279/96 2527/2315/96
f 2463/2316/150 2461/2317/150 2082/2318/150 2515/2319/150
f 2090/2320/151 2503/2321/151 2501/2322/151 2497/2323/151
f 2475/2324/152 2469/2325/152 2520/2326/152 2086/2327/152
f 2467/2328/153 2464/2329/153 2083/2330/153 2517/2331/153
f 2093/2332/154 2091/2333/154 2510/2334/154 2110/2335/154
f 2088/2336/155 2095/2337/155 2535/2338/155 2532/2339/155
f 2468/2340/156 2466/2341/156 2084/2342/156 2085/2343/156
f 2457/2344/157 2455/2345/157 2525/2346/157 2080/2347/157
f 2551/2348/158 2553/2349/159 2533/2350/159 2112/2351/158
f 2549/2352/160 2536/2353/161 2489/2354/161 2484/2355/160
f 2552/2356/162 2537/2357/162 2568/2358/162 2556/2359/162
f 2539/2360/163 2549/2352/160 2484/2355/160 2496/2361/163
f 2547/2362/164 2540/2363/165 2107/2364/165 2502/2365/164
f 2541/2366/166 2102/2367/166 2562/2368/166 2559/2369/166
f 2555/2370/167 2103/2371/167 2557/2372/167 2577/2373/167
f 2550/2374/168 2098/2375/168 2560/2376/168 2571/2377/168
f 2542/2378/169 2544/2379/170 2509/2380/170 2492/2381/169
f 2548/2382/171 2545/2383/171 2565/2384/171 2563/2385/171
f 2097/2386/172 2100/2387/172 2574/2388/172 2566/2389/172
f 2099/2390/173 2101/2391/173 2572/2392/173 2569/2393/173
f 2543/2394/174 2554/2395/174 2578/2396/174 2575/2397/174
f 2096/2398/175 2542/2378/169 2492/2381/169 2105/2399/175
f 2546/2400/176 2547/2362/164 2502/2365/164 2108/2401/176
f 2538/2402/177 2551/2348/158 2112/2351/158 2106/2403/177
f 2567/2404/178 2576/2405/178 2580/2406/178 2594/2407/178
f 2570/2408/179 2573/2409/179 2588/2410/179 2582/2411/179
f 2117/2412/180 2579/2413/180 2584/2414/180 2581/2415/180
f 2558/2416/181 2116/2417/181 2583/2418/181 2586/2419/181
f 2561/2420/182 2564/2421/182 2592/2422/182 2590/2423/182
f 2113/2424/183 2120/2425/183 2587/2426/183 2585/2427/183
f 2118/2428/184 2115/2429/184 2591/2430/184 2589/2431/184
f 2119/2432/185 2114/2433/185 2595/2434/185 2593/2435/185
f 2121/2436/98 2602/2437/98 2126/2438/98
f 2596/2439/98 2127/2440/98 2123/2441/98
f 2610/2442/98 2602/2437/98 2121/2436/98 2124/2443/98
f 2123/2441/98 2125/2444/98 2600/2445/98 2596/2439/98
f 2596/2439/98 2610/2442/98 2104/2446/98 2127/2440/98
f 2126/2438/98 2602/2437/98 2600/2445/98 2122/2447/98
f 2124/2443/98 2104/2446/98 2610/2442/98
f 2611/2448/96 2597/2449/96 2598/2450/96 2608/2451/96
f 2122/2447/98 2600/2445/98 2125/2444/98
f 2605/2452/125 2607/2453/125 2617/2454/125 2615/2455/125
f 2603/2456/97 2131/2457/97 2609/2458/97 2606/2459/97
f 2601/2460/125 2129/2461/125 2607/2453/125 2605/2452/125
f 2133/2462/116 2128/2463/116 2604/2464/116 2599/2465/116
f 2616/2466/97 2619/2467/97 2625/2468/97 2626/2469/97
f 2138/2470/98 2139/2471/98 2640/2472/98 2642/2473/98
f 2608/2451/96 2598/2450/96 2613/2474/96 2618/2475/96
f 2617/2454/125 2607/2453/125 2633/2476/125 2641/2477/125
f 2622/2478/98 2627/2479/98 2624/2480/98 2620/2481/98
f 2612/2482/116 2614/2483/116 2623/2484/116 2621/2485/116
f 2615/2455/125 2617/2454/125 2143/2486/125 2141/2487/125
f 2618/2475/96 2613/2474/96 2140/2488/96 2142/2489/96
f 2632/2490/186 2634/2491/186 2643/2492/186 2150/2493/186
f 2628/2494/187 2630/2495/187 2638/2496/187 2636/2497/187
f 2137/2498/98 2136/2499/98 2637/2500/98 2639/2501/98
f 2130/2502/99 2134/2503/99 2635/2504/99 2146/2505/99
f 2613/2474/96 2598/2450/96 2629/2506/96 2148/2507/96
f 2605/2452/125 2615/2455/125 2149/2508/125 2631/2509/125
f 2608/2451/96 2618/2475/96 2151/2510/96 2147/2511/96
f 2135/2512/99 2132/2513/99 2145/2514/99 2144/2515/99
f 2701/2516/188 2357/2517/188 2356/2051/99 2700/2054/99
f 2702/2518/189 2358/2519/189 2357/2517/188 2701/2516/188
f 2703/2520/190 2359/2521/190 2358/2519/189 2702/2518/189
f 2704/2522/191 2361/2523/191 2360/2524/192 2706/2525/192
f 2706/2525/192 2360/2524/192 2359/2521/190 2703/2520/190
f 2705/2526/193 2362/2527/193 2361/2523/191 2704/2522/191
f 2709/2528/116 2348/2529/116 2347/2530/194 2708/2531/194
f 2708/2531/194 2347/2530/194 2363/2532/195 2707/2533/195
f 2707/2533/195 2363/2532/195 2362/2527/193 2705/2526/193
f 1995/2534/96 1994/2535/96 2225/2536/96 1998/2537/96 2005/2538/96 2004/2539/96 2003/2540/96 2002/2541/96 2001/2542/96 2000/2543/96 1999/2544/96
f 2350/2050/98 2078/2049/98 2355/2252/98 2353/2545/98
f 1998/2537/96 2225/2536/96 1996/2546/96 1997/2547/96 2012/2548/96 2011/2549/96 2010/2550/96 2009/2551/96 2008/2552/96 2007/2553/96 2006/2554/96
f 2716/2555/116 2337/2556/116 2335/2557/116 2333/2558/116
f 2340/2042/99 2713/2041/99 2334/2559/99 2267/2560/99
f 2275/2028/96 2793/2561/96 2777/2562/96 2271/2563/96 2270/2029/96
f 2339/2038/98 2230/2037/98 2346/2564/98 2344/2565/98
f 2239/2566/99 2724/2567/99 2723/2568/99 2237/2569/99
f 2721/2570/99 2239/2566/99 2237/2569/99 2722/2571/99
f 2729/2262/97 2074/2265/97 2234/2572/97 2235/2573/97
f 2075/2247/116 2472/2250/116 2238/2574/116 2236/2575/116
f 2237/2569/99 2723/2568/99 2245/2576/99
f 2238/2574/116 2472/2250/116 2242/2577/116 2732/2578/116
f 2729/2262/97 2235/2573/97 2734/2579/97 2727/2580/97
f 2734/2579/97 2235/2573/97 2741/2581/97 2739/2582/97
f 2245/2576/99 2723/2568/99 2240/2583/99
f 2731/2584/96 2244/2585/96 2735/2586/96 2738/2587/96
f 2726/2588/96 2731/2584/96 2738/2587/96 2733/2589/96
f 2243/2590/98 2248/2591/98 2740/2592/98 2747/2593/98
f 2722/2571/99 2237/2569/99 2245/2576/99
f 2238/2574/116 2744/2594/116 2749/2595/116 2751/2596/116
f 2251/2597/96 2252/2598/96 2742/2599/96 2748/2600/96
f 2722/2571/99 2240/2583/99 2256/2601/99
f 2745/2602/96 2251/2597/96 2748/2600/96 2743/2603/96
f 2254/2604/98 2250/2605/98 2759/2606/98 2750/2607/98
f 2238/2574/116 2732/2578/116 2746/2608/116 2744/2594/116
f 2722/2571/99 2245/2576/99 2240/2583/99
f 2246/2609/98 2243/2590/98 2747/2593/98 2255/2610/98
f 2722/2571/99 2256/2601/99 2263/2611/99 2736/2612/99
f 2238/2574/116 2751/2596/116 2753/2613/116 2765/2614/116
f 2258/2615/96 2755/2616/96 2758/2617/96 2760/2618/96
f 2261/2619/96 2258/2615/96 2760/2618/96 2752/2620/96
f 2741/2581/97 2235/2573/97 2757/2621/97 2756/2622/97
f 2250/2605/98 2253/2623/98 2259/2624/98 2759/2606/98
f 2240/2583/99 2723/2568/99 2256/2601/99
f 2754/2625/96 2766/2626/96 2763/2627/96 2764/2628/96
f 2766/2626/96 2761/2629/96 2737/2630/96 2763/2627/96
f 2260/2631/98 2257/2632/98 2265/2633/98 2266/2634/98
f 2757/2621/97 2235/2573/97 2262/2635/97 2762/2636/97
f 2257/2632/98 2247/2637/98 2249/2638/98 2265/2633/98
f 2256/2601/99 2723/2568/99 2264/2639/99 2263/2611/99
f 2207/2640/96 2070/2641/96 2329/2642/96 2206/2643/96
f 2730/2644/96 2208/2645/96 2224/2646/96 2847/2647/96
f 2725/2253/98 2355/2252/98 2078/2049/98 2241/2267/98
f 2728/2266/98 2710/2048/98 2067/2648/98
f 2769/2649/96 2767/2650/96 2336/2651/96 2268/2652/96
f 2779/2653/96 2791/2654/96 2279/2655/96 2269/2656/96 2272/2657/96
f 2768/2658/116 2770/2659/116 2718/2660/116 2785/2661/116
f 2777/2662/96 2779/2663/96 2272/2664/96 2271/2665/96
f 2279/2655/96 2789/2666/96 2769/2667/96 2268/2668/96 2269/2656/96
f 2717/2669/96 2719/2670/96 2771/2671/96 2786/2672/96
f 2787/2027/96 2276/2673/96 2275/2028/96
f 2276/2673/96 2793/2561/96 2275/2028/96
f 2791/2654/96 2280/2674/96 2279/2655/96
f 2280/2674/96 2789/2666/96 2279/2655/96
f 2787/2675/96 2789/2676/96 2280/2677/96 2276/2678/96
f 2276/2678/96 2280/2677/96 2791/2679/96 2793/2680/96
f 2794/2681/116 2792/2682/116 2774/2683/116 2784/2684/116
f 2783/2685/96 2773/2686/96 2775/2687/96 2781/2688/96
f 2790/2689/97 2788/2690/97 2772/2691/97 2720/2692/97
f 2273/2693/99 1991/2694/99 2233/2695/99 2283/2696/99
f 2778/2697/99 2274/2698/99 2286/2699/99 2782/2700/99
f 2780/2701/97 1993/2702/97 2281/2703/97 2776/2704/97
f 1990/2705/98 2278/2706/98 2284/2707/98 2232/2708/98
f 2277/2709/98 1992/2710/98 2282/2711/98 2285/2712/98
f 2289/2713/116 2287/2714/116 2811/2715/116 2810/2716/116
f 2227/2717/96 2288/2718/96 2804/2719/96 2803/2720/96 2229/2721/96
f 2796/2722/116 2289/2713/116 2810/2716/116 2814/2723/116
f 2798/2724/96 2228/2725/96 2229/2721/96 2803/2720/96 2800/2726/96
f 2292/2727/97 2290/2728/97 2819/2729/97 2818/2730/97
f 2290/2728/97 2291/2731/97 2809/2732/97 2819/2729/97
f 2371/2069/98 2188/2068/98 2315/2733/98 2839/2734/98
f 2388/2735/97 2799/2736/97 2801/2737/97 2837/2738/97
f 2300/2739/99 2299/2740/99 2311/2741/99 2834/2742/99
f 2442/2743/96 2813/2744/96 2831/2745/96 2827/2746/96
f 2415/2747/125 2817/2748/125 2833/2749/125 2824/2750/125
f 2808/2751/96 2400/2752/96 2815/2753/96 2806/2754/96
f 2828/2755/116 2829/2756/116 2820/2757/116 2822/2758/116
f 2814/2723/116 2178/2759/116 2796/2722/116
f 2178/2759/116 2184/2760/116 2795/2761/116 2796/2722/116
f 2811/2715/116 2287/2714/116 2427/2762/116
f 2427/2762/116 2287/2714/116 2845/2763/116 2155/2764/116
f 2804/2719/96 2288/2718/96 2373/2765/96
f 2373/2765/96 2288/2718/96 2320/2766/96 2186/2767/96
f 2800/2726/96 2187/2768/96 2798/2724/96
f 2187/2768/96 2196/2769/96 2321/2770/96 2798/2724/96
f 2809/2732/97 2291/2731/97 2173/2771/97
f 2173/2771/97 2291/2731/97 2452/2772/97 2198/2773/97
f 2818/2730/97 2160/2774/97 2292/2727/97
f 2160/2774/97 2158/2775/97 2844/2776/97 2292/2727/97
f 2826/2777/116 2832/2778/116 2828/2755/116 2822/2758/116
f 2823/2779/97 2312/2780/97 2835/2781/97 2825/2782/97
f 2835/2781/97 2807/2783/97 2816/2784/97 2825/2782/97
f 2398/2129/98 2161/2128/98 2305/2785/98 2306/2786/98
f 2298/2787/99 2296/2788/99 2308/2789/99 2310/2790/99
f 2154/2188/98 2440/2220/98 2307/2791/98 2303/2792/98
f 2296/2788/99 2812/2793/99 2830/2794/99 2308/2789/99
f 2299/2740/99 2301/2795/99 2313/2796/99 2311/2741/99
f 2425/2189/98 2154/2188/98 2303/2792/98 2821/2797/98
f 2297/2798/125 2153/2799/125 2302/2800/125 2309/2801/125
f 2161/2128/98 2413/2160/98 2304/2802/98 2305/2785/98
f 2836/2803/96 2802/2804/96 2841/2805/96 2838/2806/96
f 2841/2805/96 2842/2807/96 2840/2808/96 2838/2806/96
f 2805/2809/116 2200/2810/116 2316/2811/116 2843/2812/116
f 2294/2813/99 2293/2814/99 2317/2815/99 2318/2816/99
f 2188/2068/98 2386/2100/98 2314/2817/98 2315/2733/98
f 2293/2814/99 2295/2818/99 2319/2819/99 2317/2815/99
f 2795/2761/116 2184/2760/116 2185/2820/116 2177/2821/116 2179/2822/116 2176/2823/116 2174/2824/116 2175/2825/116 2170/2826/116 2076/2827/116 2470/2828/116
f 2186/2767/96 2320/2766/96 2071/2829/96 2079/2830/96 2190/2831/96 2205/2832/96 2204/2833/96 2203/2834/96 2202/2835/96 2201/2836/96 2199/2837/96
f 2198/2773/97 2452/2772/97 2453/2838/97 2073/2839/97 2171/2840/97 2172/2841/97 2181/2842/97 2182/2843/97 2180/2844/97 2183/2845/97 2197/2846/97
f 2321/2770/96 2196/2769/96 2195/2847/96 2194/2848/96 2192/2849/96 2193/2850/96 2191/2851/96 2189/2852/96 2190/2831/96 2079/2830/96 2068/2853/96
f 2844/2776/97 2158/2775/97 2157/2854/97 2159/2855/97 2168/2856/97 2166/2857/97 2167/2858/97 2169/2859/97 2171/2840/97 2073/2839/97 2460/2860/97
f 2322/2861/125 2323/2862/125 2069/2863/125 2077/2864/125
f 2324/2865/125 2322/2861/125 2077/2864/125 2465/2866/125
f 2155/2764/116 2845/2763/116 2072/2867/116 2076/2827/116 2170/2826/116 2163/2868/116 2165/2869/116 2162/2870/116 2164/2871/116 2156/2872/116 2152/2873/116
f 2846/2874/116 2326/2875/116 2289/2713/116 2796/2722/116
f 2226/2876/96 2325/2877/96 2288/2718/96 2227/2717/96
f 2797/2878/96 2231/2879/96 2228/2725/96 2798/2724/96
f 2327/2880/97 2328/2881/97 2291/2731/97 2290/2728/97
f 2471/2249/116 2330/2248/116 2326/2875/116 2846/2874/116
f 2206/2643/96 2329/2642/96 2325/2877/96 2226/2876/96 2211/2882/96 2210/2883/96 2209/2884/96
f 2847/2647/96 2224/2646/96 2223/2885/96 2220/2886/96 2221/2887/96 2231/2879/96 2797/2878/96
f 2331/2264/97 2332/2263/97 2328/2881/97 2327/2880/97
f 2211/2882/96 2226/2876/96 2714/2888/96 2216/2889/96 2215/2890/96 2214/2891/96 2213/2892/96 2212/2893/96
f 2231/2879/96 2221/2887/96 2222/2894/96 2219/2895/96 2218/2896/96 2217/2897/96 2216/2889/96 2714/2888/96
o Cube.002_Cube.003
v 0.092316 1.517891 2.067593
v 0.092316 1.665260 2.067593
v 0.088768 1.700902 2.067593
v 0.078437 1.735912 2.067593
v 0.064014 1.762301 2.067593
v 0.046982 1.785818 2.067593
v 0.029571 1.804300 2.067593
v 0.011233 1.820662 2.067593
v -0.092316 1.517891 2.067593
v 0.000000 1.828438 2.053611
v -0.000000 1.838266 2.067660
v -0.092316 1.665260 2.067593
v 0.000000 1.828438 2.067593
v -0.088768 1.700902 2.067593
v -0.078437 1.735912 2.067593
v -0.064014 1.762301 2.067593
v -0.046982 1.785818 2.067593
v -0.029571 1.804300 2.067593
v -0.011233 1.820662 2.067593
v 0.101681 1.507660 2.067660
v 0.014966 1.828786 2.067660
v 0.035754 1.811240 2.067660
v 0.054023 1.791849 2.067660
v 0.071837 1.767252 2.067660
v 0.087079 1.739364 2.067660
v 0.097983 1.702413 2.067660
v 0.101681 1.665255 2.067660
v -0.101681 1.507660 2.067660
v -0.014966 1.828786 2.067660
v -0.035754 1.811240 2.067660
v -0.054023 1.791849 2.067660
v -0.071837 1.767252 2.067660
v -0.087079 1.739364 2.067660
v -0.097983 1.702413 2.067660
v -0.101681 1.665255 2.067660
v -0.011233 1.820662 2.053611
v 0.092316 1.517891 2.053611
v 0.011233 1.820662 2.053611
v 0.029571 1.804300 2.053611
v 0.046982 1.785818 2.053611
v 0.064014 1.762301 2.053611
v 0.078437 1.735912 2.053611
v 0.088768 1.700902 2.053611
v 0.092316 1.665260 2.053611
v -0.092316 1.517891 2.053611
v -0.029571 1.804300 2.053611
v -0.046982 1.785818 2.053611
v -0.064014 1.762301 2.053611
v -0.078437 1.735912 2.053611
v -0.088768 1.700902 2.053611
v -0.092316 1.665260 2.053611
v -0.096366 1.515625 2.065598
v -0.096366 1.549283 2.056755
v -0.096366 1.515625 2.063109
v -0.096366 1.549283 2.054266
v 0.096366 1.515625 2.065598
v 0.096366 1.549283 2.056755
v 0.096366 1.515625 2.063109
v 0.096366 1.549283 2.054266
v -0.096366 1.550630 2.065598
v -0.096366 1.584288 2.056755
v -0.096366 1.550630 2.063109
v -0.096366 1.584288 2.054266
v 0.096366 1.550630 2.065598
v 0.096366 1.584288 2.056755
v 0.096366 1.550630 2.063109
v 0.096366 1.584288 2.054266
v -0.096366 1.585635 2.065598
v -0.096366 1.619294 2.056755
v -0.096366 1.585635 2.063109
v -0.096366 1.619294 2.054266
v 0.096366 1.585635 2.065598
v 0.096366 1.619294 2.056755
v 0.096366 1.585635 2.063109
v 0.096366 1.619294 2.054266
v -0.096366 1.620640 2.065598
v -0.096366 1.654299 2.056755
v -0.096366 1.620640 2.063109
v -0.096366 1.654299 2.054266
v 0.096366 1.620640 2.065598
v 0.096366 1.654299 2.056755
v 0.096366 1.620640 2.063109
v 0.096366 1.654299 2.054266
v -0.096366 1.655645 2.065598
v -0.096366 1.689304 2.056755
v -0.096366 1.655645 2.063109
v -0.096366 1.689304 2.054266
v 0.096366 1.655645 2.065598
v 0.096366 1.689304 2.056755
v 0.096366 1.655645 2.063109
v 0.096366 1.689304 2.054266
v -0.096366 1.690650 2.065598
v -0.087733 1.724309 2.056755
v -0.096366 1.690650 2.063109
v -0.087733 1.724309 2.054266
v 0.096366 1.690650 2.065598
v 0.087733 1.724309 2.056755
v 0.096366 1.690650 2.063109
v 0.087733 1.724309 2.054266
v -0.087733 1.725655 2.065598
v -0.071525 1.759314 2.056755
v -0.087733 1.725655 2.063109
v -0.071525 1.759314 2.054266
v 0.087733 1.725655 2.065598
v 0.071525 1.759314 2.056755
v 0.087733 1.725655 2.063109
v 0.071525 1.759314 2.054266
v -0.071525 1.760660 2.065598
v -0.045232 1.794319 2.056755
v -0.071525 1.760660 2.063109
v -0.045232 1.794319 2.054266
v 0.071525 1.760660 2.065598
v 0.045232 1.794319 2.056755
v 0.071525 1.760660 2.063109
v 0.045232 1.794319 2.054266
v -0.045232 1.795666 2.065598
v -0.010411 1.829324 2.056755
v -0.045232 1.795666 2.063109
v -0.010411 1.829324 2.054266
v 0.045232 1.795666 2.065598
v 0.010411 1.829324 2.056755
v 0.045232 1.795666 2.063109
v 0.010411 1.829324 2.054266
v -0.326434 1.517891 1.833475
v -0.326434 1.665260 1.833475
v -0.326434 1.700902 1.829927
v -0.326434 1.735912 1.819597
v -0.326434 1.762301 1.805174
v -0.326434 1.785819 1.788142
v -0.326434 1.804300 1.770730
v -0.326434 1.820663 1.752392
v -0.326434 1.517891 1.648843
v -0.312452 1.828438 1.741159
v -0.326501 1.838266 1.741159
v -0.326434 1.665260 1.648843
v -0.326434 1.828438 1.741159
v -0.326434 1.700902 1.652391
v -0.326434 1.735912 1.662722
v -0.326434 1.762301 1.677145
v -0.326434 1.785819 1.694177
v -0.326434 1.804300 1.711589
v -0.326434 1.820663 1.729927
v -0.326501 1.507660 1.842841
v -0.326501 1.828786 1.756125
v -0.326501 1.811240 1.776914
v -0.326501 1.791849 1.795182
v -0.326501 1.767252 1.812996
v -0.326501 1.739364 1.828238
v -0.326501 1.702413 1.839142
v -0.326501 1.665255 1.842841
v -0.326501 1.507660 1.639478
v -0.326501 1.828786 1.726194
v -0.326501 1.811240 1.705405
v -0.326501 1.791849 1.687136
v -0.326501 1.767252 1.669322
v -0.326501 1.739364 1.654080
v -0.326501 1.702413 1.643176
v -0.326501 1.665255 1.639478
v -0.312452 1.820663 1.729927
v -0.312452 1.517891 1.833475
v -0.312452 1.820663 1.752392
v -0.312452 1.804300 1.770730
v -0.312452 1.785819 1.788142
v -0.312452 1.762301 1.805174
v -0.312452 1.735912 1.819597
v -0.312452 1.700902 1.829927
v -0.312452 1.665260 1.833475
v -0.312452 1.517891 1.648843
v -0.312452 1.804300 1.711589
v -0.312452 1.785819 1.694177
v -0.312452 1.762301 1.677145
v -0.312452 1.735912 1.662722
v -0.312452 1.700902 1.652391
v -0.312452 1.665260 1.648843
v -0.324439 1.515625 1.644793
v -0.315596 1.549283 1.644793
v -0.321950 1.515625 1.644793
v -0.313107 1.549283 1.644793
v -0.324439 1.515625 1.837526
v -0.315596 1.549283 1.837526
v -0.321950 1.515625 1.837526
v -0.313107 1.549283 1.837526
v -0.324439 1.550630 1.644793
v -0.315596 1.584288 1.644793
v -0.321950 1.550630 1.644793
v -0.313107 1.584288 1.644793
v -0.324439 1.550630 1.837526
v -0.315596 1.584288 1.837526
v -0.321950 1.550630 1.837526
v -0.313107 1.584288 1.837526
v -0.324439 1.585635 1.644793
v -0.315596 1.619294 1.644793
v -0.321950 1.585635 1.644793
v -0.313107 1.619294 1.644793
v -0.324439 1.585635 1.837526
v -0.315596 1.619294 1.837526
v -0.321950 1.585635 1.837526
v -0.313107 1.619294 1.837526
v -0.324439 1.620640 1.644793
v -0.315596 1.654299 1.644793
v -0.321950 1.620640 1.644793
v -0.313107 1.654299 1.644793
v -0.324439 1.620640 1.837526
v -0.315596 1.654299 1.837526
v -0.321950 1.620640 1.837526
v -0.313107 1.654299 1.837526
v -0.324439 1.655645 1.644793
v -0.315596 1.689304 1.644793
v -0.321950 1.655645 1.644793
v -0.313107 1.689304 1.644793
v -0.324439 1.655645 1.837526
v -0.315596 1.689304 1.837526
v -0.321950 1.655645 1.837526
v -0.313107 1.689304 1.837526
v -0.324439 1.690650 1.644793
v -0.315596 1.724309 1.653426
v -0.321950 1.690650 1.644793
v -0.313107 1.724309 1.653426
v -0.324439 1.690650 1.837526
v -0.315596 1.724309 1.828892
v -0.321950 1.690650 1.837526
v -0.313107 1.724309 1.828892
v -0.324439 1.725655 1.653426
v -0.315596 1.759314 1.669634
v -0.321950 1.725655 1.653426
v -0.313107 1.759314 1.669634
v -0.324439 1.725655 1.828892
v -0.315596 1.759314 1.812684
v -0.321950 1.725655 1.828892
v -0.313107 1.759314 1.812684
v -0.324439 1.760660 1.669634
v -0.315596 1.794319 1.695927
v -0.321950 1.760660 1.669634
v -0.313107 1.794319 1.695927
v -0.324439 1.760660 1.812684
v -0.315596 1.794319 1.786392
v -0.321950 1.760660 1.812684
v -0.313107 1.794319 1.786392
v -0.324439 1.795666 1.695927
v -0.315596 1.829324 1.730748
v -0.321950 1.795666 1.695927
v -0.313107 1.829324 1.730748
v -0.324439 1.795666 1.786392
v -0.315596 1.829324 1.751571
v -0.321950 1.795666 1.786392
v -0.313107 1.829324 1.751571
v 0.326434 1.517891 1.648843
v 0.326434 1.665260 1.648843
v 0.326434 1.700903 1.652391
v 0.326434 1.735912 1.662722
v 0.326434 1.762301 1.677145
v 0.326434 1.785819 1.694177
v 0.326434 1.804300 1.711589
v 0.326434 1.820663 1.729927
v 0.326434 1.517891 1.833475
v 0.312451 1.828438 1.741159
v 0.326500 1.838266 1.741159
v 0.326434 1.665260 1.833475
v 0.326434 1.828438 1.741159
v 0.326434 1.700903 1.829927
v 0.326434 1.735912 1.819597
v 0.326434 1.762301 1.805174
v 0.326434 1.785819 1.788142
v 0.326434 1.804300 1.770730
v 0.326434 1.820663 1.752392
v 0.326500 1.507661 1.639478
v 0.326500 1.828787 1.726194
v 0.326500 1.811240 1.705405
v 0.326500 1.791849 1.687136
v 0.326500 1.767252 1.669322
v 0.326500 1.739364 1.654080
v 0.326500 1.702413 1.643176
v 0.326500 1.665255 1.639478
v 0.326500 1.507661 1.842841
v 0.326500 1.828787 1.756125
v 0.326500 1.811240 1.776914
v 0.326500 1.791849 1.795182
v 0.326500 1.767252 1.812996
v 0.326500 1.739364 1.828238
v 0.326500 1.702413 1.839142
v 0.326500 1.665255 1.842841
v 0.312451 1.820663 1.752392
v 0.312451 1.517891 1.648843
v 0.312451 1.820663 1.729927
v 0.312451 1.804300 1.711589
v 0.312451 1.785819 1.694177
v 0.312451 1.762301 1.677145
v 0.312451 1.735912 1.662722
v 0.312451 1.700903 1.652391
v 0.312451 1.665260 1.648843
v 0.312451 1.517891 1.833475
v 0.312451 1.804300 1.770730
v 0.312451 1.785819 1.788142
v 0.312451 1.762301 1.805174
v 0.312451 1.735912 1.819597
v 0.312451 1.700903 1.829927
v 0.312451 1.665260 1.833475
v 0.324439 1.515625 1.837526
v 0.315596 1.549284 1.837526
v 0.321950 1.515625 1.837526
v 0.313107 1.549284 1.837526
v 0.324439 1.515625 1.644793
v 0.315596 1.549284 1.644793
v 0.321950 1.515625 1.644793
v 0.313107 1.549284 1.644793
v 0.324439 1.550630 1.837526
v 0.315596 1.584289 1.837526
v 0.321950 1.550630 1.837526
v 0.313107 1.584289 1.837526
v 0.324439 1.550630 1.644793
v 0.315596 1.584289 1.644793
v 0.321950 1.550630 1.644793
v 0.313107 1.584289 1.644793
v 0.324439 1.585635 1.837526
v 0.315596 1.619294 1.837526
v 0.321950 1.585635 1.837526
v 0.313107 1.619294 1.837526
v 0.324439 1.585635 1.644793
v 0.315596 1.619294 1.644793
v 0.321950 1.585635 1.644793
v 0.313107 1.619294 1.644793
v 0.324439 1.620640 1.837526
v 0.315596 1.654299 1.837526
v 0.321950 1.620640 1.837526
v 0.313107 1.654299 1.837526
v 0.324439 1.620640 1.644793
v 0.315596 1.654299 1.644793
v 0.321950 1.620640 1.644793
v 0.313107 1.654299 1.644793
v 0.324439 1.655645 1.837526
v 0.315596 1.689304 1.837526
v 0.321950 1.655645 1.837526
v 0.313107 1.689304 1.837526
v 0.324439 1.655645 1.644793
v 0.315596 1.689304 1.644793
v 0.321950 1.655645 1.644793
v 0.313107 1.689304 1.644793
v 0.324439 1.690650 1.837526
v 0.315596 1.724309 1.828892
v 0.321950 1.690650 1.837526
v 0.313107 1.724309 1.828892
v 0.324439 1.690650 1.644793
v 0.315596 1.724309 1.653426
v 0.321950 1.690650 1.644793
v 0.313107 1.724309 1.653426
v 0.324439 1.725656 1.828892
v 0.315596 1.759314 1.812684
v 0.321950 1.725656 1.828892
v 0.313107 1.759314 1.812684
v 0.324439 1.725656 1.653426
v 0.315596 1.759314 1.669634
v 0.321950 1.725656 1.653426
v 0.313107 1.759314 1.669634
v 0.324439 1.760661 1.812684
v 0.315596 1.794320 1.786392
v 0.321950 1.760661 1.812684
v 0.313107 1.794320 1.786392
v 0.324439 1.760661 1.669634
v 0.315596 1.794320 1.695927
v 0.321950 1.760661 1.669634
v 0.313107 1.794320 1.695927
v 0.324439 1.795666 1.786392
v 0.315596 1.829324 1.751571
v 0.321950 1.795666 1.786392
v 0.313107 1.829324 1.751571
v 0.324439 1.795666 1.695927
v 0.315596 1.829324 1.730748
v 0.321950 1.795666 1.695927
v 0.313107 1.829324 1.730748
vt 0.027466 0.027084
vt 0.027466 0.014906
vt 0.034093 0.016947
vt 0.034093 0.028756
vt 0.041127 0.015149
vt 0.041127 0.104364
vt 0.036183 0.108889
vt 0.036183 0.010623
vt 0.027466 0.008311
vt 0.023626 0.012667
vt 0.023626 0.004382
vt 0.018172 0.014084
vt 0.018172 0.008232
vt 0.021736 0.004637
vt 0.021736 0.011982
vt 0.023626 0.025834
vt 0.027466 0.039562
vt 0.023626 0.038680
vt 0.027466 0.053797
vt 0.023626 0.053237
vt 0.027466 0.068634
vt 0.023626 0.068456
vt 0.027466 0.086773
vt 0.023626 0.087123
vt 0.027466 0.104176
vt 0.023626 0.104949
vt 0.027466 0.173500
vt 0.023626 0.178950
vt 0.018172 0.025018
vt 0.021736 0.023785
vt 0.018172 0.036474
vt 0.021736 0.035560
vt 0.018172 0.049838
vt 0.021736 0.049222
vt 0.018172 0.064209
vt 0.021736 0.063948
vt 0.018172 0.082372
vt 0.021736 0.082644
vt 0.018172 0.100349
vt 0.021736 0.101073
vt 0.018172 0.173130
vt 0.021736 0.178783
vt 0.006270 0.172223
vt 0.006270 0.099606
vt 0.034093 0.040883
vt 0.006270 0.026592
vt 0.006270 0.015944
vt 0.034093 0.054688
vt 0.006270 0.037736
vt 0.034093 0.068999
vt 0.006270 0.050707
vt 0.034093 0.086480
vt 0.006270 0.064546
vt 0.034093 0.103411
vt 0.006270 0.082066
vt 0.006270 0.010204
vt 0.034093 0.172554
vt 0.034093 0.010402
vt 0.047883 0.015149
vt 0.047883 0.104364
vt 0.111689 0.110175
vt 0.128311 0.110175
vt 0.128311 0.202231
vt 0.111689 0.202231
vt 0.110082 0.202238
vt 0.093460 0.202238
vt 0.093460 0.110181
vt 0.110082 0.110181
vt 0.091853 0.202244
vt 0.091853 0.110188
vt 0.111689 0.007687
vt 0.128311 0.007687
vt 0.128311 0.099743
vt 0.111689 0.099743
vt 0.110082 0.099750
vt 0.093460 0.099750
vt 0.093460 0.007693
vt 0.110082 0.007693
vt 0.091853 0.099756
vt 0.091853 0.007700
vt 0.075102 0.110175
vt 0.091724 0.110175
vt 0.091724 0.202231
vt 0.075102 0.202231
vt 0.073495 0.202238
vt 0.056873 0.202238
vt 0.056873 0.110181
vt 0.073495 0.110181
vt 0.055266 0.202244
vt 0.055266 0.110188
vt 0.075102 0.007687
vt 0.091724 0.007687
vt 0.091724 0.099743
vt 0.075102 0.099743
vt 0.073495 0.099750
vt 0.056873 0.099750
vt 0.056873 0.007693
vt 0.073495 0.007693
vt 0.055266 0.099756
vt 0.055266 0.007700
vt 0.148276 0.007687
vt 0.164898 0.007687
vt 0.164898 0.099743
vt 0.148276 0.099743
vt 0.146669 0.099750
vt 0.130047 0.099750
vt 0.130047 0.007693
vt 0.146669 0.007693
vt 0.128440 0.099756
vt 0.128440 0.007700
vt 0.148169 0.110175
vt 0.164823 0.114306
vt 0.164823 0.198274
vt 0.148169 0.202405
vt 0.146560 0.202411
vt 0.129906 0.198280
vt 0.129906 0.114313
vt 0.146560 0.110181
vt 0.128440 0.198284
vt 0.128440 0.114317
vt 0.123012 0.246342
vt 0.130810 0.229598
vt 0.199639 0.229598
vt 0.207437 0.246342
vt 0.207441 0.247816
vt 0.199643 0.264561
vt 0.130814 0.264561
vt 0.123016 0.247816
vt 0.199643 0.265762
vt 0.130815 0.265762
vt 0.119653 0.247352
vt 0.106949 0.264167
vt 0.063239 0.264167
vt 0.050535 0.247352
vt 0.050535 0.246146
vt 0.063239 0.229331
vt 0.106949 0.229331
vt 0.119653 0.246146
vt 0.063239 0.228128
vt 0.106949 0.228128
vt 0.005030 0.244855
vt 0.021851 0.228035
vt 0.031913 0.228032
vt 0.048743 0.244843
vt 0.048744 0.246046
vt 0.031923 0.262867
vt 0.021861 0.262869
vt 0.005031 0.246058
vt 0.031923 0.264069
vt 0.021861 0.264072
vt 0.027466 0.027084
vt 0.027466 0.014906
vt 0.034093 0.016947
vt 0.034093 0.028756
vt 0.041127 0.015149
vt 0.041127 0.104364
vt 0.036183 0.108889
vt 0.036183 0.010623
vt 0.027466 0.008311
vt 0.023626 0.012667
vt 0.023626 0.004382
vt 0.018172 0.014084
vt 0.018172 0.008232
vt 0.021736 0.004637
vt 0.021736 0.011982
vt 0.023626 0.025834
vt 0.027466 0.039562
vt 0.023626 0.038680
vt 0.027466 0.053797
vt 0.023626 0.053237
vt 0.027466 0.068634
vt 0.023626 0.068456
vt 0.027466 0.086773
vt 0.023626 0.087123
vt 0.027466 0.104176
vt 0.023626 0.104949
vt 0.027466 0.173500
vt 0.023626 0.178950
vt 0.018172 0.025018
vt 0.021736 0.023785
vt 0.018172 0.036474
vt 0.021736 0.035560
vt 0.018172 0.049838
vt 0.021736 0.049222
vt 0.018172 0.064209
vt 0.021736 0.063948
vt 0.018172 0.082372
vt 0.021736 0.082644
vt 0.018172 0.100349
vt 0.021736 0.101073
vt 0.018172 0.173130
vt 0.021736 0.178783
vt 0.006270 0.172223
vt 0.006270 0.099606
vt 0.034093 0.040883
vt 0.006270 0.026592
vt 0.006270 0.015944
vt 0.034093 0.054688
vt 0.006270 0.037736
vt 0.034093 0.068999
vt 0.006270 0.050707
vt 0.034093 0.086480
vt 0.006270 0.064546
vt 0.034093 0.103411
vt 0.006270 0.082066
vt 0.006270 0.010204
vt 0.034093 0.172554
vt 0.034093 0.010402
vt 0.047883 0.015149
vt 0.047883 0.104364
vt 0.111689 0.110175
vt 0.128311 0.110175
vt 0.128311 0.202231
vt 0.111689 0.202231
vt 0.110082 0.202238
vt 0.093460 0.202238
vt 0.093460 0.110181
vt 0.110082 0.110181
vt 0.091853 0.202244
vt 0.091853 0.110188
vt 0.111689 0.007687
vt 0.128311 0.007687
vt 0.128311 0.099743
vt 0.111689 0.099743
vt 0.110082 0.099750
vt 0.093460 0.099750
vt 0.093460 0.007693
vt 0.110082 0.007693
vt 0.091853 0.099756
vt 0.091853 0.007700
vt 0.075102 0.110175
vt 0.091724 0.110175
vt 0.091724 0.202231
vt 0.075102 0.202231
vt 0.073495 0.202238
vt 0.056873 0.202238
vt 0.056873 0.110181
vt 0.073495 0.110181
vt 0.055266 0.202244
vt 0.055266 0.110188
vt 0.075102 0.007687
vt 0.091724 0.007687
vt 0.091724 0.099743
vt 0.075102 0.099743
vt 0.073495 0.099750
vt 0.056873 0.099750
vt 0.056873 0.007693
vt 0.073495 0.007693
vt 0.055266 0.099756
vt 0.055266 0.007700
vt 0.148276 0.007687
vt 0.164898 0.007687
vt 0.164898 0.099743
vt 0.148276 0.099743
vt 0.146669 0.099750
vt 0.130047 0.099750
vt 0.130047 0.007693
vt 0.146669 0.007693
vt 0.128440 0.099756
vt 0.128440 0.007700
vt 0.148169 0.110175
vt 0.164823 0.114306
vt 0.164823 0.198274
vt 0.148169 0.202405
vt 0.146560 0.202411
vt 0.129906 0.198280
vt 0.129906 0.114313
vt 0.146560 0.110181
vt 0.128440 0.198284
vt 0.128440 0.114317
vt 0.123012 0.246342
vt 0.130810 0.229598
vt 0.199639 0.229598
vt 0.207437 0.246342
vt 0.207441 0.247816
vt 0.199643 0.264561
vt 0.130814 0.264561
vt 0.123016 0.247816
vt 0.199643 0.265762
vt 0.130815 0.265762
vt 0.119653 0.247352
vt 0.106949 0.264167
vt 0.063239 0.264167
vt 0.050535 0.247352
vt 0.050535 0.246146
vt 0.063239 0.229331
vt 0.106949 0.229331
vt 0.119653 0.246146
vt 0.063239 0.228128
vt 0.106949 0.228128
vt 0.005030 0.244855
vt 0.021851 0.228035
vt 0.031913 0.228032
vt 0.048743 0.244843
vt 0.048744 0.246046
vt 0.031923 0.262867
vt 0.021861 0.262869
vt 0.005031 0.246058
vt 0.031923 0.264069
vt 0.021861 0.264072
vt 0.027466 0.027084
vt 0.027466 0.014906
vt 0.034093 0.016947
vt 0.034093 0.028756
vt 0.041127 0.015149
vt 0.041127 0.104364
vt 0.036183 0.108889
vt 0.036183 0.010623
vt 0.027466 0.008311
vt 0.023626 0.012667
vt 0.023626 0.004382
vt 0.018172 0.014084
vt 0.018172 0.008232
vt 0.021736 0.004637
vt 0.021736 0.011982
vt 0.023626 0.025834
vt 0.027466 0.039562
vt 0.023626 0.038680
vt 0.027466 0.053797
vt 0.023626 0.053237
vt 0.027466 0.068634
vt 0.023626 0.068456
vt 0.027466 0.086773
vt 0.023626 0.087123
vt 0.027466 0.104176
vt 0.023626 0.104949
vt 0.027466 0.173500
vt 0.023626 0.178950
vt 0.018172 0.025018
vt 0.021736 0.023785
vt 0.018172 0.036474
vt 0.021736 0.035560
vt 0.018172 0.049838
vt 0.021736 0.049222
vt 0.018172 0.064209
vt 0.021736 0.063948
vt 0.018172 0.082372
vt 0.021736 0.082644
vt 0.018172 0.100349
vt 0.021736 0.101073
vt 0.018172 0.173130
vt 0.021736 0.178783
vt 0.006270 0.172223
vt 0.006270 0.099606
vt 0.034093 0.040883
vt 0.006270 0.026592
vt 0.006270 0.015944
vt 0.034093 0.054688
vt 0.006270 0.037736
vt 0.034093 0.068999
vt 0.006270 0.050707
vt 0.034093 0.086480
vt 0.006270 0.064546
vt 0.034093 0.103411
vt 0.006270 0.082066
vt 0.006270 0.010204
vt 0.034093 0.172554
vt 0.034093 0.010402
vt 0.047883 0.015149
vt 0.047883 0.104364
vt 0.111689 0.110175
vt 0.128311 0.110175
vt 0.128311 0.202231
vt 0.111689 0.202231
vt 0.110082 0.202238
vt 0.093460 0.202238
vt 0.093460 0.110181
vt 0.110082 0.110181
vt 0.091853 0.202244
vt 0.091853 0.110188
vt 0.111689 0.007687
vt 0.128311 0.007687
vt 0.128311 0.099743
vt 0.111689 0.099743
vt 0.110082 0.099750
vt 0.093460 0.099750
vt 0.093460 0.007693
vt 0.110082 0.007693
vt 0.091853 0.099756
vt 0.091853 0.007700
vt 0.075102 0.110175
vt 0.091724 0.110175
vt 0.091724 0.202231
vt 0.075102 0.202231
vt 0.073495 0.202238
vt 0.056873 0.202238
vt 0.056873 0.110181
vt 0.073495 0.110181
vt 0.055266 0.202244
vt 0.055266 0.110188
vt 0.075102 0.007687
vt 0.091724 0.007687
vt 0.091724 0.099743
vt 0.075102 0.099743
vt 0.073495 0.099750
vt 0.056873 0.099750
vt 0.056873 0.007693
vt 0.073495 0.007693
vt 0.055266 0.099756
vt 0.055266 0.007700
vt 0.148276 0.007687
vt 0.164898 0.007687
vt 0.164898 0.099743
vt 0.148276 0.099743
vt 0.146669 0.099750
vt 0.130047 0.099750
vt 0.130047 0.007693
vt 0.146669 0.007693
vt 0.128440 0.099756
vt 0.128440 0.007700
vt 0.148169 0.110175
vt 0.164823 0.114306
vt 0.164823 0.198274
vt 0.148169 0.202405
vt 0.146560 0.202411
vt 0.129906 0.198280
vt 0.129906 0.114313
vt 0.146560 0.110181
vt 0.128440 0.198284
vt 0.128440 0.114317
vt 0.123012 0.246342
vt 0.130810 0.229598
vt 0.199639 0.229598
vt 0.207437 0.246342
vt 0.207441 0.247816
vt 0.199643 0.264561
vt 0.130814 0.264561
vt 0.123016 0.247816
vt 0.199643 0.265762
vt 0.130815 0.265762
vt 0.119653 0.247352
vt 0.106949 0.264167
vt 0.063239 0.264167
vt 0.050535 0.247352
vt 0.050535 0.246146
vt 0.063239 0.229331
vt 0.106949 0.229331
vt 0.119653 0.246146
vt 0.063239 0.228128
vt 0.106949 0.228128
vt 0.005030 0.244855
vt 0.021851 0.228035
vt 0.031913 0.228032
vt 0.048743 0.244843
vt 0.048744 0.246046
vt 0.031923 0.262867
vt 0.021861 0.262869
vt 0.005031 0.246058
vt 0.031923 0.264069
vt 0.021861 0.264072
vn -0.6658 -0.7462 0.0000
vn 0.0000 0.0065 1.0000
vn -0.0043 -0.0065 1.0000
vn 0.0043 -0.0065 1.0000
vn -0.0049 -0.0056 1.0000
vn -0.0052 -0.0049 1.0000
vn -0.0058 -0.0042 1.0000
vn -0.0063 -0.0034 1.0000
vn -0.0069 -0.0020 1.0000
vn -0.0071 -0.0007 1.0000
vn -0.0071 0.0000 1.0000
vn 0.0049 -0.0056 1.0000
vn 0.0052 -0.0049 1.0000
vn 0.0058 -0.0042 1.0000
vn 0.0063 -0.0034 1.0000
vn 0.0069 -0.0020 1.0000
vn 0.0071 -0.0007 1.0000
vn 0.0071 0.0000 1.0000
vn 1.0000 0.0000 0.0000
vn -0.7279 -0.6857 0.0000
vn 0.6658 -0.7462 0.0000
vn -0.8099 -0.5866 0.0000
vn 0.7279 -0.6857 0.0000
vn -0.8775 -0.4796 0.0000
vn 0.8099 -0.5866 0.0000
vn -0.9591 -0.2830 0.0000
vn 0.8775 -0.4796 0.0000
vn -0.9951 -0.0990 0.0000
vn 0.9591 -0.2830 0.0000
vn 0.5691 -0.8222 0.0000
vn -1.0000 0.0000 0.0000
vn -0.5691 -0.8222 0.0000
vn 0.9951 -0.0990 0.0000
vn 0.0000 1.0000 0.0000
vn 0.0000 -0.2541 -0.9672
vn 0.0000 0.2541 0.9672
vn 0.0000 -1.0000 0.0000
vn 0.0000 -0.7462 -0.6658
vn -1.0000 0.0065 0.0000
vn -1.0000 -0.0065 -0.0043
vn -1.0000 -0.0065 0.0043
vn -1.0000 -0.0056 -0.0049
vn -1.0000 -0.0049 -0.0052
vn -1.0000 -0.0042 -0.0058
vn -1.0000 -0.0034 -0.0063
vn -1.0000 -0.0020 -0.0069
vn -1.0000 -0.0007 -0.0071
vn -1.0000 0.0000 -0.0071
vn -1.0000 -0.0056 0.0049
vn -1.0000 -0.0049 0.0052
vn -1.0000 -0.0042 0.0058
vn -1.0000 -0.0034 0.0063
vn -1.0000 -0.0020 0.0069
vn -1.0000 -0.0007 0.0071
vn -1.0000 0.0000 0.0071
vn 0.0000 0.0000 1.0000
vn 0.0000 -0.6857 -0.7279
vn 0.0000 -0.7462 0.6658
vn 0.0000 -0.5866 -0.8099
vn 0.0000 -0.6857 0.7279
vn 0.0000 -0.4796 -0.8775
vn 0.0000 -0.5866 0.8099
vn 0.0000 -0.2830 -0.9591
vn 0.0000 -0.4796 0.8775
vn 0.0000 -0.0990 -0.9951
vn 0.0000 -0.2830 0.9591
vn 0.0000 -0.8222 0.5691
vn 0.0000 0.0000 -1.0000
vn 0.0000 -0.8222 -0.5691
vn 0.0000 -0.0990 0.9951
vn 0.9672 -0.2541 0.0000
vn -0.9672 0.2541 0.0000
vn 1.0000 0.0065 0.0000
vn 1.0000 -0.0065 0.0043
vn 1.0000 -0.0065 -0.0043
vn 1.0000 -0.0056 0.0049
vn 1.0000 -0.0049 0.0052
vn 1.0000 -0.0042 0.0058
vn 1.0000 -0.0034 0.0063
vn 1.0000 -0.0020 0.0069
vn 1.0000 -0.0007 0.0071
vn 1.0000 0.0000 0.0071
vn 1.0000 -0.0056 -0.0049
vn 1.0000 -0.0049 -0.0052
vn 1.0000 -0.0042 -0.0058
vn 1.0000 -0.0034 -0.0063
vn 1.0000 -0.0020 -0.0069
vn 1.0000 -0.0007 -0.0071
vn 1.0000 0.0000 -0.0071
vn -0.9672 -0.2541 -0.0000
vn 0.9672 0.2541 0.0000
usemtl Mat1
s off
f 2854/2898/196 2855/2899/196 2885/2900/196 2886/2901/196
f 2848/2902/197 2856/2903/197 2875/2904/197 2867/2905/197
f 2860/2906/198 2855/2899/198 2868/2907/198 2858/2908/198
f 2866/2909/199 2860/2910/199 2858/2911/199 2876/2912/199
f 2855/2899/200 2854/2898/200 2869/2913/200 2868/2907/200
f 2854/2898/201 2853/2914/201 2870/2915/201 2869/2913/201
f 2853/2914/202 2852/2916/202 2871/2917/202 2870/2915/202
f 2852/2916/203 2851/2918/203 2872/2919/203 2871/2917/203
f 2851/2918/204 2850/2920/204 2873/2921/204 2872/2919/204
f 2850/2920/205 2849/2922/205 2874/2923/205 2873/2921/205
f 2849/2922/206 2848/2924/206 2867/2925/206 2874/2923/206
f 2865/2926/207 2866/2909/207 2876/2912/207 2877/2927/207
f 2864/2928/208 2865/2926/208 2877/2927/208 2878/2929/208
f 2863/2930/209 2864/2928/209 2878/2929/209 2879/2931/209
f 2862/2932/210 2863/2930/210 2879/2931/210 2880/2933/210
f 2861/2934/211 2862/2932/211 2880/2933/211 2881/2935/211
f 2859/2936/212 2861/2934/212 2881/2935/212 2882/2937/212
f 2856/2938/213 2859/2936/213 2882/2937/213 2875/2939/213
f 2859/2936/214 2856/2938/214 2892/2940/214 2898/2941/214
f 2853/2914/215 2854/2898/215 2886/2901/215 2887/2942/215
f 2866/2909/216 2865/2926/216 2893/2943/216 2883/2944/216
f 2852/2916/217 2853/2914/217 2887/2942/217 2888/2945/217
f 2865/2926/218 2864/2928/218 2894/2946/218 2893/2943/218
f 2851/2918/219 2852/2916/219 2888/2945/219 2889/2947/219
f 2864/2928/220 2863/2930/220 2895/2948/220 2894/2946/220
f 2850/2920/221 2851/2918/221 2889/2947/221 2890/2949/221
f 2863/2930/222 2862/2932/222 2896/2950/222 2895/2948/222
f 2849/2922/223 2850/2920/223 2890/2949/223 2891/2951/223
f 2862/2932/224 2861/2934/224 2897/2952/224 2896/2950/224
f 2860/2910/225 2866/2909/225 2883/2944/225 2857/2953/225
f 2848/2924/226 2849/2922/226 2891/2951/226 2884/2954/226
f 2855/2899/227 2860/2906/227 2857/2955/227 2885/2900/227
f 2861/2934/228 2859/2936/228 2898/2941/228 2897/2952/228
f 2848/2902/229 2884/2956/229 2892/2957/229 2856/2903/229
f 2901/2958/230 2902/2959/230 2906/2960/230 2905/2961/230
f 2903/2962/231 2904/2963/231 2900/2964/231 2899/2965/231
f 2901/2958/232 2905/2961/232 2903/2962/232 2899/2965/232
f 2906/2966/229 2902/2967/229 2900/2964/229 2904/2963/229
f 2909/2968/230 2910/2969/230 2914/2970/230 2913/2971/230
f 2911/2972/231 2912/2973/231 2908/2974/231 2907/2975/231
f 2909/2968/232 2913/2971/232 2911/2972/232 2907/2975/232
f 2914/2976/229 2910/2977/229 2908/2974/229 2912/2973/229
f 2917/2978/230 2918/2979/230 2922/2980/230 2921/2981/230
f 2919/2982/231 2920/2983/231 2916/2984/231 2915/2985/231
f 2917/2978/232 2921/2981/232 2919/2982/232 2915/2985/232
f 2922/2986/229 2918/2987/229 2916/2984/229 2920/2983/229
f 2925/2988/230 2926/2989/230 2930/2990/230 2929/2991/230
f 2927/2992/231 2928/2993/231 2924/2994/231 2923/2995/231
f 2925/2988/232 2929/2991/232 2927/2992/232 2923/2995/232
f 2930/2996/229 2926/2997/229 2924/2994/229 2928/2993/229
f 2933/2998/230 2934/2999/230 2938/3000/230 2937/3001/230
f 2935/3002/231 2936/3003/231 2932/3004/231 2931/3005/231
f 2933/2998/232 2937/3001/232 2935/3002/232 2931/3005/232
f 2938/3006/229 2934/3007/229 2932/3004/229 2936/3003/229
f 2941/3008/230 2942/3009/230 2946/3010/230 2945/3011/230
f 2943/3012/231 2944/3013/231 2940/3014/231 2939/3015/231
f 2941/3008/232 2945/3011/232 2943/3012/232 2939/3015/232
f 2946/3016/229 2942/3017/229 2940/3014/229 2944/3013/229
f 2949/3018/230 2950/3019/230 2954/3020/230 2953/3021/230
f 2951/3022/231 2952/3023/231 2948/3024/231 2947/3025/231
f 2949/3018/232 2953/3021/232 2951/3022/232 2947/3025/232
f 2954/3026/229 2950/3027/229 2948/3024/229 2952/3023/229
f 2957/3028/230 2958/3029/230 2962/3030/230 2961/3031/230
f 2959/3032/231 2960/3033/231 2956/3034/231 2955/3035/231
f 2957/3028/232 2961/3031/232 2959/3032/232 2955/3035/232
f 2962/3036/229 2958/3037/229 2956/3034/229 2960/3033/229
f 2965/3038/230 2966/3039/230 2970/3040/230 2969/3041/230
f 2967/3042/231 2968/3043/231 2964/3044/231 2963/3045/231
f 2965/3038/232 2969/3041/232 2967/3042/232 2963/3045/232
f 2970/3046/229 2966/3047/229 2964/3044/229 2968/3043/229
f 2977/3048/233 2978/3049/233 3008/3050/233 3009/3051/233
f 2971/3052/234 2979/3053/234 2998/3054/234 2990/3055/234
f 2983/3056/235 2978/3049/235 2991/3057/235 2981/3058/235
f 2989/3059/236 2983/3060/236 2981/3061/236 2999/3062/236
f 2978/3049/237 2977/3048/237 2992/3063/237 2991/3057/237
f 2977/3048/238 2976/3064/238 2993/3065/238 2992/3063/238
f 2976/3064/239 2975/3066/239 2994/3067/239 2993/3065/239
f 2975/3066/240 2974/3068/240 2995/3069/240 2994/3067/240
f 2974/3068/241 2973/3070/241 2996/3071/241 2995/3069/241
f 2973/3070/242 2972/3072/242 2997/3073/242 2996/3071/242
f 2972/3072/243 2971/3074/243 2990/3075/243 2997/3073/243
f 2988/3076/244 2989/3059/244 2999/3062/244 3000/3077/244
f 2987/3078/245 2988/3076/245 3000/3077/245 3001/3079/245
f 2986/3080/246 2987/3078/246 3001/3079/246 3002/3081/246
f 2985/3082/247 2986/3080/247 3002/3081/247 3003/3083/247
f 2984/3084/248 2985/3082/248 3003/3083/248 3004/3085/248
f 2982/3086/249 2984/3084/249 3004/3085/249 3005/3087/249
f 2979/3088/250 2982/3086/250 3005/3087/250 2998/3089/250
f 2982/3086/251 2979/3088/251 3015/3090/251 3021/3091/251
f 2976/3064/252 2977/3048/252 3009/3051/252 3010/3092/252
f 2989/3059/253 2988/3076/253 3016/3093/253 3006/3094/253
f 2975/3066/254 2976/3064/254 3010/3092/254 3011/3095/254
f 2988/3076/255 2987/3078/255 3017/3096/255 3016/3093/255
f 2974/3068/256 2975/3066/256 3011/3095/256 3012/3097/256
f 2987/3078/257 2986/3080/257 3018/3098/257 3017/3096/257
f 2973/3070/258 2974/3068/258 3012/3097/258 3013/3099/258
f 2986/3080/259 2985/3082/259 3019/3100/259 3018/3098/259
f 2972/3072/260 2973/3070/260 3013/3099/260 3014/3101/260
f 2985/3082/261 2984/3084/261 3020/3102/261 3019/3100/261
f 2983/3060/262 2989/3059/262 3006/3094/262 2980/3103/262
f 2971/3074/263 2972/3072/263 3014/3101/263 3007/3104/263
f 2978/3049/264 2983/3056/264 2980/3105/264 3008/3050/264
f 2984/3084/265 2982/3086/265 3021/3091/265 3020/3102/265
f 2971/3052/229 3007/3106/229 3015/3107/229 2979/3053/229
f 3024/3108/266 3025/3109/266 3029/3110/266 3028/3111/266
f 3026/3112/267 3027/3113/267 3023/3114/267 3022/3115/267
f 3024/3108/232 3028/3111/232 3026/3112/232 3022/3115/232
f 3029/3116/229 3025/3117/229 3023/3114/229 3027/3113/229
f 3032/3118/266 3033/3119/266 3037/3120/266 3036/3121/266
f 3034/3122/267 3035/3123/267 3031/3124/267 3030/3125/267
f 3032/3118/232 3036/3121/232 3034/3122/232 3030/3125/232
f 3037/3126/229 3033/3127/229 3031/3124/229 3035/3123/229
f 3040/3128/266 3041/3129/266 3045/3130/266 3044/3131/266
f 3042/3132/267 3043/3133/267 3039/3134/267 3038/3135/267
f 3040/3128/232 3044/3131/232 3042/3132/232 3038/3135/232
f 3045/3136/229 3041/3137/229 3039/3134/229 3043/3133/229
f 3048/3138/266 3049/3139/266 3053/3140/266 3052/3141/266
f 3050/3142/267 3051/3143/267 3047/3144/267 3046/3145/267
f 3048/3138/232 3052/3141/232 3050/3142/232 3046/3145/232
f 3053/3146/229 3049/3147/229 3047/3144/229 3051/3143/229
f 3056/3148/266 3057/3149/266 3061/3150/266 3060/3151/266
f 3058/3152/267 3059/3153/267 3055/3154/267 3054/3155/267
f 3056/3148/232 3060/3151/232 3058/3152/232 3054/3155/232
f 3061/3156/229 3057/3157/229 3055/3154/229 3059/3153/229
f 3064/3158/266 3065/3159/266 3069/3160/266 3068/3161/266
f 3066/3162/267 3067/3163/267 3063/3164/267 3062/3165/267
f 3064/3158/232 3068/3161/232 3066/3162/232 3062/3165/232
f 3069/3166/229 3065/3167/229 3063/3164/229 3067/3163/229
f 3072/3168/266 3073/3169/266 3077/3170/266 3076/3171/266
f 3074/3172/267 3075/3173/267 3071/3174/267 3070/3175/267
f 3072/3168/232 3076/3171/232 3074/3172/232 3070/3175/232
f 3077/3176/229 3073/3177/229 3071/3174/229 3075/3173/229
f 3080/3178/266 3081/3179/266 3085/3180/266 3084/3181/266
f 3082/3182/267 3083/3183/267 3079/3184/267 3078/3185/267
f 3080/3178/232 3084/3181/232 3082/3182/232 3078/3185/232
f 3085/3186/229 3081/3187/229 3079/3184/229 3083/3183/229
f 3088/3188/266 3089/3189/266 3093/3190/266 3092/3191/266
f 3090/3192/267 3091/3193/267 3087/3194/267 3086/3195/267
f 3088/3188/232 3092/3191/232 3090/3192/232 3086/3195/232
f 3093/3196/229 3089/3197/229 3087/3194/229 3091/3193/229
f 3100/3198/253 3101/3199/253 3131/3200/253 3132/3201/253
f 3094/3202/268 3102/3203/268 3121/3204/268 3113/3205/268
f 3106/3206/269 3101/3199/269 3114/3207/269 3104/3208/269
f 3112/3209/270 3106/3210/270 3104/3211/270 3122/3212/270
f 3101/3199/271 3100/3198/271 3115/3213/271 3114/3207/271
f 3100/3198/272 3099/3214/272 3116/3215/272 3115/3213/272
f 3099/3214/273 3098/3216/273 3117/3217/273 3116/3215/273
f 3098/3216/274 3097/3218/274 3118/3219/274 3117/3217/274
f 3097/3218/275 3096/3220/275 3119/3221/275 3118/3219/275
f 3096/3220/276 3095/3222/276 3120/3223/276 3119/3221/276
f 3095/3222/277 3094/3224/277 3113/3225/277 3120/3223/277
f 3111/3226/278 3112/3209/278 3122/3212/278 3123/3227/278
f 3110/3228/279 3111/3226/279 3123/3227/279 3124/3229/279
f 3109/3230/280 3110/3228/280 3124/3229/280 3125/3231/280
f 3108/3232/281 3109/3230/281 3125/3231/281 3126/3233/281
f 3107/3234/282 3108/3232/282 3126/3233/282 3127/3235/282
f 3105/3236/283 3107/3234/283 3127/3235/283 3128/3237/283
f 3102/3238/284 3105/3236/284 3128/3237/284 3121/3239/284
f 3105/3236/263 3102/3238/263 3138/3240/263 3144/3241/263
f 3099/3214/255 3100/3198/255 3132/3201/255 3133/3242/255
f 3112/3209/233 3111/3226/233 3139/3243/233 3129/3244/233
f 3098/3216/257 3099/3214/257 3133/3242/257 3134/3245/257
f 3111/3226/252 3110/3228/252 3140/3246/252 3139/3243/252
f 3097/3218/259 3098/3216/259 3134/3245/259 3135/3247/259
f 3110/3228/254 3109/3230/254 3141/3248/254 3140/3246/254
f 3096/3220/261 3097/3218/261 3135/3247/261 3136/3249/261
f 3109/3230/256 3108/3232/256 3142/3250/256 3141/3248/256
f 3095/3222/265 3096/3220/265 3136/3249/265 3137/3251/265
f 3108/3232/258 3107/3234/258 3143/3252/258 3142/3250/258
f 3106/3210/264 3112/3209/264 3129/3244/264 3103/3253/264
f 3094/3224/251 3095/3222/251 3137/3251/251 3130/3254/251
f 3101/3199/262 3106/3206/262 3103/3255/262 3131/3200/262
f 3107/3234/260 3105/3236/260 3144/3241/260 3143/3252/260
f 3094/3202/229 3130/3256/229 3138/3257/229 3102/3203/229
f 3147/3258/285 3148/3259/285 3152/3260/285 3151/3261/285
f 3149/3262/286 3150/3263/286 3146/3264/286 3145/3265/286
f 3147/3258/232 3151/3261/232 3149/3262/232 3145/3265/232
f 3152/3266/229 3148/3267/229 3146/3264/229 3150/3263/229
f 3155/3268/285 3156/3269/285 3160/3270/285 3159/3271/285
f 3157/3272/286 3158/3273/286 3154/3274/286 3153/3275/286
f 3155/3268/232 3159/3271/232 3157/3272/232 3153/3275/232
f 3160/3276/229 3156/3277/229 3154/3274/229 3158/3273/229
f 3163/3278/285 3164/3279/285 3168/3280/285 3167/3281/285
f 3165/3282/286 3166/3283/286 3162/3284/286 3161/3285/286
f 3163/3278/232 3167/3281/232 3165/3282/232 3161/3285/232
f 3168/3286/229 3164/3287/229 3162/3284/229 3166/3283/229
f 3171/3288/285 3172/3289/285 3176/3290/285 3175/3291/285
f 3173/3292/286 3174/3293/286 3170/3294/286 3169/3295/286
f 3171/3288/232 3175/3291/232 3173/3292/232 3169/3295/232
f 3176/3296/229 3172/3297/229 3170/3294/229 3174/3293/229
f 3179/3298/285 3180/3299/285 3184/3300/285 3183/3301/285
f 3181/3302/286 3182/3303/286 3178/3304/286 3177/3305/286
f 3179/3298/232 3183/3301/232 3181/3302/232 3177/3305/232
f 3184/3306/229 3180/3307/229 3178/3304/229 3182/3303/229
f 3187/3308/285 3188/3309/285 3192/3310/285 3191/3311/285
f 3189/3312/286 3190/3313/286 3186/3314/286 3185/3315/286
f 3187/3308/232 3191/3311/232 3189/3312/232 3185/3315/232
f 3192/3316/229 3188/3317/229 3186/3314/229 3190/3313/229
f 3195/3318/285 3196/3319/285 3200/3320/285 3199/3321/285
f 3197/3322/286 3198/3323/286 3194/3324/286 3193/3325/286
f 3195/3318/232 3199/3321/232 3197/3322/232 3193/3325/232
f 3200/3326/229 3196/3327/229 3194/3324/229 3198/3323/229
f 3203/3328/285 3204/3329/285 3208/3330/285 3207/3331/285
f 3205/3332/286 3206/3333/286 3202/3334/286 3201/3335/286
f 3203/3328/232 3207/3331/232 3205/3332/232 3201/3335/232
f 3208/3336/229 3204/3337/229 3202/3334/229 3206/3333/229
f 3211/3338/285 3212/3339/285 3216/3340/285 3215/3341/285
f 3213/3342/286 3214/3343/286 3210/3344/286 3209/3345/286
f 3211/3338/232 3215/3341/232 3213/3342/232 3209/3345/232
f 3216/3346/229 3212/3347/229 3210/3344/229 3214/3343/229
o Cube.003_Cube.010
v 1.127901 0.946191 -2.198820
v 1.127901 0.946191 1.928133
v 1.093724 0.895386 -2.198820
v 1.093724 0.895386 1.928133
v 1.046862 0.926910 -2.150406
v 1.046862 0.926910 1.885430
v 0.960623 0.899899 -2.096748
v 0.960623 0.899899 1.839197
v 1.007485 0.868375 -2.150406
v 1.007485 0.868375 1.885430
v 0.000000 1.681945 -2.198820
v -1.127901 0.946191 -2.198820
v -1.127901 0.946191 1.928133
v 0.000000 1.681945 1.928133
v -1.093724 0.895386 -2.198820
v -1.093724 0.895386 1.928133
v 0.000000 1.610784 1.928133
v 0.000000 1.610784 -2.198820
v -1.046862 0.926910 -2.150406
v -1.046862 0.926910 1.885430
v 0.000000 1.610784 1.885430
v 0.000000 1.610784 -2.150406
v 0.000000 1.539421 -2.096748
v -0.960623 0.899899 -2.096748
v -0.960623 0.899899 1.839197
v 0.000000 1.539421 1.839197
v -1.007485 0.868375 -2.150406
v 0.000000 1.539421 1.885430
v -1.007485 0.868375 1.885430
v 0.000000 1.539421 -2.150406
vt 0.042109 0.955265
vt 0.042108 0.654345
vt 0.964303 0.654345
vt 0.964303 0.955265
vt 0.964342 0.971361
vt 0.042148 0.971362
vt 0.983353 0.660413
vt 0.987347 0.942317
vt 0.977984 0.955071
vt 0.973812 0.660548
vt 0.954879 0.987221
vt 0.055783 0.987269
vt 0.028427 0.955072
vt 0.032600 0.660548
vt 0.017789 0.942299
vt 0.021783 0.660395
vt 0.992114 0.646962
vt 0.125263 0.646962
vt 0.125264 0.631809
vt 0.992114 0.631811
vt 0.705890 0.587902
vt 0.990072 0.581817
vt 0.990412 0.597707
vt 0.713483 0.598684
vt 0.977733 0.609843
vt 0.713526 0.610772
vt 0.135121 0.616925
vt 0.977931 0.616882
vt 0.987237 0.577524
vt 0.723073 0.582265
vt 0.710166 0.572077
vt 0.987050 0.567109
vt 0.710165 0.556183
vt 0.994410 0.556167
vt 0.042109 0.955265
vt 0.964303 0.955265
vt 0.964342 0.971361
vt 0.042148 0.971362
vt 0.977984 0.955071
vt 0.987347 0.942317
vt 0.954879 0.987221
vt 0.055783 0.987269
vt 0.028427 0.955072
vt 0.017789 0.942299
vt 0.992114 0.646962
vt 0.992114 0.631811
vt 0.125264 0.631809
vt 0.125263 0.646962
vt 0.990412 0.597707
vt 0.990072 0.581817
vt 0.977733 0.609843
vt 0.135121 0.616925
vt 0.977931 0.616882
vt 0.710166 0.572077
vt 0.723073 0.582265
vt 0.710165 0.556183
vn 0.5464 0.8376 0.0000
vn 0.8297 -0.5582 0.0000
vn -0.5471 -0.8370 -0.0087
vn -0.5582 -0.8297 0.0000
vn 0.0000 0.0000 1.0000
vn 0.0000 0.0000 -1.0000
vn -0.5471 -0.8370 0.0077
vn -0.5543 -0.8323 0.0025
vn -0.5543 -0.8323 -0.0029
vn -0.5464 0.8376 0.0000
vn -0.8297 -0.5582 0.0000
vn 0.5471 -0.8370 -0.0087
vn 0.5582 -0.8297 0.0000
vn 0.5471 -0.8370 0.0077
vn 0.5543 -0.8323 0.0025
vn 0.5543 -0.8323 -0.0029
usemtl Mat2
s off
f 3217/3348/287 3227/3349/287 3230/3350/287 3218/3351/287
f 3220/3352/288 3219/3353/288 3217/3348/288 3218/3351/288
f 3237/3354/289 3222/3355/289 3220/3356/289 3233/3357/289
f 3222/3358/290 3221/3359/290 3219/3353/290 3220/3352/290
f 3233/3357/291 3220/3356/291 3218/3351/291 3230/3350/291
f 3219/3360/292 3234/3361/292 3227/3349/292 3217/3348/292
f 3221/3362/293 3238/3363/293 3234/3361/293 3219/3360/293
f 3221/3364/288 3222/3365/288 3226/3366/288 3225/3367/288
f 3238/3368/292 3221/3369/292 3225/3370/292 3246/3371/292
f 3223/3372/294 3239/3373/294 3246/3371/294 3225/3370/294
f 3224/3374/290 3223/3375/290 3225/3367/290 3226/3366/290
f 3242/3376/295 3224/3377/295 3226/3378/295 3244/3379/295
f 3222/3380/291 3237/3381/291 3244/3379/291 3226/3378/291
f 3228/3382/296 3229/3383/296 3230/3350/296 3227/3349/296
f 3232/3384/297 3229/3383/297 3228/3382/297 3231/3385/297
f 3237/3354/298 3233/3357/298 3232/3386/298 3236/3387/298
f 3236/3388/299 3232/3384/299 3231/3385/299 3235/3389/299
f 3233/3357/291 3230/3350/291 3229/3383/291 3232/3386/291
f 3231/3390/292 3228/3382/292 3227/3349/292 3234/3361/292
f 3235/3391/300 3231/3390/300 3234/3361/300 3238/3363/300
f 3235/3392/297 3243/3393/297 3245/3394/297 3236/3395/297
f 3238/3368/292 3246/3371/292 3243/3396/292 3235/3397/292
f 3240/3398/301 3243/3396/301 3246/3371/301 3239/3373/301
f 3241/3399/299 3245/3394/299 3243/3393/299 3240/3400/299
f 3242/3376/302 3244/3379/302 3245/3401/302 3241/3402/302
f 3236/3403/291 3245/3401/291 3244/3379/291 3237/3381/291
o Cube.004_Cube
v 0.196769 0.038840 2.028928
v 0.196769 0.517976 2.028928
v 0.214769 0.020840 2.001443
v 0.214769 0.535976 2.001443
v 0.018000 0.038840 2.028928
v 0.018000 0.517976 2.028928
v 0.214769 0.333154 2.001443
v 0.214769 0.223663 2.001443
v 0.196769 0.205663 2.028928
v 0.196769 0.351154 2.028928
v 0.018000 0.205663 2.028928
v 0.018000 0.351154 2.028928
v 0.196769 0.315154 2.028928
v 0.018000 0.315154 2.028928
v 0.018000 0.241663 2.028928
v 0.196769 0.241663 2.028928
v 0.025998 0.046304 2.024806
v 0.188771 0.046304 2.024806
v 0.188771 0.510513 2.024806
v 0.025998 0.510513 2.024806
v 0.188771 0.358617 2.024806
v 0.025998 0.358617 2.024806
v 0.025998 0.198199 2.024806
v 0.188771 0.198199 2.024806
v 0.025998 0.248348 2.024806
v 0.025998 0.308469 2.024806
v 0.188771 0.248348 2.024806
v 0.188771 0.308469 2.024806
v 0.005185 0.026025 2.028928
v 0.214769 0.020840 2.023743
v 0.209584 0.026025 2.028928
v 0.209584 0.530792 2.028928
v 0.214769 0.535976 2.023743
v 0.005185 0.530792 2.028928
v 0.005185 0.223663 2.028928
v 0.005185 0.333154 2.028928
v 0.209584 0.223663 2.028928
v 0.214769 0.223663 2.023743
v 0.214769 0.333154 2.023743
v 0.209584 0.333154 2.028928
v -0.196769 0.038840 2.028928
v -0.196769 0.517976 2.028928
v -0.214769 0.020840 2.001443
v -0.214769 0.535976 2.001443
v 0.000000 0.020840 2.001443
v 0.000000 0.535976 2.001443
v -0.018000 0.038840 2.028928
v -0.018000 0.517976 2.028928
v -0.214769 0.333154 2.001443
v -0.214769 0.223663 2.001443
v -0.196769 0.205663 2.028928
v -0.196769 0.351154 2.028928
v -0.018000 0.205663 2.028928
v -0.018000 0.351154 2.028928
v 0.000000 0.223663 2.001443
v 0.000000 0.333154 2.001443
v -0.196769 0.315154 2.028928
v -0.018000 0.315154 2.028928
v -0.018000 0.241663 2.028928
v -0.196769 0.241663 2.028928
v -0.025998 0.046304 2.024806
v -0.188771 0.046304 2.024806
v -0.188771 0.510513 2.024806
v -0.025998 0.510513 2.024806
v -0.188771 0.358617 2.024806
v -0.025998 0.358617 2.024806
v -0.025998 0.198199 2.024806
v -0.188771 0.198199 2.024806
v -0.025998 0.248348 2.024806
v -0.025998 0.308469 2.024806
v -0.188771 0.248348 2.024806
v -0.188771 0.308469 2.024806
v -0.005185 0.026025 2.028928
v 0.000000 0.020840 2.023743
v -0.214769 0.020840 2.023743
v -0.209584 0.026025 2.028928
v -0.209584 0.530792 2.028928
v -0.214769 0.535976 2.023743
v 0.000000 0.535976 2.023743
v -0.005185 0.530792 2.028928
v 0.000000 0.223663 2.023743
v -0.005185 0.223663 2.028928
v -0.005185 0.333154 2.028928
v 0.000000 0.333154 2.023743
v -0.209584 0.223663 2.028928
v -0.214769 0.223663 2.023743
v -0.214769 0.333154 2.023743
v -0.209584 0.333154 2.028928
vt 0.147689 0.400745
vt 0.036577 0.400648
vt 0.042088 0.395334
vt 0.142071 0.395528
vt 0.147710 0.296571
vt 0.036442 0.296428
vt 0.028547 0.288482
vt 0.155545 0.288753
vt 0.147839 0.596014
vt 0.147705 0.491794
vt 0.155638 0.480733
vt 0.155733 0.603960
vt 0.155672 0.411955
vt 0.147715 0.469563
vt 0.036602 0.469427
vt 0.042112 0.464542
vt 0.142060 0.464773
vt 0.028645 0.411709
vt 0.028607 0.480488
vt 0.042072 0.301654
vt 0.036591 0.491698
vt 0.036573 0.595871
vt 0.028737 0.603689
vt 0.158915 0.622378
vt 0.025477 0.622094
vt 0.025506 0.608238
vt 0.158944 0.608523
vt 0.036567 0.422878
vt 0.147678 0.423015
vt 0.010100 0.411715
vt 0.010068 0.285254
vt 0.023973 0.285251
vt 0.024056 0.411712
vt 0.025365 0.270064
vt 0.158806 0.270348
vt 0.158776 0.284204
vt 0.025336 0.283920
vt 0.010264 0.606950
vt 0.010066 0.480481
vt 0.024020 0.480487
vt 0.024169 0.606928
vt 0.113443 0.758560
vt 0.113443 0.852607
vt 0.012662 0.852607
vt 0.012662 0.758560
vt 0.012506 0.990231
vt 0.012505 0.896184
vt 0.113287 0.896184
vt 0.113287 0.990231
vt 0.012664 0.854868
vt 0.113446 0.854868
vt 0.113446 0.892093
vt 0.012664 0.892093
vt 0.142168 0.427900
vt 0.142209 0.590789
vt 0.142194 0.497108
vt 0.042209 0.496915
vt 0.042222 0.427668
vt 0.042093 0.590555
vt 0.142189 0.301887
vt 0.160260 0.411956
vt 0.160227 0.480729
vt 0.160307 0.607191
vt 0.160113 0.285514
vt 0.147689 0.400745
vt 0.142071 0.395528
vt 0.042088 0.395334
vt 0.036577 0.400648
vt 0.174212 0.607188
vt 0.174184 0.480723
vt 0.147710 0.296571
vt 0.155545 0.288753
vt 0.028547 0.288482
vt 0.036442 0.296428
vt 0.147839 0.596014
vt 0.155733 0.603960
vt 0.155638 0.480733
vt 0.147705 0.491794
vt 0.155672 0.411955
vt 0.147715 0.469563
vt 0.142060 0.464773
vt 0.042112 0.464542
vt 0.036602 0.469427
vt 0.028645 0.411709
vt 0.028607 0.480488
vt 0.042072 0.301654
vt 0.036591 0.491698
vt 0.028737 0.603689
vt 0.036573 0.595871
vt 0.025506 0.608238
vt 0.025477 0.622094
vt 0.174212 0.411959
vt 0.174019 0.285491
vt 0.036567 0.422878
vt 0.147678 0.423015
vt 0.010100 0.411715
vt 0.024056 0.411712
vt 0.023973 0.285251
vt 0.010068 0.285254
vt 0.025365 0.270064
vt 0.025336 0.283920
vt 0.010264 0.606950
vt 0.024169 0.606928
vt 0.024020 0.480487
vt 0.010066 0.480481
vt 0.113443 0.758560
vt 0.012662 0.758560
vt 0.012662 0.852607
vt 0.113443 0.852607
vt 0.012506 0.990231
vt 0.113287 0.990231
vt 0.113287 0.896184
vt 0.012505 0.896184
vt 0.012664 0.854868
vt 0.012664 0.892093
vt 0.113446 0.892093
vt 0.113446 0.854868
vt 0.142168 0.427900
vt 0.142194 0.497108
vt 0.142209 0.590789
vt 0.042209 0.496915
vt 0.042222 0.427668
vt 0.042093 0.590555
vt 0.142189 0.301887
vn 0.0000 0.4835 0.8754
vn 0.0000 0.0000 1.0000
vn 0.0000 0.5249 0.8512
vn -0.4581 0.0000 0.8889
vn 0.0000 -1.0000 0.0000
vn 1.0000 0.0000 0.0000
vn 0.0000 1.0000 0.0000
vn 0.4582 0.0000 0.8889
vn 0.4581 0.0000 0.8889
vn 0.0000 -0.4835 0.8754
vn -0.4582 0.0000 0.8889
vn 0.0000 -0.5249 0.8512
vn 0.0000 -0.7071 0.7071
vn 0.0000 0.7071 0.7071
vn -0.7071 -0.0000 0.7071
vn 0.7071 0.0000 0.7071
vn -1.0000 0.0000 0.0000
usemtl Mat1
s off
f 3258/3404/303 3256/3405/303 3267/3406/303 3268/3407/303
f 3252/3408/304 3248/3409/304 3278/3410/304 3280/3411/304
f 3251/3412/304 3257/3413/304 3281/3414/304 3275/3415/304
f 3258/3404/304 3252/3408/304 3280/3411/304 3282/3416/304
f 3261/3417/305 3262/3418/305 3273/3419/305 3271/3420/305
f 3248/3409/304 3256/3405/304 3286/3421/304 3278/3410/304
f 3262/3418/304 3261/3417/304 3281/3414/304 3283/3422/304
f 3256/3405/306 3248/3409/306 3265/3423/306 3267/3406/306
f 3255/3424/304 3247/3425/304 3277/3426/304 3283/3422/304
f 3291/3427/307 3249/3428/307 3276/3429/307 3320/3430/307
f 3259/3431/304 3262/3418/304 3283/3422/304 3286/3421/304
f 3261/3417/304 3260/3432/304 3282/3416/304 3281/3414/304
f 3253/3433/308 3250/3434/308 3279/3435/308 3285/3436/308
f 3250/3437/309 3292/3438/309 3325/3439/309 3279/3440/309
f 3249/3441/308 3254/3442/308 3284/3443/308 3276/3444/308
f 3260/3432/304 3259/3431/304 3286/3421/304 3282/3416/304
f 3253/3433/308 3285/3436/308 3284/3443/308 3254/3442/308
f 3256/3405/304 3258/3404/304 3282/3416/304 3286/3421/304
f 3257/3413/304 3255/3424/304 3283/3422/304 3281/3414/304
f 3264/3445/304 3270/3446/304 3269/3447/304 3263/3448/304
f 3267/3449/304 3265/3450/304 3266/3451/304 3268/3452/304
f 3274/3453/304 3272/3454/304 3271/3455/304 3273/3456/304
f 3260/3432/310 3261/3417/310 3271/3420/310 3272/3457/310
f 3257/3413/311 3251/3412/311 3263/3458/311 3269/3459/311
f 3255/3424/312 3257/3413/312 3269/3459/312 3270/3460/312
f 3262/3418/313 3259/3431/313 3274/3461/313 3273/3419/313
f 3251/3412/303 3247/3425/303 3264/3462/303 3263/3458/303
f 3252/3408/311 3258/3404/311 3268/3407/311 3266/3463/311
f 3247/3425/306 3255/3424/306 3270/3460/306 3264/3462/306
f 3259/3431/314 3260/3432/314 3272/3457/314 3274/3461/314
f 3248/3409/312 3252/3408/312 3266/3463/312 3265/3423/312
f 3320/3430/315 3276/3429/315 3277/3426/315 3275/3415/315
f 3279/3440/316 3325/3439/316 3280/3411/316 3278/3410/316
f 3281/3414/317 3282/3416/317 3330/3464/317 3327/3465/317
f 3284/3443/318 3285/3436/318 3286/3421/318 3283/3422/318
f 3283/3422/318 3277/3426/318 3276/3444/318 3284/3443/318
f 3278/3410/318 3286/3421/318 3285/3436/318 3279/3435/318
f 3327/3465/317 3320/3466/317 3275/3415/317 3281/3414/317
f 3325/3467/317 3330/3464/317 3282/3416/317 3280/3411/317
f 3247/3425/304 3251/3412/304 3275/3415/304 3277/3426/304
f 3300/3468/303 3312/3469/303 3311/3470/303 3298/3471/303
f 3327/3465/308 3320/3466/308 3291/3472/308 3301/3473/308
f 3294/3474/304 3326/3475/304 3323/3476/304 3288/3477/304
f 3293/3478/304 3319/3479/304 3328/3480/304 3299/3481/304
f 3300/3468/304 3329/3482/304 3326/3475/304 3294/3474/304
f 3305/3483/305 3315/3484/305 3317/3485/305 3306/3486/305
f 3288/3477/304 3323/3476/304 3334/3487/304 3298/3471/304
f 3306/3486/304 3331/3488/304 3328/3480/304 3305/3483/304
f 3298/3471/311 3311/3470/311 3309/3489/311 3288/3477/311
f 3297/3490/304 3331/3488/304 3322/3491/304 3287/3492/304
f 3291/3427/307 3320/3430/307 3321/3493/307 3289/3494/307
f 3325/3467/308 3330/3464/308 3302/3495/308 3292/3496/308
f 3303/3497/304 3334/3487/304 3331/3488/304 3306/3486/304
f 3305/3483/304 3328/3480/304 3329/3482/304 3304/3498/304
f 3295/3499/319 3333/3500/319 3324/3501/319 3290/3502/319
f 3290/3503/309 3324/3504/309 3325/3439/309 3292/3438/309
f 3289/3505/319 3321/3506/319 3332/3507/319 3296/3508/319
f 3301/3473/308 3302/3495/308 3330/3464/308 3327/3465/308
f 3304/3498/304 3329/3482/304 3334/3487/304 3303/3497/304
f 3295/3499/319 3296/3508/319 3332/3507/319 3333/3500/319
f 3298/3471/304 3334/3487/304 3329/3482/304 3300/3468/304
f 3299/3481/304 3328/3480/304 3331/3488/304 3297/3490/304
f 3308/3509/304 3307/3510/304 3313/3511/304 3314/3512/304
f 3311/3513/304 3312/3514/304 3310/3515/304 3309/3516/304
f 3318/3517/304 3317/3518/304 3315/3519/304 3316/3520/304
f 3304/3498/313 3316/3521/313 3315/3484/313 3305/3483/313
f 3299/3481/306 3313/3522/306 3307/3523/306 3293/3478/306
f 3297/3490/312 3314/3524/312 3313/3522/312 3299/3481/312
f 3306/3486/310 3317/3485/310 3318/3525/310 3303/3497/310
f 3293/3478/303 3307/3523/303 3308/3526/303 3287/3492/303
f 3294/3474/306 3310/3527/306 3312/3469/306 3300/3468/306
f 3287/3492/311 3308/3526/311 3314/3524/311 3297/3490/311
f 3303/3497/314 3318/3525/314 3316/3521/314 3304/3498/314
f 3288/3477/312 3309/3489/312 3310/3527/312 3294/3474/312
f 3320/3430/315 3319/3479/315 3322/3491/315 3321/3493/315
f 3324/3504/316 3323/3476/316 3326/3475/316 3325/3439/316
f 3328/3480/318 3327/3465/318 3330/3464/318 3329/3482/318
f 3332/3507/317 3331/3488/317 3334/3487/317 3333/3500/317
f 3331/3488/317 3332/3507/317 3321/3506/317 3322/3491/317
f 3323/3476/317 3324/3501/317 3333/3500/317 3334/3487/317
f 3327/3465/318 3328/3480/318 3319/3479/318 3320/3466/318
f 3325/3467/318 3326/3475/318 3329/3482/318 3330/3464/318
f 3287/3492/304 3322/3491/304 3319/3479/304 3293/3478/304
o Cube.005_Cube.004
v -0.223180 0.536371 2.039919
v -0.223180 0.549310 2.039919
v -0.223180 0.536371 1.985267
v -0.223180 0.549310 1.985267
v 0.223180 0.536371 2.039919
v 0.223180 0.549310 2.039919
v 0.223180 0.536371 1.985267
v 0.223180 0.549310 1.985267
vt 0.314413 0.867950
vt 0.308766 0.867950
vt 0.308766 0.673131
vt 0.314413 0.673131
vt 0.338266 0.673131
vt 0.338266 0.867950
vt 0.284912 0.867950
vt 0.284913 0.673131
vn 0.0000 0.0000 1.0000
vn 0.0000 -1.0000 0.0000
vn 0.0000 1.0000 0.0000
usemtl Mat1
s off
f 3339/3528/320 3340/3529/320 3336/3530/320 3335/3531/320
f 3337/3532/321 3341/3533/321 3339/3528/321 3335/3531/321
f 3342/3534/322 3338/3535/322 3336/3530/322 3340/3529/322
o Cube.006_Cube.005
v 0.010362 0.542673 1.995944
v 0.010362 0.542673 2.029242
v 0.008383 0.604041 1.995944
v 0.024218 0.637629 1.995944
v 0.043850 0.663966 1.995944
v 0.065266 0.687317 1.995944
v 0.091347 0.709548 1.995944
v 0.012276 0.573247 2.029242
v 0.021284 0.602418 2.029242
v 0.034418 0.631103 2.029242
v 0.054071 0.658263 2.029242
v 0.075887 0.682230 2.029242
v 0.101558 0.702306 2.029242
v 0.101558 0.702306 1.995944
v 0.075887 0.682230 1.995944
v 0.054071 0.658263 1.995944
v 0.034418 0.631103 1.995944
v 0.021284 0.602418 1.995944
v 0.012276 0.573247 1.995944
v 0.091347 0.709548 2.029242
v 0.065266 0.687317 2.029242
v 0.043850 0.663966 2.029242
v 0.024218 0.637629 2.029242
v 0.008383 0.604041 2.029242
v 0.202311 0.549699 2.000161
v 0.041479 0.747214 2.000161
v 0.078962 0.735763 2.000161
v 0.143787 0.692144 2.000161
v 0.168636 0.661652 2.000161
v 0.187101 0.626863 2.000161
v 0.198471 0.589115 2.000161
v 0.202311 0.549699 2.029513
v 0.198471 0.589115 2.029513
v 0.187101 0.626863 2.029513
v 0.168636 0.661652 2.029513
v 0.143787 0.692144 2.029513
v 0.078962 0.735763 2.029513
v 0.041479 0.747214 2.029513
v 0.219298 0.544647 2.029513
v 0.215136 0.587373 2.029513
v 0.202811 0.628290 2.029513
v 0.182796 0.665999 2.029513
v 0.155860 0.699052 2.029513
v 0.085592 0.746334 2.029513
v 0.044961 0.758746 2.029513
v 0.118701 0.712876 2.000161
v 0.108153 0.720051 2.000161
v 0.118733 0.712850 2.029513
v 0.108117 0.720070 2.029513
v 0.117483 0.729168 2.029513
v 0.128375 0.721767 2.029513
v -0.010362 0.542673 1.995944
v 0.000000 0.542695 2.029242
v -0.010362 0.542673 2.029242
v -0.000000 0.573442 1.995944
v -0.008383 0.604041 1.995944
v -0.024218 0.637629 1.995944
v -0.043850 0.663966 1.995944
v -0.065266 0.687317 1.995944
v -0.091347 0.709548 1.995944
v -0.012276 0.573247 2.029242
v -0.021284 0.602418 2.029242
v -0.034419 0.631103 2.029242
v -0.054071 0.658263 2.029242
v -0.075887 0.682230 2.029242
v -0.101558 0.702306 2.029242
v -0.101558 0.702306 1.995944
v -0.075887 0.682230 1.995944
v -0.054071 0.658263 1.995944
v -0.034419 0.631103 1.995944
v -0.021284 0.602418 1.995944
v -0.012276 0.573247 1.995944
v -0.091347 0.709548 2.029242
v -0.065266 0.687317 2.029242
v -0.043850 0.663966 2.029242
v -0.024218 0.637629 2.029242
v -0.008383 0.604041 2.029242
v -0.000000 0.573442 2.029242
v -0.202311 0.549699 2.000161
v -0.000000 0.751080 2.000161
v -0.041479 0.747214 2.000161
v -0.078962 0.735763 2.000161
v -0.143787 0.692144 2.000161
v -0.168636 0.661651 2.000161
v -0.187101 0.626863 2.000161
v -0.198471 0.589115 2.000161
v -0.202311 0.549699 2.029513
v -0.198471 0.589115 2.029513
v -0.187101 0.626863 2.029513
v -0.168636 0.661651 2.029513
v -0.143787 0.692144 2.029513
v -0.078962 0.735763 2.029513
v -0.041479 0.747214 2.029513
v -0.000000 0.751080 2.029513
v -0.219298 0.544647 2.029513
v -0.215136 0.587373 2.029513
v -0.202811 0.628290 2.029513
v -0.182796 0.665999 2.029513
v -0.155860 0.699052 2.029513
v -0.085592 0.746334 2.029513
v -0.044961 0.758746 2.029513
v -0.000000 0.762937 2.029513
v -0.118701 0.712876 2.000161
v -0.108153 0.720051 2.000161
v -0.118733 0.712850 2.029513
v -0.108118 0.720070 2.029513
v -0.117483 0.729168 2.029513
v -0.128375 0.721767 2.029513
v 0.101558 0.702306 2.029242
v 0.118733 0.712850 2.029513
v 0.118733 0.712850 2.029513
v 0.010362 0.542673 2.029242
v 0.012276 0.573247 2.029242
v 0.021284 0.602418 2.029242
v 0.034418 0.631103 2.029242
v 0.054071 0.658263 2.029242
v 0.075887 0.682230 2.029242
v 0.091347 0.709548 2.029242
v 0.108117 0.720070 2.029513
v 0.108117 0.720070 2.029513
v 0.065266 0.687317 2.029242
v 0.043850 0.663966 2.029242
v 0.024218 0.637629 2.029242
v 0.008383 0.604041 2.029242
v -0.000000 0.573442 2.029242
v -0.000000 0.573442 2.029242
v -0.000000 0.573442 1.995944
v 0.202311 0.549699 2.029513
v 0.198471 0.589115 2.029513
v 0.187101 0.626863 2.029513
v 0.168636 0.661652 2.029513
v 0.143787 0.692144 2.029513
v 0.078962 0.735763 2.029513
v 0.041479 0.747214 2.029513
v -0.000000 0.751080 2.029513
v 0.108153 0.720051 2.000161
v 0.118701 0.712876 2.000161
v -0.101558 0.702306 2.029242
v -0.118733 0.712850 2.029513
v -0.118733 0.712850 2.029513
v -0.010362 0.542673 2.029242
v -0.012276 0.573247 2.029242
v -0.021284 0.602418 2.029242
v -0.034419 0.631103 2.029242
v -0.054071 0.658263 2.029242
v -0.075887 0.682230 2.029242
v -0.091347 0.709548 2.029242
v -0.108118 0.720070 2.029513
v -0.108118 0.720070 2.029513
v -0.065266 0.687317 2.029242
v -0.043850 0.663966 2.029242
v -0.024218 0.637629 2.029242
v -0.008383 0.604041 2.029242
v -0.202311 0.549699 2.029513
v -0.198471 0.589115 2.029513
v -0.187101 0.626863 2.029513
v -0.168636 0.661651 2.029513
v -0.143787 0.692144 2.029513
v -0.078962 0.735763 2.029513
v -0.041479 0.747214 2.029513
v -0.108153 0.720051 2.000161
v -0.118701 0.712876 2.000161
vt 0.902486 0.014850
vt 0.904325 0.029723
vt 0.879863 0.032066
vt 0.881342 0.017326
vt 0.902486 0.014850
vt 0.911412 0.017519
vt 0.913320 0.031834
vt 0.904325 0.029723
vt 0.937719 0.029517
vt 0.939973 0.055120
vt 0.915145 0.057027
vt 0.913320 0.031834
vt 0.941636 0.079139
vt 0.916407 0.080529
vt 0.942899 0.104501
vt 0.917389 0.105190
vt 0.943142 0.134004
vt 0.916866 0.133577
vt 0.942323 0.159754
vt 0.915350 0.158657
vt 0.874789 0.176994
vt 0.878424 0.152583
vt 0.905546 0.156001
vt 0.901321 0.180944
vt 0.880784 0.128896
vt 0.907006 0.130749
vt 0.882156 0.104739
vt 0.908060 0.105537
vt 0.882388 0.079653
vt 0.907627 0.079283
vt 0.881655 0.055714
vt 0.906674 0.054396
vt 0.909495 0.182900
vt 0.901321 0.180944
vt 0.905546 0.156001
vt 0.915350 0.158657
vt 0.907006 0.130749
vt 0.916866 0.133577
vt 0.908060 0.105537
vt 0.917389 0.105190
vt 0.907627 0.079283
vt 0.916407 0.080529
vt 0.906674 0.054396
vt 0.915145 0.057027
vt 0.747061 0.636723
vt 0.776756 0.647729
vt 0.769380 0.669346
vt 0.739306 0.657646
vt 0.804942 0.656137
vt 0.799417 0.677893
vt 0.833464 0.661149
vt 0.858705 0.660414
vt 0.859824 0.683688
vt 0.834159 0.683913
vt 0.834159 0.683913
vt 0.859824 0.683688
vt 0.863098 0.694046
vt 0.835504 0.693773
vt 0.888738 0.657859
vt 0.891527 0.680672
vt 0.918121 0.652982
vt 0.922671 0.675184
vt 0.946655 0.645848
vt 0.952853 0.667185
vt 0.974144 0.636723
vt 0.981112 0.656832
vt 0.829253 0.661504
vt 0.824472 0.683023
vt 0.769380 0.669346
vt 0.799417 0.677893
vt 0.798646 0.687538
vt 0.767228 0.678318
vt 0.739306 0.657646
vt 0.735322 0.665507
vt 0.952853 0.667185
vt 0.981112 0.656832
vt 0.990058 0.666538
vt 0.960115 0.677755
vt 0.922671 0.675184
vt 0.928624 0.685787
vt 0.891527 0.680672
vt 0.896213 0.691229
vt 0.824472 0.683023
vt 0.825568 0.692856
vt 0.911412 0.017519
vt 0.933046 0.015114
vt 0.902486 0.014850
vt 0.881342 0.017326
vt 0.879863 0.032066
vt 0.904325 0.029723
vt 0.902486 0.014850
vt 0.904325 0.029723
vt 0.913320 0.031834
vt 0.911412 0.017519
vt 0.937719 0.029517
vt 0.913320 0.031834
vt 0.915145 0.057027
vt 0.939973 0.055120
vt 0.916407 0.080529
vt 0.941636 0.079139
vt 0.917389 0.105190
vt 0.942899 0.104501
vt 0.916866 0.133577
vt 0.943142 0.134004
vt 0.915350 0.158657
vt 0.942323 0.159754
vt 0.874789 0.176994
vt 0.901321 0.180944
vt 0.905546 0.156001
vt 0.878424 0.152583
vt 0.907006 0.130749
vt 0.880784 0.128896
vt 0.908060 0.105537
vt 0.882156 0.104739
vt 0.907627 0.079283
vt 0.882388 0.079653
vt 0.906674 0.054396
vt 0.881655 0.055714
vt 0.905546 0.156001
vt 0.901321 0.180944
vt 0.916866 0.133577
vt 0.907006 0.130749
vt 0.917389 0.105190
vt 0.908060 0.105537
vt 0.916407 0.080529
vt 0.907627 0.079283
vt 0.915145 0.057027
vt 0.906674 0.054396
vt 0.769380 0.669346
vt 0.776756 0.647729
vt 0.799417 0.677893
vt 0.804942 0.656137
vt 0.833464 0.661149
vt 0.834159 0.683913
vt 0.859824 0.683688
vt 0.858705 0.660414
vt 0.834159 0.683913
vt 0.835504 0.693773
vt 0.863098 0.694046
vt 0.859824 0.683688
vt 0.891527 0.680672
vt 0.888738 0.657859
vt 0.922671 0.675184
vt 0.918121 0.652982
vt 0.952853 0.667185
vt 0.946655 0.645848
vt 0.981112 0.656832
vt 0.974144 0.636723
vt 0.824472 0.683023
vt 0.829253 0.661504
vt 0.769380 0.669346
vt 0.767228 0.678318
vt 0.798646 0.687538
vt 0.799417 0.677893
vt 0.952853 0.667185
vt 0.960115 0.677755
vt 0.990058 0.666538
vt 0.981112 0.656832
vt 0.922671 0.675184
vt 0.928624 0.685787
vt 0.891527 0.680672
vt 0.896213 0.691229
vt 0.825568 0.692856
vt 0.824472 0.683023
vt 0.911412 0.017519
vt 0.933046 0.015114
vn 0.5241 -0.8516 -0.0006
vn 0.5707 -0.8211 -0.0003
vn 0.5742 -0.8187 -0.0003
vn -0.0022 -0.0032 1.0000
vn -0.0032 -0.0046 1.0000
vn -0.0033 -0.0048 1.0000
vn -0.0051 -0.0074 0.9999
vn -0.5955 0.8033 -0.0002
vn -0.6941 0.7198 0.0000
vn -0.5910 0.8067 -0.0003
vn -0.7703 0.6376 0.0000
vn -0.8574 0.5146 0.0000
vn -0.9380 0.3466 0.0000
vn -0.9644 0.2642 0.0000
vn 0.9980 -0.0625 0.0000
vn 0.9836 -0.1800 0.0000
vn 0.9343 -0.3564 0.0000
vn 0.8639 -0.5037 0.0000
vn 0.7760 -0.6307 0.0000
vn 0.6802 -0.7330 0.0000
vn 0.0000 0.0000 1.0000
vn 0.0000 -1.0000 0.0000
vn -0.1935 -0.9811 0.0000
vn -0.3849 -0.9229 0.0000
vn -0.6370 -0.7708 0.0000
vn -0.7095 -0.7046 0.0000
vn -0.8332 -0.5529 0.0000
vn -0.9248 -0.3804 0.0000
vn -0.9811 -0.1936 0.0000
vn -0.9953 -0.0969 0.0000
vn -0.4740 -0.8805 0.0000
vn -0.5306 0.8476 -0.0005
vn -0.5241 -0.8516 -0.0006
vn -0.5742 -0.8187 -0.0003
vn -0.5707 -0.8211 -0.0003
vn 0.0022 -0.0032 1.0000
vn 0.0051 -0.0074 0.9999
vn 0.0033 -0.0048 1.0000
vn 0.0032 -0.0046 1.0000
vn 0.5955 0.8033 -0.0002
vn 0.5910 0.8067 -0.0003
vn 0.6941 0.7198 0.0000
vn 0.7703 0.6376 0.0000
vn 0.8574 0.5146 0.0000
vn 0.9380 0.3466 0.0000
vn 0.9644 0.2642 0.0000
vn -0.9980 -0.0625 0.0000
vn -0.9836 -0.1800 0.0000
vn -0.9343 -0.3564 0.0000
vn -0.8639 -0.5037 0.0000
vn -0.7760 -0.6307 0.0000
vn -0.6802 -0.7330 0.0000
vn 0.1935 -0.9811 0.0000
vn 0.3849 -0.9229 0.0000
vn 0.6370 -0.7708 0.0000
vn 0.7095 -0.7046 0.0000
vn 0.8332 -0.5529 0.0000
vn 0.9248 -0.3804 0.0000
vn 0.9811 -0.1936 0.0000
vn 0.9953 -0.0969 0.0000
vn 0.4740 -0.8805 0.0000
vn 0.5306 0.8476 -0.0005
usemtl Mat1
s 1
f 3452/3536/323 3451/3537/324 3356/3538/325 3479/3539/323
f 3453/3540/326 3461/3541/327 3460/3542/328 3355/3543/329
f 3349/3544/330 3348/3545/331 3463/3546/331 3362/3547/332
f 3348/3545/331 3347/3548/333 3464/3549/333 3463/3546/331
f 3347/3548/333 3346/3550/334 3465/3551/334 3464/3549/333
f 3346/3550/334 3345/3552/335 3466/3553/335 3465/3551/334
f 3345/3552/335 3469/3554/336 3468/3555/336 3466/3553/335
f 3343/3556/337 3361/3557/338 3455/3558/338 3454/3559/337
f 3361/3557/338 3360/3560/339 3456/3561/339 3455/3558/338
f 3360/3560/339 3359/3562/340 3457/3563/340 3456/3561/339
f 3359/3562/340 3358/3564/341 3458/3565/341 3457/3563/340
f 3358/3564/341 3357/3566/342 3459/3567/342 3458/3565/341
f 3357/3566/342 3356/3538/325 3451/3537/324 3459/3567/342
f 3395/3568/343 3344/3569/343 3350/3570/343 3467/3571/343
f 3467/3571/343 3350/3570/343 3351/3572/343 3366/3573/343
f 3366/3573/343 3351/3572/343 3352/3574/343 3365/3575/343
f 3365/3575/343 3352/3574/343 3353/3576/343 3364/3577/343
f 3364/3577/343 3353/3576/343 3354/3578/343 3363/3579/343
f 3363/3579/343 3354/3578/343 3355/3543/329 3460/3542/328
f 3422/3580/344 3368/3581/345 3476/3582/345 3477/3583/344
f 3368/3581/345 3369/3584/346 3475/3585/346 3476/3582/345
f 3388/3586/347 3370/3587/348 3474/3588/348 3390/3589/347
f 3453/3590/326 3378/3591/343 3385/3592/343 3393/3593/343
f 3370/3587/348 3371/3594/349 3473/3595/349 3474/3588/348
f 3371/3594/349 3372/3596/350 3472/3597/350 3473/3595/349
f 3372/3596/350 3373/3598/351 3471/3599/351 3472/3597/350
f 3373/3598/351 3367/3600/352 3470/3601/352 3471/3599/351
f 3369/3584/346 3478/3602/353 3462/3603/353 3475/3585/346
f 3380/3604/343 3379/3605/343 3386/3606/343 3387/3607/343
f 3436/3608/343 3380/3604/343 3387/3607/343 3444/3609/343
f 3375/3610/343 3374/3611/343 3381/3612/343 3382/3613/343
f 3376/3614/343 3375/3610/343 3382/3613/343 3383/3615/343
f 3377/3616/343 3376/3614/343 3383/3615/343 3384/3617/343
f 3378/3591/343 3377/3616/343 3384/3617/343 3385/3592/343
f 3379/3605/343 3461/3618/327 3392/3619/343 3386/3606/343
f 3391/3620/354 3389/3621/354 3349/3544/330 3362/3547/332
f 3453/3590/326 3393/3593/343 3392/3619/343 3461/3618/327
f 3481/3622/355 3504/3623/355 3409/3624/356 3480/3625/357
f 3482/3626/358 3408/3627/359 3489/3628/360 3490/3629/361
f 3402/3630/362 3415/3631/363 3492/3632/364 3401/3633/364
f 3401/3633/364 3492/3632/364 3493/3634/365 3400/3635/365
f 3400/3635/365 3493/3634/365 3494/3636/366 3399/3637/366
f 3399/3637/366 3494/3636/366 3495/3638/367 3398/3639/367
f 3398/3639/367 3495/3638/367 3420/3640/368 3397/3641/368
f 3394/3642/369 3483/3643/369 3484/3644/370 3414/3645/370
f 3414/3645/370 3484/3644/370 3485/3646/371 3413/3647/371
f 3413/3647/371 3485/3646/371 3486/3648/372 3412/3649/372
f 3412/3649/372 3486/3648/372 3487/3650/373 3411/3651/373
f 3411/3651/373 3487/3650/373 3488/3652/374 3410/3653/374
f 3410/3653/374 3488/3652/374 3480/3625/357 3409/3624/356
f 3395/3568/343 3467/3571/343 3403/3654/343 3396/3655/343
f 3467/3571/343 3419/3656/343 3404/3657/343 3403/3654/343
f 3419/3656/343 3418/3658/343 3405/3659/343 3404/3657/343
f 3418/3658/343 3417/3660/343 3406/3661/343 3405/3659/343
f 3417/3660/343 3416/3662/343 3407/3663/343 3406/3661/343
f 3416/3662/343 3489/3628/360 3408/3627/359 3407/3663/343
f 3422/3580/344 3477/3583/344 3502/3664/375 3423/3665/375
f 3423/3665/375 3502/3664/375 3501/3666/376 3424/3667/376
f 3445/3668/377 3447/3669/377 3500/3670/378 3425/3671/378
f 3482/3672/358 3450/3673/343 3441/3674/343 3433/3675/343
f 3425/3671/378 3500/3670/378 3499/3676/379 3426/3677/379
f 3426/3677/379 3499/3676/379 3498/3678/380 3427/3679/380
f 3427/3679/380 3498/3678/380 3497/3680/381 3428/3681/381
f 3428/3681/381 3497/3680/381 3496/3682/382 3421/3683/382
f 3424/3667/376 3501/3666/376 3491/3684/383 3503/3685/383
f 3435/3686/343 3443/3687/343 3442/3688/343 3434/3689/343
f 3436/3608/343 3444/3609/343 3443/3687/343 3435/3686/343
f 3430/3690/343 3438/3691/343 3437/3692/343 3429/3693/343
f 3431/3694/343 3439/3695/343 3438/3691/343 3430/3690/343
f 3432/3696/343 3440/3697/343 3439/3695/343 3431/3694/343
f 3433/3675/343 3441/3674/343 3440/3697/343 3432/3696/343
f 3434/3689/343 3442/3688/343 3449/3698/343 3490/3699/361
f 3448/3700/384 3415/3631/363 3402/3630/362 3446/3701/384
f 3482/3672/358 3490/3699/361 3449/3698/343 3450/3673/343
o Cube.007
v 0.585738 0.712138 1.833762
v 0.585738 0.717693 1.833762
v 0.585738 0.712138 1.810297
v 0.585738 0.717693 1.810297
v 0.777390 0.712138 1.833762
v 0.777390 0.717693 1.833762
v 0.777390 0.712138 1.810297
v 0.777390 0.717693 1.810297
v -0.585738 0.712138 1.833762
v -0.585738 0.717693 1.833762
v -0.585738 0.712138 1.810297
v -0.585738 0.717693 1.810297
v -0.777390 0.712138 1.833762
v -0.777390 0.717693 1.833762
v -0.777390 0.712138 1.810297
v -0.777390 0.717693 1.810297
vt 0.714034 0.544938
vt 0.710601 0.544938
vt 0.710601 0.426512
vt 0.714033 0.426512
vt 0.728533 0.426512
vt 0.728533 0.544938
vt 0.696101 0.544938
vt 0.696101 0.426512
vt 0.714034 0.544938
vt 0.714033 0.426512
vt 0.710601 0.426512
vt 0.710601 0.544938
vt 0.728533 0.426512
vt 0.728533 0.544938
vt 0.696101 0.544938
vt 0.696101 0.426512
vn 0.0000 0.0000 1.0000
vn 0.0000 -1.0000 0.0000
vn 0.0000 1.0000 0.0000
usemtl Mat2
s off
f 3509/3702/385 3510/3703/385 3506/3704/385 3505/3705/385
f 3507/3706/386 3511/3707/386 3509/3702/386 3505/3705/386
f 3512/3708/387 3508/3709/387 3506/3704/387 3510/3703/387
f 3517/3710/385 3513/3711/385 3514/3712/385 3518/3713/385
f 3515/3714/386 3513/3711/386 3517/3710/386 3519/3715/386
f 3520/3716/387 3518/3713/387 3514/3712/387 3516/3717/387
o Cube.008
v 0.686013 0.714843 1.814881
v 0.686013 0.714843 1.829178
v 0.685163 0.741193 1.814881
v 0.691962 0.755614 1.814881
v 0.700392 0.766923 1.814881
v 0.709587 0.776949 1.814881
v 0.720785 0.786494 1.814881
v 0.686835 0.727971 1.829178
v 0.690703 0.740496 1.829178
v 0.696342 0.752812 1.829178
v 0.704780 0.764474 1.829178
v 0.714147 0.774765 1.829178
v 0.725170 0.783385 1.829178
v 0.725170 0.783385 1.814881
v 0.714147 0.774765 1.814881
v 0.704780 0.764474 1.814881
v 0.696342 0.752812 1.814881
v 0.690703 0.740496 1.814881
v 0.686835 0.727971 1.814881
v 0.720785 0.786494 1.829178
v 0.709587 0.776949 1.829178
v 0.700392 0.766923 1.829178
v 0.691962 0.755614 1.829178
v 0.685163 0.741193 1.829178
v 0.768429 0.716776 1.816692
v 0.699373 0.802666 1.816692
v 0.715468 0.797750 1.816692
v 0.743301 0.779021 1.816692
v 0.753971 0.765929 1.816692
v 0.761899 0.750992 1.816692
v 0.766781 0.734784 1.816692
v 0.768429 0.716776 1.829294
v 0.766781 0.734784 1.829294
v 0.761899 0.750992 1.829294
v 0.753971 0.765929 1.829294
v 0.743301 0.779021 1.829294
v 0.715468 0.797750 1.829294
v 0.699373 0.802666 1.829294
v 0.775723 0.716776 1.829294
v 0.773936 0.734036 1.829294
v 0.768644 0.751604 1.829294
v 0.760050 0.767796 1.829294
v 0.748485 0.781987 1.829294
v 0.718314 0.802289 1.829294
v 0.700869 0.807618 1.829294
v 0.732530 0.787923 1.816692
v 0.728001 0.791004 1.816692
v 0.732544 0.787912 1.829294
v 0.727986 0.791012 1.829294
v 0.732007 0.794918 1.829294
v 0.736684 0.791741 1.829294
v 0.686013 0.497006 1.814881
v 0.686013 0.497006 1.829178
v 0.686013 0.549869 1.829178
v 0.686013 0.542591 1.829178
v 0.686013 0.606074 1.829178
v 0.686013 0.598796 1.829178
v 0.686013 0.662278 1.829178
v 0.686013 0.655000 1.829178
v 0.686013 0.549869 1.814881
v 0.686013 0.542591 1.814881
v 0.686013 0.606074 1.814881
v 0.686013 0.598796 1.814881
v 0.686013 0.662278 1.814881
v 0.686013 0.655000 1.814881
v 0.768429 0.497006 1.816692
v 0.768429 0.497006 1.829294
v 0.775723 0.490097 1.829294
v 0.775723 0.545449 1.829294
v 0.775723 0.601438 1.829294
v 0.775723 0.657472 1.829294
v 0.768429 0.655000 1.829294
v 0.768429 0.662278 1.829294
v 0.768429 0.598796 1.829294
v 0.768429 0.606074 1.829294
v 0.768429 0.542591 1.829294
v 0.768429 0.549869 1.829294
v 0.768429 0.655000 1.816692
v 0.768429 0.662278 1.816692
v 0.768429 0.598796 1.816692
v 0.768429 0.606074 1.816692
v 0.768429 0.542591 1.816692
v 0.768429 0.549869 1.816692
v 0.677115 0.714843 1.814881
v 0.681564 0.714853 1.829178
v 0.677115 0.714843 1.829178
v 0.681564 0.728055 1.814881
v 0.677964 0.741193 1.814881
v 0.671166 0.755614 1.814881
v 0.662736 0.766923 1.814881
v 0.653541 0.776949 1.814881
v 0.642343 0.786494 1.814881
v 0.676293 0.727971 1.829178
v 0.672425 0.740496 1.829178
v 0.666786 0.752812 1.829178
v 0.658348 0.764474 1.829178
v 0.648980 0.774765 1.829178
v 0.637958 0.783385 1.829178
v 0.637958 0.783385 1.814881
v 0.648980 0.774765 1.814881
v 0.658348 0.764474 1.814881
v 0.666786 0.752812 1.814881
v 0.672425 0.740496 1.814881
v 0.676293 0.727971 1.814881
v 0.642343 0.786494 1.829178
v 0.653541 0.776949 1.829178
v 0.662736 0.766923 1.829178
v 0.671166 0.755614 1.829178
v 0.677964 0.741193 1.829178
v 0.681564 0.728055 1.829178
v 0.594698 0.716776 1.816692
v 0.681564 0.804327 1.816692
v 0.663754 0.802666 1.816692
v 0.647660 0.797750 1.816692
v 0.619827 0.779021 1.816692
v 0.609157 0.765929 1.816692
v 0.601229 0.750992 1.816692
v 0.596347 0.734784 1.816692
v 0.594698 0.716776 1.829294
v 0.596347 0.734784 1.829294
v 0.601229 0.750992 1.829294
v 0.609157 0.765929 1.829294
v 0.619827 0.779021 1.829294
v 0.647660 0.797750 1.829294
v 0.663754 0.802666 1.829294
v 0.681564 0.804327 1.829294
v 0.587405 0.716776 1.829294
v 0.589192 0.734036 1.829294
v 0.594484 0.751604 1.829294
v 0.603077 0.767796 1.829294
v 0.614643 0.781987 1.829294
v 0.644813 0.802289 1.829294
v 0.662259 0.807618 1.829294
v 0.681564 0.809417 1.829294
v 0.630598 0.787923 1.816692
v 0.635127 0.791004 1.816692
v 0.630584 0.787912 1.829294
v 0.635142 0.791012 1.829294
v 0.631121 0.794918 1.829294
v 0.626444 0.791740 1.829294
v 0.677115 0.497006 1.814881
v 0.681564 0.490035 1.829178
v 0.677115 0.497006 1.829178
v 0.677115 0.549869 1.829178
v 0.677115 0.542591 1.829178
v 0.677115 0.606074 1.829178
v 0.677115 0.598796 1.829178
v 0.677115 0.662278 1.829178
v 0.677115 0.655000 1.829178
v 0.681564 0.655009 1.829178
v 0.681564 0.662288 1.829178
v 0.681564 0.598805 1.829178
v 0.681564 0.606083 1.829178
v 0.681564 0.542601 1.829178
v 0.681564 0.549879 1.829178
v 0.677115 0.549869 1.814881
v 0.677115 0.542591 1.814881
v 0.677115 0.606074 1.814881
v 0.677115 0.598796 1.814881
v 0.677115 0.662278 1.814881
v 0.677115 0.655000 1.814881
v 0.594698 0.497006 1.816692
v 0.594698 0.497006 1.829294
v 0.587405 0.490097 1.829294
v 0.587405 0.545449 1.829294
v 0.587405 0.601438 1.829294
v 0.587405 0.657472 1.829294
v 0.594698 0.655000 1.829294
v 0.594698 0.662278 1.829294
v 0.594698 0.598796 1.829294
v 0.594698 0.606074 1.829294
v 0.594698 0.542591 1.829294
v 0.594698 0.549869 1.829294
v 0.594698 0.655000 1.816692
v 0.594698 0.662278 1.816692
v 0.594698 0.598796 1.816692
v 0.594698 0.606074 1.816692
v 0.594698 0.542591 1.816692
v 0.594698 0.549869 1.816692
v 0.725170 0.783385 1.829178
v 0.732544 0.787912 1.829294
v 0.732544 0.787912 1.829294
v 0.686013 0.714843 1.829178
v 0.686835 0.727971 1.829178
v 0.690703 0.740496 1.829178
v 0.696342 0.752812 1.829178
v 0.704780 0.764474 1.829178
v 0.714147 0.774765 1.829178
v 0.720785 0.786494 1.829178
v 0.727986 0.791012 1.829294
v 0.727986 0.791012 1.829294
v 0.709587 0.776949 1.829178
v 0.700392 0.766923 1.829178
v 0.691962 0.755614 1.829178
v 0.685163 0.741193 1.829178
v 0.681564 0.728055 1.829178
v 0.681564 0.728055 1.829178
v 0.681564 0.728055 1.814881
v 0.768429 0.716776 1.829294
v 0.766781 0.734784 1.829294
v 0.761899 0.750992 1.829294
v 0.753971 0.765929 1.829294
v 0.743301 0.779021 1.829294
v 0.715468 0.797750 1.829294
v 0.699373 0.802666 1.829294
v 0.681564 0.804327 1.829294
v 0.728001 0.791004 1.816692
v 0.732530 0.787923 1.816692
v 0.686013 0.497006 1.814881
v 0.686013 0.497006 1.829178
v 0.686013 0.497006 1.829178
v 0.686013 0.655000 1.829178
v 0.686013 0.655000 1.829178
v 0.686013 0.655000 1.814881
v 0.686013 0.662278 1.814881
v 0.686013 0.662278 1.829178
v 0.686013 0.662278 1.829178
v 0.686013 0.598796 1.829178
v 0.686013 0.598796 1.829178
v 0.686013 0.598796 1.814881
v 0.686013 0.606074 1.814881
v 0.686013 0.606074 1.829178
v 0.686013 0.606074 1.829178
v 0.686013 0.542591 1.829178
v 0.686013 0.542591 1.829178
v 0.686013 0.542591 1.814881
v 0.686013 0.549869 1.814881
v 0.686013 0.549869 1.829178
v 0.686013 0.549869 1.829178
v 0.768429 0.542591 1.829294
v 0.768429 0.542591 1.829294
v 0.768429 0.549869 1.829294
v 0.768429 0.549869 1.829294
v 0.768429 0.598796 1.829294
v 0.768429 0.598796 1.829294
v 0.768429 0.606074 1.829294
v 0.768429 0.606074 1.829294
v 0.768429 0.497006 1.816692
v 0.768429 0.497006 1.829294
v 0.768429 0.497006 1.829294
v 0.768429 0.655000 1.829294
v 0.768429 0.655000 1.829294
v 0.768429 0.655000 1.816692
v 0.768429 0.662278 1.829294
v 0.768429 0.662278 1.829294
v 0.768429 0.662278 1.816692
v 0.768429 0.598796 1.816692
v 0.768429 0.606074 1.816692
v 0.768429 0.542591 1.816692
v 0.768429 0.549869 1.816692
v 0.637958 0.783385 1.829178
v 0.630584 0.787912 1.829294
v 0.630584 0.787912 1.829294
v 0.677115 0.714843 1.829178
v 0.676293 0.727971 1.829178
v 0.672425 0.740496 1.829178
v 0.666786 0.752812 1.829178
v 0.658348 0.764474 1.829178
v 0.648980 0.774765 1.829178
v 0.642343 0.786494 1.829178
v 0.635142 0.791012 1.829294
v 0.635142 0.791012 1.829294
v 0.653541 0.776949 1.829178
v 0.662736 0.766923 1.829178
v 0.671166 0.755614 1.829178
v 0.677964 0.741193 1.829178
v 0.594698 0.716776 1.829294
v 0.596347 0.734784 1.829294
v 0.601229 0.750992 1.829294
v 0.609157 0.765929 1.829294
v 0.619827 0.779021 1.829294
v 0.647660 0.797750 1.829294
v 0.663754 0.802666 1.829294
v 0.635127 0.791004 1.816692
v 0.630598 0.787923 1.816692
v 0.677115 0.497006 1.814881
v 0.677115 0.497006 1.829178
v 0.677115 0.497006 1.829178
v 0.677115 0.655000 1.829178
v 0.677115 0.655000 1.829178
v 0.677115 0.655000 1.814881
v 0.677115 0.662278 1.814881
v 0.677115 0.662278 1.829178
v 0.677115 0.662278 1.829178
v 0.677115 0.598796 1.829178
v 0.677115 0.598796 1.829178
v 0.677115 0.598796 1.814881
v 0.677115 0.606074 1.814881
v 0.677115 0.606074 1.829178
v 0.677115 0.606074 1.829178
v 0.677115 0.542591 1.829178
v 0.677115 0.542591 1.829178
v 0.677115 0.542591 1.814881
v 0.677115 0.549869 1.814881
v 0.677115 0.549869 1.829178
v 0.677115 0.549869 1.829178
v 0.594698 0.542591 1.829294
v 0.594698 0.542591 1.829294
v 0.594698 0.549869 1.829294
v 0.594698 0.549869 1.829294
v 0.594698 0.598796 1.829294
v 0.594698 0.598796 1.829294
v 0.594698 0.606074 1.829294
v 0.594698 0.606074 1.829294
v 0.594698 0.497006 1.816692
v 0.594698 0.497006 1.829294
v 0.594698 0.497006 1.829294
v 0.594698 0.655000 1.829294
v 0.594698 0.655000 1.829294
v 0.594698 0.655000 1.816692
v 0.594698 0.662278 1.829294
v 0.594698 0.662278 1.829294
v 0.594698 0.662278 1.816692
v 0.594698 0.598796 1.816692
v 0.594698 0.606074 1.816692
v 0.594698 0.542591 1.816692
v 0.594698 0.549869 1.816692
v -0.686013 0.714843 1.814881
v -0.686013 0.714843 1.829178
v -0.685163 0.741193 1.814881
v -0.691962 0.755614 1.814881
v -0.700392 0.766923 1.814881
v -0.709587 0.776949 1.814881
v -0.720785 0.786494 1.814881
v -0.686835 0.727971 1.829178
v -0.690703 0.740496 1.829178
v -0.696342 0.752812 1.829178
v -0.704780 0.764474 1.829178
v -0.714147 0.774765 1.829178
v -0.725170 0.783385 1.829178
v -0.725170 0.783385 1.814881
v -0.714147 0.774765 1.814881
v -0.704780 0.764474 1.814881
v -0.696342 0.752812 1.814881
v -0.690703 0.740496 1.814881
v -0.686835 0.727971 1.814881
v -0.720785 0.786494 1.829178
v -0.709587 0.776949 1.829178
v -0.700392 0.766923 1.829178
v -0.691962 0.755614 1.829178
v -0.685163 0.741193 1.829178
v -0.768429 0.716776 1.816692
v -0.699373 0.802666 1.816692
v -0.715468 0.797750 1.816692
v -0.743301 0.779021 1.816692
v -0.753971 0.765929 1.816692
v -0.761899 0.750992 1.816692
v -0.766781 0.734784 1.816692
v -0.768429 0.716776 1.829294
v -0.766781 0.734784 1.829294
v -0.761899 0.750992 1.829294
v -0.753971 0.765929 1.829294
v -0.743301 0.779021 1.829294
v -0.715468 0.797750 1.829294
v -0.699373 0.802666 1.829294
v -0.775723 0.716776 1.829294
v -0.773936 0.734036 1.829294
v -0.768644 0.751604 1.829294
v -0.760050 0.767796 1.829294
v -0.748485 0.781987 1.829294
v -0.718314 0.802289 1.829294
v -0.700869 0.807618 1.829294
v -0.732530 0.787923 1.816692
v -0.728001 0.791004 1.816692
v -0.732544 0.787912 1.829294
v -0.727986 0.791012 1.829294
v -0.732007 0.794918 1.829294
v -0.736684 0.791741 1.829294
v -0.686013 0.497006 1.814881
v -0.686013 0.497006 1.829178
v -0.686013 0.549869 1.829178
v -0.686013 0.542591 1.829178
v -0.686013 0.606074 1.829178
v -0.686013 0.598796 1.829178
v -0.686013 0.662278 1.829178
v -0.686013 0.655000 1.829178
v -0.686013 0.549869 1.814881
v -0.686013 0.542591 1.814881
v -0.686013 0.606074 1.814881
v -0.686013 0.598796 1.814881
v -0.686013 0.662278 1.814881
v -0.686013 0.655000 1.814881
v -0.768429 0.497006 1.816692
v -0.768429 0.497006 1.829294
v -0.775723 0.490097 1.829294
v -0.775723 0.545449 1.829294
v -0.775723 0.601438 1.829294
v -0.775723 0.657472 1.829294
v -0.768429 0.655000 1.829294
v -0.768429 0.662278 1.829294
v -0.768429 0.598796 1.829294
v -0.768429 0.606074 1.829294
v -0.768429 0.542591 1.829294
v -0.768429 0.549869 1.829294
v -0.768429 0.655000 1.816692
v -0.768429 0.662278 1.816692
v -0.768429 0.598796 1.816692
v -0.768429 0.606074 1.816692
v -0.768429 0.542591 1.816692
v -0.768429 0.549869 1.816692
v -0.677115 0.714843 1.814881
v -0.681564 0.714853 1.829178
v -0.677115 0.714843 1.829178
v -0.681564 0.728055 1.814881
v -0.677964 0.741193 1.814881
v -0.671166 0.755614 1.814881
v -0.662736 0.766923 1.814881
v -0.653541 0.776949 1.814881
v -0.642343 0.786494 1.814881
v -0.676293 0.727971 1.829178
v -0.672425 0.740496 1.829178
v -0.666786 0.752812 1.829178
v -0.658348 0.764474 1.829178
v -0.648980 0.774765 1.829178
v -0.637958 0.783385 1.829178
v -0.637958 0.783385 1.814881
v -0.648980 0.774765 1.814881
v -0.658348 0.764474 1.814881
v -0.666786 0.752812 1.814881
v -0.672425 0.740496 1.814881
v -0.676293 0.727971 1.814881
v -0.642343 0.786494 1.829178
v -0.653541 0.776949 1.829178
v -0.662736 0.766923 1.829178
v -0.671166 0.755614 1.829178
v -0.677964 0.741193 1.829178
v -0.681564 0.728055 1.829178
v -0.594698 0.716776 1.816692
v -0.681564 0.804327 1.816692
v -0.663754 0.802666 1.816692
v -0.647660 0.797750 1.816692
v -0.619827 0.779021 1.816692
v -0.609157 0.765929 1.816692
v -0.601229 0.750992 1.816692
v -0.596347 0.734784 1.816692
v -0.594698 0.716776 1.829294
v -0.596347 0.734784 1.829294
v -0.601229 0.750992 1.829294
v -0.609157 0.765929 1.829294
v -0.619827 0.779021 1.829294
v -0.647660 0.797750 1.829294
v -0.663754 0.802666 1.829294
v -0.681564 0.804327 1.829294
v -0.587405 0.716776 1.829294
v -0.589192 0.734036 1.829294
v -0.594484 0.751604 1.829294
v -0.603077 0.767796 1.829294
v -0.614643 0.781987 1.829294
v -0.644813 0.802289 1.829294
v -0.662259 0.807618 1.829294
v -0.681564 0.809417 1.829294
v -0.630598 0.787923 1.816692
v -0.635127 0.791004 1.816692
v -0.630584 0.787912 1.829294
v -0.635142 0.791012 1.829294
v -0.631121 0.794918 1.829294
v -0.626444 0.791740 1.829294
v -0.677115 0.497006 1.814881
v -0.681564 0.490035 1.829178
v -0.677115 0.497006 1.829178
v -0.677115 0.549869 1.829178
v -0.677115 0.542591 1.829178
v -0.677115 0.606074 1.829178
v -0.677115 0.598796 1.829178
v -0.677115 0.662278 1.829178
v -0.677115 0.655000 1.829178
v -0.681564 0.655009 1.829178
v -0.681564 0.662288 1.829178
v -0.681564 0.598805 1.829178
v -0.681564 0.606083 1.829178
v -0.681564 0.542601 1.829178
v -0.681564 0.549879 1.829178
v -0.677115 0.549869 1.814881
v -0.677115 0.542591 1.814881
v -0.677115 0.606074 1.814881
v -0.677115 0.598796 1.814881
v -0.677115 0.662278 1.814881
v -0.677115 0.655000 1.814881
v -0.594698 0.497006 1.816692
v -0.594698 0.497006 1.829294
v -0.587405 0.490097 1.829294
v -0.587405 0.545448 1.829294
v -0.587405 0.601438 1.829294
v -0.587405 0.657472 1.829294
v -0.594698 0.655000 1.829294
v -0.594698 0.662278 1.829294
v -0.594698 0.598796 1.829294
v -0.594698 0.606074 1.829294
v -0.594698 0.542591 1.829294
v -0.594698 0.549869 1.829294
v -0.594698 0.655000 1.816692
v -0.594698 0.662278 1.816692
v -0.594698 0.598796 1.816692
v -0.594698 0.606074 1.816692
v -0.594698 0.542591 1.816692
v -0.594698 0.549869 1.816692
v -0.725170 0.783385 1.829178
v -0.732544 0.787912 1.829294
v -0.732544 0.787912 1.829294
v -0.686013 0.714843 1.829178
v -0.686835 0.727971 1.829178
v -0.690703 0.740496 1.829178
v -0.696342 0.752812 1.829178
v -0.704780 0.764474 1.829178
v -0.714147 0.774765 1.829178
v -0.720785 0.786494 1.829178
v -0.727986 0.791012 1.829294
v -0.727986 0.791012 1.829294
v -0.709587 0.776949 1.829178
v -0.700392 0.766923 1.829178
v -0.691962 0.755614 1.829178
v -0.685163 0.741193 1.829178
v -0.681564 0.728055 1.829178
v -0.681564 0.728055 1.829178
v -0.681564 0.728055 1.814881
v -0.768429 0.716776 1.829294
v -0.766781 0.734784 1.829294
v -0.761899 0.750992 1.829294
v -0.753971 0.765929 1.829294
v -0.743301 0.779021 1.829294
v -0.715468 0.797750 1.829294
v -0.699373 0.802666 1.829294
v -0.681564 0.804327 1.829294
v -0.728001 0.791004 1.816692
v -0.732530 0.787923 1.816692
v -0.686013 0.497006 1.814881
v -0.686013 0.497006 1.829178
v -0.686013 0.497006 1.829178
v -0.686013 0.655000 1.829178
v -0.686013 0.655000 1.829178
v -0.686013 0.655000 1.814881
v -0.686013 0.662278 1.814881
v -0.686013 0.662278 1.829178
v -0.686013 0.662278 1.829178
v -0.686013 0.598796 1.829178
v -0.686013 0.598796 1.829178
v -0.686013 0.598796 1.814881
v -0.686013 0.606074 1.814881
v -0.686013 0.606074 1.829178
v -0.686013 0.606074 1.829178
v -0.686013 0.542591 1.829178
v -0.686013 0.542591 1.829178
v -0.686013 0.542591 1.814881
v -0.686013 0.549869 1.814881
v -0.686013 0.549869 1.829178
v -0.686013 0.549869 1.829178
v -0.768429 0.542591 1.829294
v -0.768429 0.542591 1.829294
v -0.768429 0.549869 1.829294
v -0.768429 0.549869 1.829294
v -0.768429 0.598796 1.829294
v -0.768429 0.598796 1.829294
v -0.768429 0.606074 1.829294
v -0.768429 0.606074 1.829294
v -0.768429 0.497006 1.816692
v -0.768429 0.497006 1.829294
v -0.768429 0.497006 1.829294
v -0.768429 0.655000 1.829294
v -0.768429 0.655000 1.829294
v -0.768429 0.655000 1.816692
v -0.768429 0.662278 1.829294
v -0.768429 0.662278 1.829294
v -0.768429 0.662278 1.816692
v -0.768429 0.598796 1.816692
v -0.768429 0.606074 1.816692
v -0.768429 0.542591 1.816692
v -0.768429 0.549869 1.816692
v -0.637958 0.783385 1.829178
v -0.630584 0.787912 1.829294
v -0.630584 0.787912 1.829294
v -0.677115 0.714843 1.829178
v -0.676293 0.727971 1.829178
v -0.672425 0.740496 1.829178
v -0.666786 0.752812 1.829178
v -0.658348 0.764474 1.829178
v -0.648980 0.774765 1.829178
v -0.642343 0.786494 1.829178
v -0.635142 0.791012 1.829294
v -0.635142 0.791012 1.829294
v -0.653541 0.776949 1.829178
v -0.662736 0.766923 1.829178
v -0.671166 0.755614 1.829178
v -0.677964 0.741193 1.829178
v -0.594698 0.716776 1.829294
v -0.596347 0.734784 1.829294
v -0.601229 0.750992 1.829294
v -0.609157 0.765929 1.829294
v -0.619827 0.779021 1.829294
v -0.647660 0.797750 1.829294
v -0.663754 0.802666 1.829294
v -0.635127 0.791004 1.816692
v -0.630598 0.787923 1.816692
v -0.677115 0.497006 1.814881
v -0.677115 0.497006 1.829178
v -0.677115 0.497006 1.829178
v -0.677115 0.655000 1.829178
v -0.677115 0.655000 1.829178
v -0.677115 0.655000 1.814881
v -0.677115 0.662278 1.814881
v -0.677115 0.662278 1.829178
v -0.677115 0.662278 1.829178
v -0.677115 0.598796 1.829178
v -0.677115 0.598796 1.829178
v -0.677115 0.598796 1.814881
v -0.677115 0.606074 1.814881
v -0.677115 0.606074 1.829178
v -0.677115 0.606074 1.829178
v -0.677115 0.542591 1.829178
v -0.677115 0.542591 1.829178
v -0.677115 0.542591 1.814881
v -0.677115 0.549869 1.814881
v -0.677115 0.549869 1.829178
v -0.677115 0.549869 1.829178
v -0.594698 0.542591 1.829294
v -0.594698 0.542591 1.829294
v -0.594698 0.549869 1.829294
v -0.594698 0.549869 1.829294
v -0.594698 0.598796 1.829294
v -0.594698 0.598796 1.829294
v -0.594698 0.606074 1.829294
v -0.594698 0.606074 1.829294
v -0.594698 0.497006 1.816692
v -0.594698 0.497006 1.829294
v -0.594698 0.497006 1.829294
v -0.594698 0.655000 1.829294
v -0.594698 0.655000 1.829294
v -0.594698 0.655000 1.816692
v -0.594698 0.662278 1.829294
v -0.594698 0.662278 1.829294
v -0.594698 0.662278 1.816692
v -0.594698 0.598796 1.816692
v -0.594698 0.606074 1.816692
v -0.594698 0.542591 1.816692
v -0.594698 0.549869 1.816692
vt 0.689186 0.604523
vt 0.687182 0.597999
vt 0.697966 0.595010
vt 0.698470 0.601737
vt 0.689186 0.604523
vt 0.684972 0.604033
vt 0.682981 0.597765
vt 0.687182 0.597999
vt 0.672225 0.600738
vt 0.669185 0.589436
vt 0.680167 0.586613
vt 0.682981 0.597765
vt 0.666536 0.578797
vt 0.677739 0.576175
vt 0.663959 0.567524
vt 0.675344 0.565194
vt 0.661513 0.554314
vt 0.673329 0.552424
vt 0.659839 0.542703
vt 0.672021 0.541057
vt 0.688756 0.529621
vt 0.689061 0.540854
vt 0.676628 0.541471
vt 0.676546 0.529952
vt 0.689880 0.551663
vt 0.677974 0.552910
vt 0.691179 0.562604
vt 0.679500 0.564299
vt 0.693063 0.573871
vt 0.681774 0.576037
vt 0.695288 0.584548
vt 0.684174 0.587122
vt 0.672725 0.529722
vt 0.676546 0.529952
vt 0.676628 0.541471
vt 0.672021 0.541057
vt 0.677974 0.552910
vt 0.673329 0.552424
vt 0.679500 0.564299
vt 0.675344 0.565194
vt 0.681774 0.576037
vt 0.677739 0.576175
vt 0.684174 0.587122
vt 0.680167 0.586613
vt 0.567970 0.467589
vt 0.562918 0.481097
vt 0.553083 0.477708
vt 0.558453 0.464029
vt 0.559050 0.493921
vt 0.549150 0.491375
vt 0.556729 0.506903
vt 0.557029 0.518398
vt 0.546428 0.518876
vt 0.546361 0.507188
vt 0.546361 0.507188
vt 0.546428 0.518876
vt 0.541707 0.520353
vt 0.541869 0.507787
vt 0.558151 0.532079
vt 0.547758 0.533318
vt 0.560332 0.545467
vt 0.550214 0.547509
vt 0.563545 0.558473
vt 0.553815 0.561276
vt 0.567970 0.571797
vt 0.558820 0.574969
vt 0.556573 0.504985
vt 0.546780 0.502778
vt 0.553083 0.477708
vt 0.549150 0.491375
vt 0.544759 0.491011
vt 0.549001 0.476716
vt 0.558453 0.464029
vt 0.554878 0.462203
vt 0.553815 0.561276
vt 0.558820 0.574969
vt 0.553625 0.577468
vt 0.548983 0.564562
vt 0.550214 0.547509
vt 0.545377 0.550204
vt 0.547758 0.533318
vt 0.542944 0.535437
vt 0.546780 0.502778
vt 0.542300 0.503264
vt 0.684972 0.604033
vt 0.675461 0.606826
vt 0.599715 0.473265
vt 0.603351 0.473257
vt 0.603351 0.513242
vt 0.599715 0.513250
vt 0.599715 0.519198
vt 0.603351 0.519190
vt 0.603351 0.559175
vt 0.599715 0.559182
vt 0.599715 0.424359
vt 0.603351 0.424351
vt 0.603351 0.467309
vt 0.599715 0.467317
vt 0.599715 0.565130
vt 0.603351 0.565123
vt 0.603351 0.608081
vt 0.599715 0.602385
vt 0.588031 0.424359
vt 0.599715 0.424359
vt 0.599715 0.467317
vt 0.588031 0.467317
vt 0.588031 0.473265
vt 0.599715 0.473265
vt 0.599715 0.513250
vt 0.588031 0.513250
vt 0.588031 0.519198
vt 0.599715 0.519198
vt 0.599715 0.559182
vt 0.588031 0.559182
vt 0.588031 0.565130
vt 0.599715 0.565130
vt 0.599715 0.602385
vt 0.588031 0.602385
vt 0.648533 0.448957
vt 0.654481 0.448957
vt 0.654481 0.516311
vt 0.648533 0.516311
vt 0.654481 0.448957
vt 0.666165 0.448940
vt 0.664781 0.516296
vt 0.654481 0.516311
vt 0.636849 0.448940
vt 0.648533 0.448957
vt 0.648533 0.516311
vt 0.638234 0.516296
vt 0.622562 0.526115
vt 0.616614 0.526115
vt 0.616614 0.458761
vt 0.622562 0.458761
vt 0.616614 0.526115
vt 0.604930 0.526132
vt 0.606314 0.458775
vt 0.616614 0.458761
vt 0.634246 0.526132
vt 0.622562 0.526115
vt 0.622562 0.458761
vt 0.632861 0.458775
vt 0.587955 0.515344
vt 0.581994 0.513184
vt 0.581994 0.473200
vt 0.587955 0.469587
vt 0.612721 0.604113
vt 0.612677 0.536759
vt 0.622977 0.536767
vt 0.624405 0.604122
vt 0.607027 0.607753
vt 0.607027 0.530802
vt 0.612677 0.536759
vt 0.612721 0.604113
vt 0.581994 0.559117
vt 0.571695 0.559117
vt 0.571695 0.519132
vt 0.581994 0.519132
vt 0.581994 0.513184
vt 0.571695 0.513184
vt 0.571695 0.473200
vt 0.581994 0.473200
vt 0.581994 0.467252
vt 0.571695 0.467252
vt 0.571695 0.429997
vt 0.581994 0.429997
vt 0.581994 0.609602
vt 0.571695 0.609602
vt 0.571695 0.565065
vt 0.581994 0.565065
vt 0.587955 0.609602
vt 0.581994 0.609602
vt 0.581994 0.565065
vt 0.587955 0.561137
vt 0.581994 0.559117
vt 0.581994 0.519132
vt 0.637758 0.537602
vt 0.643706 0.537602
vt 0.643707 0.604956
vt 0.637758 0.604956
vt 0.643706 0.537602
vt 0.655390 0.537585
vt 0.654006 0.604941
vt 0.643707 0.604956
vt 0.626074 0.537585
vt 0.637758 0.537602
vt 0.637758 0.604956
vt 0.627459 0.604941
vt 0.581994 0.467252
vt 0.581994 0.429997
vt 0.587955 0.424351
vt 0.689186 0.604523
vt 0.698470 0.601737
vt 0.697966 0.595010
vt 0.687182 0.597999
vt 0.689186 0.604523
vt 0.687182 0.597999
vt 0.682981 0.597765
vt 0.684972 0.604033
vt 0.672225 0.600738
vt 0.682981 0.597765
vt 0.680167 0.586613
vt 0.669185 0.589436
vt 0.677739 0.576175
vt 0.666536 0.578797
vt 0.675344 0.565194
vt 0.663959 0.567524
vt 0.673329 0.552424
vt 0.661513 0.554314
vt 0.672021 0.541057
vt 0.659839 0.542703
vt 0.688756 0.529621
vt 0.676546 0.529952
vt 0.676628 0.541471
vt 0.689061 0.540854
vt 0.677974 0.552910
vt 0.689880 0.551663
vt 0.679500 0.564299
vt 0.691179 0.562604
vt 0.681774 0.576037
vt 0.693063 0.573871
vt 0.684174 0.587122
vt 0.695288 0.584548
vt 0.676628 0.541471
vt 0.676546 0.529952
vt 0.673329 0.552424
vt 0.677974 0.552910
vt 0.675344 0.565194
vt 0.679500 0.564299
vt 0.677739 0.576175
vt 0.681774 0.576037
vt 0.680167 0.586613
vt 0.684174 0.587122
vt 0.553083 0.477708
vt 0.562918 0.481097
vt 0.549150 0.491375
vt 0.559050 0.493921
vt 0.556729 0.506903
vt 0.546361 0.507188
vt 0.546428 0.518876
vt 0.557029 0.518398
vt 0.546361 0.507188
vt 0.541869 0.507787
vt 0.541707 0.520353
vt 0.546428 0.518876
vt 0.547758 0.533318
vt 0.558151 0.532079
vt 0.550214 0.547509
vt 0.560332 0.545467
vt 0.553815 0.561276
vt 0.563545 0.558473
vt 0.558820 0.574969
vt 0.567970 0.571797
vt 0.546780 0.502778
vt 0.556573 0.504985
vt 0.553083 0.477708
vt 0.549001 0.476716
vt 0.544759 0.491011
vt 0.549150 0.491375
vt 0.553815 0.561276
vt 0.548983 0.564562
vt 0.553625 0.577468
vt 0.558820 0.574969
vt 0.550214 0.547509
vt 0.545377 0.550204
vt 0.547758 0.533318
vt 0.542944 0.535437
vt 0.542300 0.503264
vt 0.546780 0.502778
vt 0.684972 0.604033
vt 0.675461 0.606826
vt 0.599715 0.473265
vt 0.599715 0.513250
vt 0.599715 0.519198
vt 0.599715 0.559182
vt 0.599715 0.424359
vt 0.599715 0.467317
vt 0.599715 0.565130
vt 0.599715 0.602385
vt 0.588031 0.424359
vt 0.588031 0.467317
vt 0.599715 0.467317
vt 0.599715 0.424359
vt 0.588031 0.473265
vt 0.588031 0.513250
vt 0.599715 0.513250
vt 0.599715 0.473265
vt 0.588031 0.519198
vt 0.588031 0.559182
vt 0.599715 0.559182
vt 0.599715 0.519198
vt 0.588031 0.565130
vt 0.588031 0.602385
vt 0.599715 0.602385
vt 0.599715 0.565130
vt 0.648533 0.448957
vt 0.648533 0.516311
vt 0.654481 0.516311
vt 0.654481 0.448957
vt 0.654481 0.448957
vt 0.654481 0.516311
vt 0.664781 0.516296
vt 0.666165 0.448940
vt 0.636849 0.448940
vt 0.638234 0.516296
vt 0.648533 0.516311
vt 0.648533 0.448957
vt 0.622562 0.526115
vt 0.622562 0.458761
vt 0.616614 0.458761
vt 0.616614 0.526115
vt 0.616614 0.526115
vt 0.616614 0.458761
vt 0.606314 0.458775
vt 0.604930 0.526132
vt 0.634246 0.526132
vt 0.632861 0.458775
vt 0.622562 0.458761
vt 0.622562 0.526115
vt 0.587955 0.515344
vt 0.587955 0.469587
vt 0.581994 0.473200
vt 0.581994 0.513184
vt 0.612721 0.604113
vt 0.624405 0.604122
vt 0.622977 0.536767
vt 0.612677 0.536759
vt 0.612721 0.604113
vt 0.612677 0.536759
vt 0.607027 0.530802
vt 0.581994 0.559117
vt 0.581994 0.519132
vt 0.571695 0.519132
vt 0.571695 0.559117
vt 0.581994 0.513184
vt 0.581994 0.473200
vt 0.571695 0.473200
vt 0.571695 0.513184
vt 0.581994 0.467252
vt 0.581994 0.429997
vt 0.571695 0.429997
vt 0.571695 0.467252
vt 0.581994 0.609602
vt 0.581994 0.565065
vt 0.571695 0.565065
vt 0.571695 0.609602
vt 0.587955 0.609602
vt 0.587955 0.561137
vt 0.581994 0.565065
vt 0.581994 0.609602
vt 0.581994 0.519132
vt 0.581994 0.559117
vt 0.637758 0.537602
vt 0.637758 0.604956
vt 0.643707 0.604956
vt 0.643706 0.537602
vt 0.643706 0.537602
vt 0.643707 0.604956
vt 0.654006 0.604941
vt 0.655390 0.537585
vt 0.626074 0.537585
vt 0.627459 0.604941
vt 0.637758 0.604956
vt 0.637758 0.537602
vt 0.581994 0.467252
vt 0.587955 0.424351
vt 0.581994 0.429997
vt 0.689186 0.604523
vt 0.698470 0.601737
vt 0.697966 0.595010
vt 0.687182 0.597999
vt 0.689186 0.604523
vt 0.687182 0.597999
vt 0.682981 0.597765
vt 0.684972 0.604033
vt 0.672225 0.600738
vt 0.682981 0.597765
vt 0.680167 0.586613
vt 0.669185 0.589436
vt 0.677739 0.576175
vt 0.666536 0.578797
vt 0.675344 0.565194
vt 0.663959 0.567524
vt 0.673329 0.552424
vt 0.661513 0.554314
vt 0.672021 0.541057
vt 0.659839 0.542703
vt 0.688756 0.529621
vt 0.676546 0.529952
vt 0.676628 0.541471
vt 0.689061 0.540854
vt 0.677974 0.552910
vt 0.689880 0.551663
vt 0.679500 0.564299
vt 0.691179 0.562604
vt 0.681774 0.576037
vt 0.693063 0.573871
vt 0.684174 0.587122
vt 0.695288 0.584548
vt 0.672725 0.529722
vt 0.672021 0.541057
vt 0.676628 0.541471
vt 0.676546 0.529952
vt 0.673329 0.552424
vt 0.677974 0.552910
vt 0.675344 0.565194
vt 0.679500 0.564299
vt 0.677739 0.576175
vt 0.681774 0.576037
vt 0.680167 0.586613
vt 0.684174 0.587122
vt 0.567970 0.467589
vt 0.558453 0.464029
vt 0.553083 0.477708
vt 0.562918 0.481097
vt 0.549150 0.491375
vt 0.559050 0.493921
vt 0.556729 0.506903
vt 0.546361 0.507188
vt 0.546428 0.518876
vt 0.557029 0.518398
vt 0.546361 0.507188
vt 0.541869 0.507787
vt 0.541707 0.520353
vt 0.546428 0.518876
vt 0.547758 0.533318
vt 0.558151 0.532079
vt 0.550214 0.547509
vt 0.560332 0.545467
vt 0.553815 0.561276
vt 0.563545 0.558473
vt 0.558820 0.574969
vt 0.567970 0.571797
vt 0.546780 0.502778
vt 0.556573 0.504985
vt 0.553083 0.477708
vt 0.549001 0.476716
vt 0.544759 0.491011
vt 0.549150 0.491375
vt 0.558453 0.464029
vt 0.554878 0.462203
vt 0.553815 0.561276
vt 0.548983 0.564562
vt 0.553625 0.577468
vt 0.558820 0.574969
vt 0.550214 0.547509
vt 0.545377 0.550204
vt 0.547758 0.533318
vt 0.542944 0.535437
vt 0.542300 0.503264
vt 0.546780 0.502778
vt 0.684972 0.604033
vt 0.675461 0.606826
vt 0.599715 0.473265
vt 0.599715 0.513250
vt 0.603351 0.513242
vt 0.603351 0.473257
vt 0.599715 0.519198
vt 0.599715 0.559182
vt 0.603351 0.559175
vt 0.603351 0.519190
vt 0.599715 0.424359
vt 0.599715 0.467317
vt 0.603351 0.467309
vt 0.603351 0.424351
vt 0.599715 0.565130
vt 0.599715 0.602385
vt 0.603351 0.608081
vt 0.603351 0.565123
vt 0.588031 0.424359
vt 0.588031 0.467317
vt 0.599715 0.467317
vt 0.599715 0.424359
vt 0.588031 0.473265
vt 0.588031 0.513250
vt 0.599715 0.513250
vt 0.599715 0.473265
vt 0.588031 0.519198
vt 0.588031 0.559182
vt 0.599715 0.559182
vt 0.599715 0.519198
vt 0.588031 0.565130
vt 0.588031 0.602385
vt 0.599715 0.602385
vt 0.599715 0.565130
vt 0.648533 0.448957
vt 0.648533 0.516311
vt 0.654481 0.516311
vt 0.654481 0.448957
vt 0.654481 0.448957
vt 0.654481 0.516311
vt 0.664781 0.516296
vt 0.666165 0.448940
vt 0.636849 0.448940
vt 0.638234 0.516296
vt 0.648533 0.516311
vt 0.648533 0.448957
vt 0.622562 0.526115
vt 0.622562 0.458761
vt 0.616614 0.458761
vt 0.616614 0.526115
vt 0.616614 0.526115
vt 0.616614 0.458761
vt 0.606314 0.458775
vt 0.604930 0.526132
vt 0.634246 0.526132
vt 0.632861 0.458775
vt 0.622562 0.458761
vt 0.622562 0.526115
vt 0.587955 0.515344
vt 0.587955 0.469587
vt 0.581994 0.473200
vt 0.581994 0.513184
vt 0.612721 0.604113
vt 0.624405 0.604122
vt 0.622977 0.536767
vt 0.612677 0.536759
vt 0.607027 0.607753
vt 0.612721 0.604113
vt 0.612677 0.536759
vt 0.607027 0.530802
vt 0.581994 0.559117
vt 0.581994 0.519132
vt 0.571695 0.519132
vt 0.571695 0.559117
vt 0.581994 0.513184
vt 0.581994 0.473200
vt 0.571695 0.473200
vt 0.571695 0.513184
vt 0.581994 0.467252
vt 0.581994 0.429997
vt 0.571695 0.429997
vt 0.571695 0.467252
vt 0.581994 0.609602
vt 0.581994 0.565065
vt 0.571695 0.565065
vt 0.571695 0.609602
vt 0.587955 0.609602
vt 0.587955 0.561137
vt 0.581994 0.565065
vt 0.581994 0.609602
vt 0.581994 0.519132
vt 0.581994 0.559117
vt 0.637758 0.537602
vt 0.637758 0.604956
vt 0.643707 0.604956
vt 0.643706 0.537602
vt 0.643706 0.537602
vt 0.643707 0.604956
vt 0.654006 0.604941
vt 0.655390 0.537585
vt 0.626074 0.537585
vt 0.627459 0.604941
vt 0.637758 0.604956
vt 0.637758 0.537602
vt 0.581994 0.467252
vt 0.587955 0.424351
vt 0.581994 0.429997
vt 0.689186 0.604523
vt 0.687182 0.597999
vt 0.697966 0.595010
vt 0.698470 0.601737
vt 0.689186 0.604523
vt 0.684972 0.604033
vt 0.682981 0.597765
vt 0.687182 0.597999
vt 0.672225 0.600738
vt 0.669185 0.589436
vt 0.680167 0.586613
vt 0.682981 0.597765
vt 0.666536 0.578797
vt 0.677739 0.576175
vt 0.663959 0.567524
vt 0.675344 0.565194
vt 0.661513 0.554314
vt 0.673329 0.552424
vt 0.659839 0.542703
vt 0.672021 0.541057
vt 0.688756 0.529621
vt 0.689061 0.540854
vt 0.676628 0.541471
vt 0.676546 0.529952
vt 0.689880 0.551663
vt 0.677974 0.552910
vt 0.691179 0.562604
vt 0.679500 0.564299
vt 0.693063 0.573871
vt 0.681774 0.576037
vt 0.695288 0.584548
vt 0.684174 0.587122
vt 0.676546 0.529952
vt 0.676628 0.541471
vt 0.677974 0.552910
vt 0.673329 0.552424
vt 0.679500 0.564299
vt 0.675344 0.565194
vt 0.681774 0.576037
vt 0.677739 0.576175
vt 0.684174 0.587122
vt 0.680167 0.586613
vt 0.562918 0.481097
vt 0.553083 0.477708
vt 0.559050 0.493921
vt 0.549150 0.491375
vt 0.556729 0.506903
vt 0.557029 0.518398
vt 0.546428 0.518876
vt 0.546361 0.507188
vt 0.546361 0.507188
vt 0.546428 0.518876
vt 0.541707 0.520353
vt 0.541869 0.507787
vt 0.558151 0.532079
vt 0.547758 0.533318
vt 0.560332 0.545467
vt 0.550214 0.547509
vt 0.563545 0.558473
vt 0.553815 0.561276
vt 0.567970 0.571797
vt 0.558820 0.574969
vt 0.556573 0.504985
vt 0.546780 0.502778
vt 0.553083 0.477708
vt 0.549150 0.491375
vt 0.544759 0.491011
vt 0.549001 0.476716
vt 0.553815 0.561276
vt 0.558820 0.574969
vt 0.553625 0.577468
vt 0.548983 0.564562
vt 0.550214 0.547509
vt 0.545377 0.550204
vt 0.547758 0.533318
vt 0.542944 0.535437
vt 0.546780 0.502778
vt 0.542300 0.503264
vt 0.684972 0.604033
vt 0.675461 0.606826
vt 0.599715 0.473265
vt 0.599715 0.513250
vt 0.599715 0.519198
vt 0.599715 0.559182
vt 0.599715 0.424359
vt 0.599715 0.467317
vt 0.599715 0.565130
vt 0.599715 0.602385
vt 0.588031 0.424359
vt 0.599715 0.424359
vt 0.599715 0.467317
vt 0.588031 0.467317
vt 0.588031 0.473265
vt 0.599715 0.473265
vt 0.599715 0.513250
vt 0.588031 0.513250
vt 0.588031 0.519198
vt 0.599715 0.519198
vt 0.599715 0.559182
vt 0.588031 0.559182
vt 0.588031 0.565130
vt 0.599715 0.565130
vt 0.599715 0.602385
vt 0.588031 0.602385
vt 0.648533 0.448957
vt 0.654481 0.448957
vt 0.654481 0.516311
vt 0.648533 0.516311
vt 0.654481 0.448957
vt 0.666165 0.448940
vt 0.664781 0.516296
vt 0.654481 0.516311
vt 0.636849 0.448940
vt 0.648533 0.448957
vt 0.648533 0.516311
vt 0.638234 0.516296
vt 0.622562 0.526115
vt 0.616614 0.526115
vt 0.616614 0.458761
vt 0.622562 0.458761
vt 0.616614 0.526115
vt 0.604930 0.526132
vt 0.606314 0.458775
vt 0.616614 0.458761
vt 0.634246 0.526132
vt 0.622562 0.526115
vt 0.622562 0.458761
vt 0.632861 0.458775
vt 0.587955 0.515344
vt 0.581994 0.513184
vt 0.581994 0.473200
vt 0.587955 0.469587
vt 0.612721 0.604113
vt 0.612677 0.536759
vt 0.622977 0.536767
vt 0.624405 0.604122
vt 0.607027 0.530802
vt 0.612677 0.536759
vt 0.612721 0.604113
vt 0.581994 0.559117
vt 0.571695 0.559117
vt 0.571695 0.519132
vt 0.581994 0.519132
vt 0.581994 0.513184
vt 0.571695 0.513184
vt 0.571695 0.473200
vt 0.581994 0.473200
vt 0.581994 0.467252
vt 0.571695 0.467252
vt 0.571695 0.429997
vt 0.581994 0.429997
vt 0.581994 0.609602
vt 0.571695 0.609602
vt 0.571695 0.565065
vt 0.581994 0.565065
vt 0.587955 0.609602
vt 0.581994 0.609602
vt 0.581994 0.565065
vt 0.587955 0.561137
vt 0.581994 0.559117
vt 0.581994 0.519132
vt 0.637758 0.537602
vt 0.643706 0.537602
vt 0.643707 0.604956
vt 0.637758 0.604956
vt 0.643706 0.537602
vt 0.655390 0.537585
vt 0.654006 0.604941
vt 0.643707 0.604956
vt 0.626074 0.537585
vt 0.637758 0.537602
vt 0.637758 0.604956
vt 0.627459 0.604941
vt 0.581994 0.467252
vt 0.581994 0.429997
vt 0.587955 0.424351
vn 0.5241 -0.8516 -0.0006
vn 0.5707 -0.8211 -0.0003
vn 0.5742 -0.8187 -0.0003
vn -0.0022 -0.0032 1.0000
vn -0.0032 -0.0046 1.0000
vn -0.0033 -0.0048 1.0000
vn -0.0051 -0.0074 0.9999
vn -0.5955 0.8033 -0.0002
vn -0.6941 0.7198 0.0000
vn -0.5910 0.8067 -0.0003
vn -0.7703 0.6376 0.0000
vn -0.8574 0.5146 0.0000
vn -0.9380 0.3466 0.0000
vn -0.9644 0.2642 0.0000
vn 0.9995 -0.0313 0.0000
vn 0.9836 -0.1800 0.0000
vn 0.9343 -0.3564 0.0000
vn 0.8639 -0.5037 0.0000
vn 0.7760 -0.6307 0.0000
vn 0.6802 -0.7330 0.0000
vn 0.0000 0.0000 1.0000
vn 0.0000 -1.0000 0.0000
vn -0.1935 -0.9811 0.0000
vn -0.3849 -0.9229 0.0000
vn -0.6370 -0.7708 0.0000
vn -0.7095 -0.7046 0.0000
vn -0.8332 -0.5529 0.0000
vn -0.9248 -0.3804 0.0000
vn -0.9816 -0.1907 0.0000
vn -0.9989 -0.0456 0.0000
vn -0.4740 -0.8805 0.0000
vn -0.5306 0.8476 -0.0005
vn -0.0005 0.0000 1.0000
vn 0.0000 -0.0002 1.0000
vn -0.0006 -0.0001 1.0000
vn 1.0000 0.0000 0.0000
vn 0.0000 1.0000 0.0000
vn -1.0000 0.0000 0.0000
vn -0.5241 -0.8516 -0.0006
vn -0.5742 -0.8187 -0.0003
vn -0.5707 -0.8211 -0.0003
vn 0.0022 -0.0032 1.0000
vn 0.0051 -0.0074 0.9999
vn 0.0033 -0.0048 1.0000
vn 0.0032 -0.0046 1.0000
vn 0.5955 0.8033 -0.0002
vn 0.5910 0.8067 -0.0003
vn 0.6941 0.7198 0.0000
vn 0.7703 0.6376 0.0000
vn 0.8574 0.5146 0.0000
vn 0.9380 0.3466 0.0000
vn 0.9644 0.2642 0.0000
vn -0.9995 -0.0313 0.0000
vn -0.9836 -0.1800 0.0000
vn -0.9343 -0.3564 0.0000
vn -0.8639 -0.5037 0.0000
vn -0.7760 -0.6307 0.0000
vn -0.6802 -0.7330 0.0000
vn 0.1935 -0.9811 0.0000
vn 0.3849 -0.9229 0.0000
vn 0.6370 -0.7708 0.0000
vn 0.7095 -0.7046 0.0000
vn 0.8332 -0.5529 0.0000
vn 0.9248 -0.3804 0.0000
vn 0.9816 -0.1907 0.0000
vn 0.9989 -0.0456 0.0000
vn 0.4740 -0.8805 0.0000
vn 0.5306 0.8476 -0.0005
vn 0.0005 0.0000 1.0000
vn 0.0006 -0.0001 1.0000
vn -0.0007 -0.0001 1.0000
usemtl Mat2
s 1
f 3701/3718/388 3700/3719/389 3534/3720/390 3728/3721/388
f 3702/3722/391 3710/3723/392 3709/3724/393 3533/3725/394
f 3527/3726/395 3526/3727/396 3712/3728/396 3540/3729/397
f 3526/3727/396 3525/3730/398 3713/3731/398 3712/3728/396
f 3525/3730/398 3524/3732/399 3714/3733/399 3713/3731/398
f 3524/3732/399 3523/3734/400 3715/3735/400 3714/3733/399
f 3523/3734/400 3718/3736/401 3717/3737/401 3715/3735/400
f 3521/3738/402 3539/3739/403 3704/3740/403 3703/3741/402
f 3539/3739/403 3538/3742/404 3705/3743/404 3704/3740/403
f 3538/3742/404 3537/3744/405 3706/3745/405 3705/3743/404
f 3537/3744/405 3536/3746/406 3707/3747/406 3706/3745/405
f 3536/3746/406 3535/3748/407 3708/3749/407 3707/3747/406
f 3535/3748/407 3534/3720/390 3700/3719/389 3708/3749/407
f 3605/3750/408 3522/3751/408 3528/3752/408 3716/3753/408
f 3716/3753/408 3528/3752/408 3529/3754/408 3544/3755/408
f 3544/3755/408 3529/3754/408 3530/3756/408 3543/3757/408
f 3543/3757/408 3530/3756/408 3531/3758/408 3542/3759/408
f 3542/3759/408 3531/3758/408 3532/3760/408 3541/3761/408
f 3541/3761/408 3532/3760/408 3533/3725/394 3709/3724/393
f 3632/3762/409 3546/3763/410 3725/3764/410 3726/3765/409
f 3546/3763/410 3547/3766/411 3724/3767/411 3725/3764/410
f 3566/3768/412 3548/3769/413 3723/3770/413 3568/3771/412
f 3702/3772/391 3556/3773/408 3563/3774/408 3571/3775/408
f 3548/3769/413 3549/3776/414 3722/3777/414 3723/3770/413
f 3549/3776/414 3550/3778/415 3721/3779/415 3722/3777/414
f 3550/3778/415 3551/3780/416 3720/3781/416 3721/3779/415
f 3551/3780/416 3545/3782/417 3719/3783/417 3720/3781/416
f 3547/3766/411 3727/3784/418 3711/3785/418 3724/3767/411
f 3558/3786/408 3557/3787/408 3564/3788/408 3565/3789/408
f 3646/3790/408 3558/3786/408 3565/3789/408 3654/3791/408
f 3553/3792/408 3552/3793/408 3559/3794/408 3560/3795/408
f 3554/3796/408 3553/3792/408 3560/3795/408 3561/3797/408
f 3555/3798/408 3554/3796/408 3561/3797/408 3562/3799/408
f 3556/3773/408 3555/3798/408 3562/3799/408 3563/3774/408
f 3557/3787/408 3710/3800/392 3570/3801/408 3564/3788/408
f 3569/3802/419 3567/3803/419 3527/3726/395 3540/3729/397
f 3702/3772/391 3571/3775/408 3570/3801/408 3710/3800/392
f 3732/3804/420 3670/3805/408 3673/3806/408 3742/3807/420
f 3738/3808/420 3672/3809/408 3675/3810/408 3748/3811/420
f 3522/3812/408 3605/3813/408 3671/3814/408 3736/3815/420
f 3744/3816/420 3674/3817/408 3662/3818/421 3731/3819/422
f 3521/3820/402 3703/3821/402 3737/3822/423 3735/3823/423
f 3734/3824/423 3733/3825/423 3743/3826/423 3741/3827/423
f 3740/3828/423 3739/3829/423 3749/3830/423 3747/3831/423
f 3670/3805/408 3732/3804/420 3736/3815/420 3671/3814/408
f 3672/3809/408 3738/3808/420 3742/3807/420 3673/3806/408
f 3674/3817/408 3744/3816/420 3748/3811/420 3675/3810/408
f 3746/3832/423 3745/3833/423 3730/3834/423 3729/3835/423
f 3742/3836/420 3738/3837/420 3754/3838/420 3756/3839/420
f 3577/3840/409 3583/3841/409 3767/3842/409 3755/3843/409
f 3582/3844/424 3576/3845/424 3757/3846/424 3768/3847/424
f 3748/3848/420 3744/3849/420 3750/3850/420 3752/3851/420
f 3575/3852/409 3581/3853/409 3769/3854/409 3751/3855/409
f 3580/3856/424 3574/3857/424 3753/3858/424 3770/3859/424
f 3590/3860/408 3754/3861/420 3752/3862/420 3589/3863/408
f 3573/3864/424 3759/3865/424 3758/3866/424 3572/3867/424
f 3662/3868/421 3588/3869/422 3760/3870/422 3731/3871/422
f 3762/3872/425 3598/3873/425 3601/3874/425 3595/3875/425
f 3594/3876/425 3600/3877/425 3603/3878/425 3597/3879/425
f 3596/3880/425 3602/3881/425 3586/3882/425 3587/3883/425
f 3719/3884/417 3545/3885/417 3766/3886/425 3765/3887/425
f 3559/3888/408 3552/3889/408 3764/3890/420 3591/3891/408
f 3591/3891/408 3761/3892/420 3756/3893/420 3590/3860/408
f 3736/3894/420 3732/3895/420 3761/3896/420 3764/3897/420
f 3579/3898/409 3585/3899/409 3763/3900/409 3592/3901/409
f 3584/3902/424 3578/3903/424 3593/3904/424 3599/3905/424
f 3761/3892/420 3591/3891/408 3764/3890/420
f 3754/3861/420 3590/3860/408 3756/3893/420
f 3750/3906/420 3589/3863/408 3752/3862/420
f 3589/3863/408 3750/3906/420 3760/3907/422 3588/3908/422
f 3772/3909/426 3795/3910/426 3619/3911/427 3771/3912/428
f 3773/3913/429 3618/3914/430 3780/3915/431 3781/3916/432
f 3612/3917/433 3625/3918/434 3783/3919/435 3611/3920/435
f 3611/3920/435 3783/3919/435 3784/3921/436 3610/3922/436
f 3610/3922/436 3784/3921/436 3785/3923/437 3609/3924/437
f 3609/3924/437 3785/3923/437 3786/3925/438 3608/3926/438
f 3608/3926/438 3786/3925/438 3630/3927/439 3607/3928/439
f 3604/3929/440 3774/3930/440 3775/3931/441 3624/3932/441
f 3624/3932/441 3775/3931/441 3776/3933/442 3623/3934/442
f 3623/3934/442 3776/3933/442 3777/3935/443 3622/3936/443
f 3622/3936/443 3777/3935/443 3778/3937/444 3621/3938/444
f 3621/3938/444 3778/3937/444 3779/3939/445 3620/3940/445
f 3620/3940/445 3779/3939/445 3771/3912/428 3619/3911/427
f 3605/3750/408 3716/3753/408 3613/3941/408 3606/3942/408
f 3716/3753/408 3629/3943/408 3614/3944/408 3613/3941/408
f 3629/3943/408 3628/3945/408 3615/3946/408 3614/3944/408
f 3628/3945/408 3627/3947/408 3616/3948/408 3615/3946/408
f 3627/3947/408 3626/3949/408 3617/3950/408 3616/3948/408
f 3626/3949/408 3780/3915/431 3618/3914/430 3617/3950/408
f 3632/3762/409 3726/3765/409 3793/3951/446 3633/3952/446
f 3633/3952/446 3793/3951/446 3792/3953/447 3634/3954/447
f 3655/3955/448 3657/3956/448 3791/3957/449 3635/3958/449
f 3773/3959/429 3660/3960/408 3651/3961/408 3643/3962/408
f 3635/3958/449 3791/3957/449 3790/3963/450 3636/3964/450
f 3636/3964/450 3790/3963/450 3789/3965/451 3637/3966/451
f 3637/3966/451 3789/3965/451 3788/3967/452 3638/3968/452
f 3638/3968/452 3788/3967/452 3787/3969/453 3631/3970/453
f 3634/3954/447 3792/3953/447 3782/3971/454 3794/3972/454
f 3645/3973/408 3653/3974/408 3652/3975/408 3644/3976/408
f 3646/3790/408 3654/3791/408 3653/3974/408 3645/3973/408
f 3640/3977/408 3648/3978/408 3647/3979/408 3639/3980/408
f 3641/3981/408 3649/3982/408 3648/3978/408 3640/3977/408
f 3642/3983/408 3650/3984/408 3649/3982/408 3641/3981/408
f 3643/3962/408 3651/3961/408 3650/3984/408 3642/3983/408
f 3644/3976/408 3652/3975/408 3659/3985/408 3781/3986/432
f 3658/3987/455 3625/3918/434 3612/3917/433 3656/3988/455
f 3773/3959/429 3781/3986/432 3659/3985/408 3660/3960/408
f 3799/3989/456 3809/3990/456 3673/3806/408 3670/3805/408
f 3805/3991/456 3815/3992/456 3675/3810/408 3672/3809/408
f 3606/3993/408 3803/3994/456 3671/3814/408 3605/3813/408
f 3811/3995/456 3798/3996/457 3662/3818/421 3674/3817/408
f 3604/3997/440 3802/3998/425 3804/3999/425 3774/4000/440
f 3801/4001/425 3808/4002/425 3810/4003/425 3800/4004/425
f 3807/4005/425 3814/4006/425 3816/4007/425 3806/4008/425
f 3670/3805/408 3671/3814/408 3803/3994/456 3799/3989/456
f 3672/3809/408 3673/3806/408 3809/3990/456 3805/3991/456
f 3674/3817/408 3675/3810/408 3815/3992/456 3811/3995/456
f 3813/4009/425 3796/4010/425 3797/4011/425 3812/4012/425
f 3809/4013/456 3823/4014/456 3821/4015/456 3805/4016/456
f 3667/4017/409 3822/4018/409 3834/4019/409 3679/4020/409
f 3678/4021/424 3835/4022/424 3824/4023/424 3666/4024/424
f 3815/4025/456 3819/4026/456 3817/4027/456 3811/4028/456
f 3665/4029/409 3818/4030/409 3836/4031/409 3677/4032/409
f 3676/4033/424 3837/4034/424 3820/4035/424 3664/4036/424
f 3686/4037/408 3685/4038/408 3819/4039/456 3821/4040/456
f 3663/4041/424 3661/4042/424 3825/4043/424 3826/4044/424
f 3662/3868/421 3798/4045/457 3827/4046/457 3684/4047/457
f 3829/4048/423 3691/4049/423 3697/4050/423 3694/4051/423
f 3690/4052/423 3693/4053/423 3699/4054/423 3696/4055/423
f 3692/4056/423 3683/4057/423 3682/4058/423 3698/4059/423
f 3787/4060/453 3832/4061/423 3833/4062/423 3631/4063/453
f 3647/4064/408 3687/4065/408 3831/4066/456 3639/4067/408
f 3687/4065/408 3686/4037/408 3823/4068/456 3828/4069/456
f 3803/4070/456 3831/4071/456 3828/4072/456 3799/4073/456
f 3669/4074/409 3688/4075/409 3830/4076/409 3681/4077/409
f 3680/4078/424 3695/4079/424 3689/4080/424 3668/4081/424
f 3828/4069/456 3831/4066/456 3687/4065/408
f 3821/4040/456 3823/4068/456 3686/4037/408
f 3817/4082/456 3819/4039/456 3685/4038/408
f 3685/4038/408 3684/4083/457 3827/4084/457 3817/4082/456
f 4018/4085/426 4045/4086/426 3851/4087/427 4017/4088/428
f 4019/4089/429 3850/4090/430 4026/4091/431 4027/4092/432
f 3844/4093/433 3857/4094/434 4029/4095/435 3843/4096/435
f 3843/4096/435 4029/4095/435 4030/4097/436 3842/4098/436
f 3842/4098/436 4030/4097/436 4031/4099/437 3841/4100/437
f 3841/4100/437 4031/4099/437 4032/4101/438 3840/4102/438
f 3840/4102/438 4032/4101/438 4034/4103/439 4035/4104/439
f 3838/4105/440 4020/4106/440 4021/4107/441 3856/4108/441
f 3856/4108/441 4021/4107/441 4022/4109/442 3855/4110/442
f 3855/4110/442 4022/4109/442 4023/4111/443 3854/4112/443
f 3854/4112/443 4023/4111/443 4024/4113/444 3853/4114/444
f 3853/4114/444 4024/4113/444 4025/4115/445 3852/4116/445
f 3852/4116/445 4025/4115/445 4017/4088/428 3851/4087/427
f 3922/4117/408 4033/4118/408 3845/4119/408 3839/4120/408
f 4033/4118/408 3861/4121/408 3846/4122/408 3845/4119/408
f 3861/4121/408 3860/4123/408 3847/4124/408 3846/4122/408
f 3860/4123/408 3859/4125/408 3848/4126/408 3847/4124/408
f 3859/4125/408 3858/4127/408 3849/4128/408 3848/4126/408
f 3858/4127/408 4026/4091/431 3850/4090/430 3849/4128/408
f 3949/4129/409 4043/4130/409 4042/4131/446 3863/4132/446
f 3863/4132/446 4042/4131/446 4041/4133/447 3864/4134/447
f 3883/4135/448 3885/4136/448 4040/4137/449 3865/4138/449
f 4019/4139/429 3888/4140/408 3880/4141/408 3873/4142/408
f 3865/4138/449 4040/4137/449 4039/4143/450 3866/4144/450
f 3866/4144/450 4039/4143/450 4038/4145/451 3867/4146/451
f 3867/4146/451 4038/4145/451 4037/4147/452 3868/4148/452
f 3868/4148/452 4037/4147/452 4036/4149/453 3862/4150/453
f 3864/4134/447 4041/4133/447 4028/4151/454 4044/4152/454
f 3875/4153/408 3882/4154/408 3881/4155/408 3874/4156/408
f 3963/4157/408 3971/4158/408 3882/4154/408 3875/4153/408
f 3870/4159/408 3877/4160/408 3876/4161/408 3869/4162/408
f 3871/4163/408 3878/4164/408 3877/4160/408 3870/4159/408
f 3872/4165/408 3879/4166/408 3878/4164/408 3871/4163/408
f 3873/4142/408 3880/4141/408 3879/4166/408 3872/4165/408
f 3874/4156/408 3881/4155/408 3887/4167/408 4027/4168/432
f 3886/4169/455 3857/4094/434 3844/4093/433 3884/4170/455
f 4019/4139/429 4027/4168/432 3887/4167/408 3888/4140/408
f 4049/4171/456 4059/4172/456 3990/4173/408 3987/4174/408
f 4055/4175/456 4065/4176/456 3992/4177/408 3989/4178/408
f 3839/4179/408 4053/4180/456 3988/4181/408 3922/4182/408
f 4061/4183/456 4048/4184/457 3979/4185/421 3991/4186/408
f 3838/4187/440 4052/4188/425 4054/4189/425 4020/4190/440
f 4051/4191/425 4058/4192/425 4060/4193/425 4050/4194/425
f 4057/4195/425 4064/4196/425 4066/4197/425 4056/4198/425
f 3987/4174/408 3988/4181/408 4053/4180/456 4049/4171/456
f 3989/4178/408 3990/4173/408 4059/4172/456 4055/4175/456
f 3991/4186/408 3992/4177/408 4065/4176/456 4061/4183/456
f 4063/4199/425 4046/4200/425 4047/4201/425 4062/4202/425
f 4059/4203/456 4073/4204/456 4071/4205/456 4055/4206/456
f 3894/4207/409 4072/4208/409 4084/4209/409 3900/4210/409
f 3899/4211/424 4085/4212/424 4074/4213/424 3893/4214/424
f 4065/4215/456 4069/4216/456 4067/4217/456 4061/4218/456
f 3892/4219/409 4068/4220/409 4086/4221/409 3898/4222/409
f 3897/4223/424 4087/4224/424 4070/4225/424 3891/4226/424
f 3907/4227/408 3906/4228/408 4069/4229/456 4071/4230/456
f 3890/4231/424 3889/4232/424 4075/4233/424 4076/4234/424
f 3979/4235/421 4048/4236/457 4077/4237/457 3905/4238/457
f 4079/4239/423 3912/4240/423 3918/4241/423 3915/4242/423
f 3911/4243/423 3914/4244/423 3920/4245/423 3917/4246/423
f 3913/4247/423 3904/4248/423 3903/4249/423 3919/4250/423
f 4036/4251/453 4082/4252/423 4083/4253/423 3862/4254/453
f 3876/4255/408 3908/4256/408 4081/4257/456 3869/4258/408
f 3908/4256/408 3907/4227/408 4073/4259/456 4078/4260/456
f 4053/4261/456 4081/4262/456 4078/4263/456 4049/4264/456
f 3896/4265/409 3909/4266/409 4080/4267/409 3902/4268/409
f 3901/4269/424 3916/4270/424 3910/4271/424 3895/4272/424
f 4078/4260/456 4081/4257/456 3908/4256/408
f 4071/4230/456 4073/4259/456 3907/4227/408
f 4067/4273/456 4069/4229/456 3906/4228/408
f 3906/4228/408 3905/4274/457 4077/4275/457 4067/4273/456
f 4089/4276/388 4088/4277/389 3936/4278/390 4112/4279/388
f 4090/4280/391 4098/4281/392 4097/4282/393 3935/4283/394
f 3929/4284/395 3928/4285/396 4100/4286/396 3942/4287/397
f 3928/4285/396 3927/4288/398 4101/4289/398 4100/4286/396
f 3927/4288/398 3926/4290/399 4102/4291/399 4101/4289/398
f 3926/4290/399 3925/4292/400 4103/4293/400 4102/4291/399
f 3925/4292/400 3924/4294/401 3947/4295/401 4103/4293/400
f 3921/4296/402 3941/4297/403 4092/4298/403 4091/4299/402
f 3941/4297/403 3940/4300/404 4093/4301/404 4092/4298/403
f 3940/4300/404 3939/4302/405 4094/4303/405 4093/4301/404
f 3939/4302/405 3938/4304/406 4095/4305/406 4094/4303/405
f 3938/4304/406 3937/4306/407 4096/4307/407 4095/4305/406
f 3937/4306/407 3936/4278/390 4088/4277/389 4096/4307/407
f 3922/4117/408 3923/4308/408 3930/4309/408 4033/4118/408
f 4033/4118/408 3930/4309/408 3931/4310/408 3946/4311/408
f 3946/4311/408 3931/4310/408 3932/4312/408 3945/4313/408
f 3945/4313/408 3932/4312/408 3933/4314/408 3944/4315/408
f 3944/4315/408 3933/4314/408 3934/4316/408 3943/4317/408
f 3943/4317/408 3934/4316/408 3935/4283/394 4097/4282/393
f 3949/4129/409 3950/4318/410 4110/4319/410 4043/4130/409
f 3950/4318/410 3951/4320/411 4109/4321/411 4110/4319/410
f 3972/4322/412 3952/4323/413 4108/4324/413 3974/4325/412
f 4090/4326/391 3960/4327/408 3968/4328/408 3977/4329/408
f 3952/4323/413 3953/4330/414 4107/4331/414 4108/4324/413
f 3953/4330/414 3954/4332/415 4106/4333/415 4107/4331/414
f 3954/4332/415 3955/4334/416 4105/4335/416 4106/4333/415
f 3955/4334/416 3948/4336/417 4104/4337/417 4105/4335/416
f 3951/4320/411 4111/4338/418 4099/4339/418 4109/4321/411
f 3962/4340/408 3961/4341/408 3969/4342/408 3970/4343/408
f 3963/4157/408 3962/4340/408 3970/4343/408 3971/4158/408
f 3957/4344/408 3956/4345/408 3964/4346/408 3965/4347/408
f 3958/4348/408 3957/4344/408 3965/4347/408 3966/4349/408
f 3959/4350/408 3958/4348/408 3966/4349/408 3967/4351/408
f 3960/4327/408 3959/4350/408 3967/4351/408 3968/4328/408
f 3961/4341/408 4098/4352/392 3976/4353/408 3969/4342/408
f 3975/4354/419 3973/4355/419 3929/4284/395 3942/4287/397
f 4090/4326/391 3977/4329/408 3976/4353/408 4098/4352/392
f 4116/4356/420 3987/4174/408 3990/4173/408 4126/4357/420
f 4122/4358/420 3989/4178/408 3992/4177/408 4132/4359/420
f 3923/4360/408 3922/4182/408 3988/4181/408 4120/4361/420
f 4128/4362/420 3991/4186/408 3979/4185/421 4115/4363/422
f 3921/4364/402 4091/4365/402 4121/4366/423 4119/4367/423
f 4118/4368/423 4117/4369/423 4127/4370/423 4125/4371/423
f 4124/4372/423 4123/4373/423 4133/4374/423 4131/4375/423
f 3987/4174/408 4116/4356/420 4120/4361/420 3988/4181/408
f 3989/4178/408 4122/4358/420 4126/4357/420 3990/4173/408
f 3991/4186/408 4128/4362/420 4132/4359/420 3992/4177/408
f 4130/4376/423 4129/4377/423 4114/4378/423 4113/4379/423
f 4126/4380/420 4122/4381/420 4138/4382/420 4140/4383/420
f 3984/4384/409 3996/4385/409 4151/4386/409 4139/4387/409
f 3995/4388/424 3983/4389/424 4141/4390/424 4152/4391/424
f 4132/4392/420 4128/4393/420 4134/4394/420 4136/4395/420
f 3982/4396/409 3994/4397/409 4153/4398/409 4135/4399/409
f 3993/4400/424 3981/4401/424 4137/4402/424 4154/4403/424
f 4003/4404/408 4138/4405/420 4136/4406/420 4002/4407/408
f 3980/4408/424 4143/4409/424 4142/4410/424 3978/4411/424
f 3979/4235/421 4001/4412/422 4144/4413/458 4115/4414/422
f 4146/4415/425 4011/4416/425 4014/4417/425 4008/4418/425
f 4007/4419/425 4013/4420/425 4016/4421/425 4010/4422/425
f 4009/4423/425 4015/4424/425 3999/4425/425 4000/4426/425
f 4104/4427/417 3948/4428/417 4150/4429/425 4149/4430/425
f 3964/4431/408 3956/4432/408 4148/4433/420 4004/4434/408
f 4004/4434/408 4145/4435/420 4140/4436/420 4003/4404/408
f 4120/4437/420 4116/4438/420 4145/4439/420 4148/4440/420
f 3986/4441/409 3998/4442/409 4147/4443/409 4005/4444/409
f 3997/4445/424 3985/4446/424 4006/4447/424 4012/4448/424
f 4145/4435/420 4004/4434/408 4148/4433/420
f 4138/4405/420 4003/4404/408 4140/4436/420
f 4134/4449/420 4002/4407/408 4136/4406/420
f 4002/4407/408 4134/4449/420 4144/4450/458 4001/4451/422
o Cube.009
v 0.284680 0.299351 2.154050
v 0.284680 0.313880 2.159270
v 0.284680 0.299351 2.070663
v 0.284680 0.313880 2.070663
v 0.316828 0.299351 2.154050
v 0.316828 0.313880 2.159270
v 0.316828 0.299351 2.070663
v 0.316828 0.313880 2.070663
v 0.284680 0.240266 2.292039
v 0.284680 0.254794 2.297259
v 0.316828 0.254794 2.297259
v 0.316828 0.240266 2.292039
v 0.291179 0.259002 2.268813
v 0.291179 0.259002 2.254284
v 0.291179 -0.104432 2.268813
v 0.291179 -0.104432 2.254284
v 0.310330 0.259002 2.268813
v 0.310330 0.259002 2.254284
v 0.310330 -0.104432 2.268813
v 0.310330 -0.104432 2.254284
v -0.284680 0.299351 2.154050
v -0.284680 0.313880 2.159270
v -0.284680 0.299351 2.070663
v -0.284680 0.313880 2.070663
v -0.316828 0.299351 2.154050
v -0.316828 0.313880 2.159270
v -0.316828 0.299351 2.070663
v -0.316828 0.313880 2.070663
v -0.284680 0.240266 2.292039
v -0.284680 0.254794 2.297259
v -0.316828 0.254794 2.297259
v -0.316828 0.240266 2.292039
v -0.291179 0.259002 2.268813
v -0.291179 0.259002 2.254284
v -0.291179 -0.104432 2.268813
v -0.291179 -0.104432 2.254284
v -0.310330 0.259002 2.268813
v -0.310330 0.259002 2.254284
v -0.310330 -0.104432 2.268813
v -0.310330 -0.104432 2.254284
vt 0.726362 0.313839
vt 0.718000 0.314948
vt 0.719883 0.265539
vt 0.728242 0.265866
vt 0.753337 0.466412
vt 0.745325 0.466412
vt 0.745325 0.266003
vt 0.753337 0.266003
vt 0.692422 0.265617
vt 0.700244 0.265489
vt 0.701182 0.314390
vt 0.692870 0.313078
vt 0.726566 0.396295
vt 0.718099 0.395810
vt 0.674204 0.265875
vt 0.674871 0.313130
vt 0.691121 0.395944
vt 0.691028 0.404024
vt 0.674204 0.403830
vt 0.674297 0.395750
vt 0.699156 0.395648
vt 0.763897 0.266003
vt 0.771909 0.266003
vt 0.771909 0.466412
vt 0.763897 0.466412
vt 0.734765 0.266003
vt 0.734765 0.466412
vt 0.726362 0.313839
vt 0.728242 0.265866
vt 0.719883 0.265539
vt 0.718000 0.314948
vt 0.753337 0.466412
vt 0.753337 0.266003
vt 0.745325 0.266003
vt 0.745325 0.466412
vt 0.692422 0.265617
vt 0.692870 0.313078
vt 0.701182 0.314390
vt 0.700244 0.265489
vt 0.718099 0.395810
vt 0.726566 0.396295
vt 0.674204 0.265875
vt 0.674871 0.313130
vt 0.691121 0.395944
vt 0.674297 0.395750
vt 0.674204 0.403830
vt 0.691028 0.404024
vt 0.699156 0.395648
vt 0.763897 0.266003
vt 0.763897 0.466412
vt 0.771909 0.466412
vt 0.771909 0.266003
vt 0.734765 0.266003
vt 0.734765 0.466412
vn -1.0000 0.0000 0.0000
vn 1.0000 0.0000 0.0000
vn 0.0000 -1.0000 0.0000
vn 0.0000 1.0000 0.0000
vn 0.0000 -0.3381 0.9411
vn 0.0000 -0.9193 -0.3936
vn 0.0000 0.9193 0.3936
vn 0.0000 0.0000 1.0000
vn 0.0000 0.0000 -1.0000
usemtl Mat1
s off
f 4155/4452/459 4156/4453/459 4158/4454/459 4157/4455/459
f 4167/4456/459 4168/4457/459 4170/4458/459 4169/4459/459
f 4161/4460/460 4162/4461/460 4160/4462/460 4159/4463/460
f 4156/4453/459 4155/4452/459 4163/4464/459 4164/4465/459
f 4157/4466/461 4161/4460/461 4159/4463/461 4155/4467/461
f 4162/4461/462 4158/4454/462 4156/4453/462 4160/4462/462
f 4166/4468/463 4165/4469/463 4164/4470/463 4163/4471/463
f 4155/4467/464 4159/4463/464 4166/4468/464 4163/4471/464
f 4160/4462/465 4156/4453/465 4164/4465/465 4165/4472/465
f 4159/4463/460 4160/4462/460 4165/4472/460 4166/4468/460
f 4173/4473/460 4174/4474/460 4172/4475/460 4171/4476/460
f 4169/4459/466 4173/4473/466 4171/4476/466 4167/4456/466
f 4174/4477/467 4170/4458/467 4168/4457/467 4172/4478/467
f 4175/4479/460 4177/4480/460 4178/4481/460 4176/4482/460
f 4187/4483/460 4189/4484/460 4190/4485/460 4188/4486/460
f 4181/4487/459 4179/4488/459 4180/4489/459 4182/4490/459
f 4176/4482/460 4184/4491/460 4183/4492/460 4175/4479/460
f 4177/4493/461 4175/4494/461 4179/4488/461 4181/4487/461
f 4182/4490/462 4180/4489/462 4176/4482/462 4178/4481/462
f 4186/4495/463 4183/4496/463 4184/4497/463 4185/4498/463
f 4175/4494/464 4183/4496/464 4186/4495/464 4179/4488/464
f 4180/4489/465 4185/4499/465 4184/4491/465 4176/4482/465
f 4179/4488/459 4186/4495/459 4185/4499/459 4180/4489/459
f 4193/4500/459 4191/4501/459 4192/4502/459 4194/4503/459
f 4189/4484/466 4187/4483/466 4191/4501/466 4193/4500/466
f 4194/4504/467 4192/4505/467 4188/4486/467 4190/4485/467
o Cube.010_Cube.011
v 0.190796 0.496961 -2.069664
v 0.190796 0.801539 -2.069664
v 0.183464 0.875204 -2.069664
v 0.162112 0.947561 -2.069664
v 0.132303 1.002102 -2.069664
v 0.097102 1.050707 -2.069664
v 0.061116 1.088904 -2.069664
v 0.023215 1.122721 -2.069664
v -0.190796 0.496961 -2.069664
v 0.000000 1.138791 -2.040765
v -0.000000 1.159104 -2.069801
v -0.190796 0.801539 -2.069664
v 0.000000 1.138791 -2.069664
v -0.183464 0.875204 -2.069664
v -0.162112 0.947561 -2.069664
v -0.132303 1.002102 -2.069664
v -0.097102 1.050707 -2.069664
v -0.061116 1.088904 -2.069664
v -0.023215 1.122721 -2.069664
v 0.210152 0.475816 -2.069801
v 0.030931 1.139512 -2.069801
v 0.073896 1.103247 -2.069801
v 0.111654 1.063170 -2.069801
v 0.148470 1.012334 -2.069801
v 0.179972 0.954696 -2.069801
v 0.202508 0.878326 -2.069801
v 0.210152 0.801529 -2.069801
v -0.210152 0.475816 -2.069801
v -0.030931 1.139512 -2.069801
v -0.073896 1.103247 -2.069801
v -0.111654 1.063170 -2.069801
v -0.148470 1.012334 -2.069801
v -0.179972 0.954696 -2.069801
v -0.202508 0.878326 -2.069801
v -0.210152 0.801529 -2.069801
v -0.023215 1.122721 -2.040765
v 0.190796 0.496961 -2.040765
v 0.023215 1.122721 -2.040765
v 0.061116 1.088904 -2.040765
v 0.097102 1.050707 -2.040765
v 0.132303 1.002102 -2.040765
v 0.162112 0.947561 -2.040765
v 0.183464 0.875204 -2.040765
v 0.190796 0.801539 -2.040765
v -0.190796 0.496961 -2.040765
v -0.061116 1.088904 -2.040765
v -0.097102 1.050707 -2.040765
v -0.132303 1.002102 -2.040765
v -0.162112 0.947561 -2.040765
v -0.183464 0.875204 -2.040765
v -0.190796 0.801539 -2.040765
vt 0.778758 0.520536
vt 0.781086 0.511306
vt 0.764641 0.511306
vt 0.761797 0.520536
vt 0.762136 0.501511
vt 0.755834 0.508395
vt 0.892681 0.508395
vt 0.886379 0.501511
vt 0.752614 0.520536
vt 0.747141 0.525883
vt 0.758680 0.525883
vt 0.760652 0.533478
vt 0.757726 0.528515
vt 0.747497 0.528515
vt 0.752503 0.533478
vt 0.777017 0.525883
vt 0.794905 0.525883
vt 0.796134 0.520536
vt 0.815179 0.525883
vt 0.815959 0.520536
vt 0.836373 0.525883
vt 0.836621 0.520536
vt 0.862369 0.525883
vt 0.861882 0.520536
vt 0.887195 0.525883
vt 0.886118 0.520536
vt 0.990250 0.525883
vt 0.982660 0.520536
vt 0.775880 0.533478
vt 0.774162 0.528515
vt 0.791834 0.533478
vt 0.790561 0.528515
vt 0.810445 0.533478
vt 0.809587 0.528515
vt 0.830459 0.533478
vt 0.830095 0.528515
vt 0.855752 0.533478
vt 0.856132 0.528515
vt 0.880788 0.533478
vt 0.881796 0.528515
vt 0.982144 0.533478
vt 0.990017 0.528515
vt 0.879753 0.550053
vt 0.980881 0.550053
vt 0.797974 0.511306
vt 0.763243 0.550053
vt 0.778072 0.550053
vt 0.817199 0.511306
vt 0.793591 0.550053
vt 0.837129 0.511306
vt 0.811655 0.550053
vt 0.861473 0.511306
vt 0.830927 0.550053
vt 0.885053 0.511306
vt 0.855326 0.550053
vt 0.755250 0.550053
vt 0.981343 0.511306
vt 0.755525 0.511306
vt 0.886379 0.492102
vt 0.762136 0.492102
vn -0.6658 -0.7462 0.0000
vn 0.0000 0.0065 -1.0000
vn -0.0043 -0.0065 -1.0000
vn 0.0043 -0.0065 -1.0000
vn -0.0049 -0.0056 -1.0000
vn -0.0052 -0.0049 -1.0000
vn -0.0058 -0.0042 -1.0000
vn -0.0063 -0.0034 -1.0000
vn -0.0069 -0.0020 -1.0000
vn -0.0071 -0.0007 -1.0000
vn -0.0071 0.0000 -1.0000
vn 0.0049 -0.0056 -1.0000
vn 0.0052 -0.0049 -1.0000
vn 0.0058 -0.0042 -1.0000
vn 0.0063 -0.0034 -1.0000
vn 0.0069 -0.0020 -1.0000
vn 0.0071 -0.0007 -1.0000
vn 0.0071 0.0000 -1.0000
vn 1.0000 0.0000 0.0000
vn -0.7279 -0.6857 0.0000
vn 0.6658 -0.7462 0.0000
vn -0.8099 -0.5866 0.0000
vn 0.7279 -0.6857 0.0000
vn -0.8775 -0.4796 0.0000
vn 0.8099 -0.5866 0.0000
vn -0.9591 -0.2830 0.0000
vn 0.8775 -0.4796 0.0000
vn -0.9951 -0.0990 0.0000
vn 0.9591 -0.2830 0.0000
vn 0.5691 -0.8222 0.0000
vn -1.0000 0.0000 0.0000
vn -0.5691 -0.8222 0.0000
vn 0.9951 -0.0990 0.0000
vn 0.0000 1.0000 0.0000
usemtl Mat2
s off
f 4201/4506/468 4233/4507/468 4232/4508/468 4202/4509/468
f 4195/4510/469 4214/4511/469 4222/4512/469 4203/4513/469
f 4207/4514/470 4205/4515/470 4215/4516/470 4202/4509/470
f 4213/4517/471 4223/4518/471 4205/4519/471 4207/4520/471
f 4202/4509/472 4215/4516/472 4216/4521/472 4201/4506/472
f 4201/4506/473 4216/4521/473 4217/4522/473 4200/4523/473
f 4200/4523/474 4217/4522/474 4218/4524/474 4199/4525/474
f 4199/4525/475 4218/4524/475 4219/4526/475 4198/4527/475
f 4198/4527/476 4219/4526/476 4220/4528/476 4197/4529/476
f 4197/4529/477 4220/4528/477 4221/4530/477 4196/4531/477
f 4196/4531/478 4221/4530/478 4214/4532/478 4195/4533/478
f 4212/4534/479 4224/4535/479 4223/4518/479 4213/4517/479
f 4211/4536/480 4225/4537/480 4224/4535/480 4212/4534/480
f 4210/4538/481 4226/4539/481 4225/4537/481 4211/4536/481
f 4209/4540/482 4227/4541/482 4226/4539/482 4210/4538/482
f 4208/4542/483 4228/4543/483 4227/4541/483 4209/4540/483
f 4206/4544/484 4229/4545/484 4228/4543/484 4208/4542/484
f 4203/4546/485 4222/4547/485 4229/4545/485 4206/4544/485
f 4206/4544/486 4245/4548/486 4239/4549/486 4203/4546/486
f 4200/4523/487 4234/4550/487 4233/4507/487 4201/4506/487
f 4213/4517/488 4230/4551/488 4240/4552/488 4212/4534/488
f 4199/4525/489 4235/4553/489 4234/4550/489 4200/4523/489
f 4212/4534/490 4240/4552/490 4241/4554/490 4211/4536/490
f 4198/4527/491 4236/4555/491 4235/4553/491 4199/4525/491
f 4211/4536/492 4241/4554/492 4242/4556/492 4210/4538/492
f 4197/4529/493 4237/4557/493 4236/4555/493 4198/4527/493
f 4210/4538/494 4242/4556/494 4243/4558/494 4209/4540/494
f 4196/4531/495 4238/4559/495 4237/4557/495 4197/4529/495
f 4209/4540/496 4243/4558/496 4244/4560/496 4208/4542/496
f 4207/4520/497 4204/4561/497 4230/4551/497 4213/4517/497
f 4195/4533/498 4231/4562/498 4238/4559/498 4196/4531/498
f 4202/4509/499 4232/4508/499 4204/4563/499 4207/4514/499
f 4208/4542/500 4244/4560/500 4245/4548/500 4206/4544/500
f 4195/4510/501 4203/4513/501 4239/4564/501 4231/4565/501
